year,month,route,stop_id,stop_name,municipality,total_boardings,pct_total_boardings,pct_route_boardings,latitude,longitude
2026,July,1,2530427,Williston Road at Mills Avenue,South Burlington,101,9.456131973897331e-4,0.004112042993241593,44.46454655929074,-73.1600798058771
2026,July,1,2562322,Downtown Transit Center,Burlington,6196,0.05801009278244343,0.2522595879814347,44.479731,-73.214298
2026,July,1,4254428,Pearl Street at Opposite North Champlain Street,Burlington,3,2.8087520714546528e-5,1.2213989088836414e-4,44.480227,-73.218169
2026,July,1,4255578,South Burlington City Center,South Burlington,218,0.0020410265052570476,0.008875498737887793,44.465916,-73.178304
2026,July,1,4255600,Market Street at Garden Street,South Burlington,279,0.002612139426452827,0.011359009852617865,44.464424,-73.175618
2026,July,1,4255601,Market Street at Hinesburg Road,South Burlington,64,5.992004419103259e-4,0.002605651005618435,44.46339,-73.172066
2026,July,1,4255602,Market Street at Garden Street,South Burlington,190,0.00177887631192128,0.007735526422929729,44.464565,-73.176005
2026,July,1,4255603,Market Street at Hinesburg Road,South Burlington,37,3.4641275547940716e-4,0.0015063919876231577,44.463335,-73.171739
2026,July,1,4255702,Hinesburg Road at Williston Road,South Burlington,91,8.519881283412447e-4,0.003704910023613712,44.465742,-73.171047
2026,July,1,4259370,South Burlington City Center,South Burlington,156,0.0014605510771564193,0.006351274326194935,44.465801,-73.178344
2026,July,1,4261912,Main Street at Pine Street,Burlington,386,0.003613927665271653,0.015715332627636185,44.475743,-73.215751
2026,July,1,4261913,Main Street at Church Street,Burlington,925,0.00866031888698518,0.03765979969057894,44.47588,-73.212288
2026,July,1,805486,Main Street at S. Union Street,Burlington,1307,0.012236796524637437,0.05321227913036398,44.47603,-73.20863
2026,July,1,805487,Main Street at S. Willard Street,Burlington,515,0.0048216910559971534,0.020967347935835844,44.476129,-73.205639
2026,July,1,805488,Main Street at S. Prospect Street,Burlington,220,0.002059751519066745,0.00895692533181337,44.476288,-73.200853
2026,July,1,805490,University Heights,Burlington,1062,0.009942982332949471,0.043237521374480906,44.474407,-73.194645
2026,July,1,805491,Dorset Street at Williston Road,South Burlington,16,1.4980011047758147e-4,6.514127514046088e-4,44.46822,-73.18168
2026,July,1,805492,Dorset Street at Peoples United Bank,South Burlington,57,5.33662893576384e-4,0.0023206579268789185,44.46717,-73.18152
2026,July,1,805493,University Mall,South Burlington,1635,0.015307698789427858,0.06656624053415845,44.464155,-73.183593
2026,July,1,805500,Williston Road at Heath Street,South Burlington,7,6.55375483339419e-5,2.849930787395163e-4,44.46633,-73.1689
2026,July,1,805501,Williston Road at Davis Parkway,South Burlington,7,6.55375483339419e-5,2.849930787395163e-4,44.46617,-73.16793
2026,July,1,805502,Williston Road at Hayden Parkway,South Burlington,9,8.426256214363958e-5,3.664196726650924e-4,44.46578,-73.16625
2026,July,1,805503,Williston Road at Elsom Parkway,South Burlington,5,4.6812534524244215e-5,2.0356648481394024e-4,44.46537,-73.16438
2026,July,1,805504,Williston Road at Victoria Drive,South Burlington,13,1.2171258976303495e-4,5.292728605162446e-4,44.46483,-73.16207
2026,July,1,805505,Williston Road at Mills Avenue,South Burlington,18,1.6852512428727916e-4,7.328393453301848e-4,44.46438,-73.16013
2026,July,1,805516,Hinesburg Road at Williston Road,South Burlington,516,0.004831053562902003,0.021008061232798633,44.46578,-73.17117
2026,July,1,805517,Hinesburg Road at Village Green Drive,South Burlington,253,0.0023687142469267573,0.010300464131585375,44.46477,-73.17097
2026,July,1,805529,Dorset Street at Barnes & Noble,South Burlington,1380,0.012920259528691403,0.056184349808647505,44.466905,-73.181203
2026,July,1,805530,Williston Road at Sheraton Hotel,South Burlington,234,0.002190826615734629,0.009526911489292402,44.471703,-73.188163
2026,July,1,805531,University Heights,Burlington,589,0.005514516566955968,0.02398013191108216,44.474675,-73.194658
2026,July,1,805533,Main Street at S. Willard Street,Burlington,26,2.434251795260699e-4,0.0010585457210324893,44.47623,-73.205
2026,July,1,805534,Main Street at S Union Street,Burlington,28,2.621501933357676e-4,0.0011399723149580652,44.47612,-73.20933
2026,July,1,805535,Main Street at Church Street,Burlington,31,2.902377140503141e-4,0.0012621122058464294,44.47602,-73.21237
2026,July,1,805536,Main Street at Pine Street,Burlington,21,1.966126450018257e-4,8.54979236218549e-4,44.47588,-73.2159
2026,July,1,805537,Battery Street at College Street,Burlington,30,2.8087520714546526e-4,0.0012213989088836414,44.47669,-73.218674
2026,July,1,805538,Battery Street at Cherry Street,Burlington,1,9.362506904848842e-6,4.071329696278805e-5,44.47899973630009,-73.21883190406265
2026,July,1,805867,Main Street at Summit Street,Burlington,185,0.001732063777397036,0.007531959938115789,44.4762026495925,-73.2025125186516
2026,July,1,805870,Main Street at Opposite Edmunds School,Burlington,26,2.434251795260699e-4,0.0010585457210324893,44.476195,-73.207487
2026,July,1,805875,Main Street at Opposite Summit Street,Burlington,58,5.430254004812329e-4,0.0023613712238417066,44.47635535963188,-73.20248690152883
2026,July,1,805895,Marshall Avenue at Harvest Lane,Williston,7,6.55375483339419e-5,2.849930787395163e-4,44.445714,-73.117377
2026,July,1,805896,Williston Road at N. Brownell Road,Williston,177,0.001657163722158245,0.007206253562413484,44.45493,-73.12297
2026,July,1,805904,Williston Road at S. Brownell Road,Williston,12,1.1235008285818611e-4,4.885595635534566e-4,44.455,-73.12343
2026,July,1,805943,University Mall at Stop sign at Hannafords,South Burlington,618,0.005786029267196584,0.025160817523003014,44.463252,-73.183412
2026,July,1,805946,Williston Road at Staples Plaza,South Burlington,172,0.0016103511876340009,0.007002687077599544,44.471708,-73.188722
2026,July,1,805947,Dorset Street at Blue Mall,South Burlington,701,0.006563117340299038,0.02854002117091442,44.46448,-73.18078
2026,July,1,805960,Williston Road at Kennedy Drive,South Burlington,45,4.213128107181979e-4,0.001832098363325462,44.46303,-73.15443
2026,July,1,805964,Marshall Avenue at Trader Lane,Williston,384,0.0035952026514619556,0.01563390603371061,44.44518,-73.1158
2026,July,1,805973,Marshall Avenue at Hannafords,Williston,20,1.8725013809697686e-4,8.14265939255761e-4,44.445047,-73.114986
2026,July,1,805974,Walmart,Williston,1720,0.01610351187634001,0.07002687077599544,44.442322707648174,-73.12123792821498
2026,July,1,805975,Williston Road at HoHum Motel,South Burlington,190,0.00177887631192128,0.007735526422929729,44.464255,-73.158906
2026,July,1,805976,Williston Road at Thrifty,South Burlington,357,0.0033424149650310366,0.014534647015715333,44.46355,-73.1558
2026,July,1,805977,Williston Road at Victory Drive,South Burlington,66,6.179254557200236e-4,0.002687077599544011,44.465096,-73.162601
2026,July,1,805978,Williston Road at Pillsbury Manor,South Burlington,47,4.400378245278956e-4,0.0019135249572510382,44.465579,-73.164727
2026,July,1,805996,Williston Road at Helena Drive,Williston,498,0.0046625284386147235,0.020275221887468445,44.45038,-73.11262
2026,July,1,805997,Williston Road at Blair Park Road,Williston,466,0.004362928217659561,0.01897239638465923,44.45255,-73.11755
2026,July,1,806011,Cherry Street at Opposite 3 Cathedral Square,Burlington,1,9.362506904848842e-6,4.071329696278805e-5,44.479106,-73.217703
2026,July,1,806043,Marshall Avenue at Gardeners Supply,Williston,2,1.8725013809697683e-5,8.14265939255761e-5,44.44588,-73.11962
2026,July,1,806045,Williston Road at Williston Liquidation Center,Williston,89,8.33263114531547e-4,0.003623483429688136,44.45728,-73.12797
2026,July,1,806064,Williston Road at Aviation Avenue,South Burlington,38,3.55775262384256e-4,0.0015471052845859457,44.46058,-73.14902
2026,July,1,806069,University Mall at Sears,South Burlington,487,0.004559540862661386,0.019827375620877778,44.463197,-73.18201
2026,July,1,806078,Williston Road at VT Tire,South Burlington,14,1.310750966678838e-4,5.699861574790326e-4,44.462,-73.15225
2026,July,1,806079,Williston Road at Ace Hardware,South Burlington,7,6.55375483339419e-5,2.849930787395163e-4,44.46055,-73.1492
2026,July,1,806080,Williston Road at Talent Skate Park,South Burlington,10,9.362506904848843e-5,4.071329696278805e-4,44.45882,-73.14568
2026,July,1,806081,Williston Road at Shunpike Road,South Burlington,4,3.7450027619395366e-5,1.628531878511522e-4,44.45842,-73.1429
2026,July,1,806082,Williston Road at Engineers Drive,Williston,12,1.1235008285818611e-4,4.885595635534566e-4,44.4582,-73.1327
2026,July,1,806083,Williston Road at Commerce Street,Williston,9,8.426256214363958e-5,3.664196726650924e-4,44.45337,-73.11968
2026,July,1,806084,Williston Road at Harvest Lane,Williston,19,1.77887631192128e-4,7.735526422929729e-4,44.4521,-73.11688
2026,July,1,806085,Williston Road at VT 2A,Williston,26,2.434251795260699e-4,0.0010585457210324893,44.45023,-73.11262
2026,July,1,806086,VT 2A at Key Bank,Williston,12,1.1235008285818611e-4,4.885595635534566e-4,44.44872,-73.11095
2026,July,1,806087,VT 2A at Wright Avenue,Williston,16,1.4980011047758147e-4,6.514127514046088e-4,44.44722,-73.11105
2026,July,1,806088,VT 2A at Marshall Avenue (Ponderosa),Williston,28,2.621501933357676e-4,0.0011399723149580652,44.444733,-73.112287
2026,July,1,806096,VT 2A at Connor Way,Williston,1006,0.009418681946277936,0.04095757674456477,44.446816,-73.110949
2026,July,1,806112,Williston Road at Miller Lane,Williston,114,0.001067325787152768,0.004641315853757837,44.45833,-73.13283
2026,July,1,806113,Williston Rd. at Valley Rd,South Burlington,148,0.0013856510219176286,0.006025567950492631,44.45853,-73.142534
2026,July,1,806114,Williston Road at Contact Communication,South Burlington,48,4.4940033143274445e-4,0.0019542382542138263,44.45962,-73.14707
2026,July,1,806115,Williston Road at Kennedy Drive,South Burlington,46,4.306753176230467e-4,0.0018728116602882501,44.462212,-73.152297
2026,July,1,806116,Williston Road at Stone House Commons,South Burlington,51,4.7748785214729095e-4,0.0020763781451021905,44.466486,-73.168721
2026,July,2,2562322,Downtown Transit Center,Burlington,5627,0.052682826353584435,0.24900433666696167,44.479731,-73.214298
2026,July,2,4209790,E Allen Street at Hillside Park,Winooski,189,0.0017695138050164312,0.008363571997521904,44.4930287162322,-73.1758636133916
2026,July,2,4260034,146 Colchester Avenue,Burlington,15,1.4043760357273263e-4,6.637755553588813e-4,44.48161,-73.194267
2026,July,2,805752,Pearl Street at Hungerford Terrace,Burlington,377,0.0035296651031280135,0.016682892291353217,44.480581,-73.207105
2026,July,2,805753,Pearl Street at S. Willard Street,Burlington,228,0.002134651574305536,0.010089388441454995,44.480612,-73.205833
2026,July,2,805754,Pearl Street at S Prospect Street (UHC),Burlington,158,0.001479276090966117,0.00699176918311355,44.480731,-73.201381
2026,July,2,805755,Colchester Avenue at Mansfield House,Burlington,129,0.0012077633907255007,0.005708469776086379,44.480579,-73.198914
2026,July,2,805756,Colchester Avenue at Fleming Museum,Burlington,73,6.834630040539655e-4,0.0032303743694132225,44.4805912625953,-73.1968665240963
2026,July,2,805757,UVM Medical Center,Burlington,2815,0.026355456937149493,0.12456854588901672,44.4786566641105,-73.1939696441803
2026,July,2,805758,Colchester Avenue at Latham Court,Burlington,41,3.8386278309880255e-4,0.0018143198513142756,44.482512,-73.191938
2026,July,2,805759,Colchester Avenue at Thibault Parkway,Burlington,39,3.6513776928910483e-4,0.0017258164439330915,44.483129,-73.190514
2026,July,2,805760,Colchester Avenue at 339,Burlington,20,1.8725013809697686e-4,8.850340738118418e-4,44.484018,-73.188415
2026,July,2,805761,Colchester Avenue at Chase Street,Burlington,26,2.434251795260699e-4,0.0011505442959553942,44.486436,-73.186976
2026,July,2,805762,Colchester Avenue at Barrett Street,Burlington,49,4.587628383375933e-4,0.0021683334808390124,44.487802,-73.186696
2026,July,2,805763,Winooski Falls/Champlain Mill,Winooski,398,0.0037262777481298394,0.01761217806885565,44.490191,-73.184595
2026,July,2,805765,College Parkway at Opposite Florida Avenue,Colchester,23,2.1533765881152336e-4,0.001017789184883618,44.493226,-73.170992
2026,July,2,805766,Saint Michael's College,Colchester,46,4.306753176230467e-4,0.002035578369767236,44.493011,-73.167889
2026,July,2,805767,College Parkway at Lime Kiln Road,Colchester,40,3.745002761939537e-4,0.0017700681476236835,44.492695,-73.163626
2026,July,2,805768,College Parkway at Fanny Allen Hospital,Colchester,226,0.0021159265604958383,0.010000885034073813,44.497364,-73.158333
2026,July,2,805769,Ethan Allen Avenue at University Lane,Colchester,58,5.430254004812329e-4,0.002566598814054341,44.502994,-73.151287
2026,July,2,805770,Ethan Allen Avenue at Catamount Lane,Colchester,62,5.804754281006282e-4,0.0027436056288167093,44.503446,-73.150975
2026,July,2,805771,Ethan Allen Avenue at VT Public TV,Colchester,81,7.583630592927562e-4,0.003584387998937959,44.50475,-73.149892
2026,July,2,805775,Ethan Allen Avenue at Opposite Green Mt. Nursing,Essex,75,7.021880178636632e-4,0.0033188777767944066,44.506784,-73.145364
2026,July,2,805776,Ethan Allen Avenue at Essex Avenue (Bld. #310),Essex,37,3.4641275547940716e-4,0.0016373130365519072,44.50543,-73.143241
2026,July,2,805777,Pearl Street at West Street Extension,Essex Junction,27,2.5278768643091876e-4,0.0011947959996459864,44.49952282479167,-73.13062824322117
2026,July,2,805778,Pearl Street at Opposite Complex 159,Essex Junction,18,1.6852512428727916e-4,7.965306664306576e-4,44.497858,-73.127775
2026,July,2,805779,Pearl Street at Opposite Willey's Court,Essex Junction,8,7.490005523879073e-5,3.5401362952473673e-4,44.4968059911076,-73.1254138552707
2026,July,2,805780,Pearl Street at KFC,Essex Junction,8,7.490005523879073e-5,3.5401362952473673e-4,44.496383,-73.124482
2026,July,2,805781,Pearl Street at Capital Lincoln,Essex Junction,68,6.366504695297213e-4,0.003009115850960262,44.495081,-73.121634
2026,July,2,805782,Pearl Street at Roscoe Court (Shopping Center),Essex Junction,41,3.8386278309880255e-4,0.0018143198513142756,44.494046,-73.119419
2026,July,2,805783,Pearl Street at Merchants Bank,Essex Junction,12,1.1235008285818611e-4,5.31020444287105e-4,44.492685,-73.11657
2026,July,2,805792,Amtrak,Essex Junction,1370,0.012826634459642914,0.06062483405611116,44.492655,-73.110355
2026,July,2,805793,Lincoln Street at Brownell Library,Essex Junction,425,0.003979065434560758,0.01880697406850164,44.49122,-73.11107
2026,July,2,805794,Pearl Street at Summit Street,Essex Junction,52,4.868503590521398e-4,0.0023010885919107884,44.492274,-73.1155
2026,July,2,805795,Pearl Street at Hillcrest Road (Jiffy Lube),Essex Junction,111,0.0010392382664382216,0.004911939109655722,44.493225,-73.117389
2026,July,2,805796,Pearl Street at Essex Junction Shopping Center.,Essex Junction,549,0.005140016290762014,0.024294185326135056,44.494521,-73.120046
2026,July,2,805797,Pearl Street at Gate A Fairgrounds,Essex Junction,488,0.004568903369566235,0.02159483140100894,44.4956,-73.122406
2026,July,2,805798,Pearl Street at Willey's Court,Essex Junction,153,0.001432463556441873,0.006770510664660589,44.49691,-73.125335
2026,July,2,805799,Pearl Street at Complex 159,Essex Junction,77,7.209130316733609e-4,0.0034073811841755907,44.497953,-73.127588
2026,July,2,805800,Pearl Street at West Street (U-Turn),Essex Junction,92,8.613506352460935e-4,0.004071156739534472,44.499922,-73.130796
2026,July,2,805801,Pearl Street at 197 Pearl Inc.,Essex Junction,91,8.519881283412447e-4,0.00402690503584388,44.50076,-73.132168
2026,July,2,805802,Pearl Street at Contois Music,Essex Junction,53,4.962128659569886e-4,0.0023453402956013806,44.501798,-73.133839
2026,July,2,805803,Pearl Street at 241 Pearl Apartments,Essex Junction,91,8.519881283412447e-4,0.00402690503584388,44.502877,-73.135618
2026,July,2,805804,Pearl Street at Susie Wilson Road,Essex,433,0.004053965489799549,0.019160987698026374,44.504157,-73.139286
2026,July,2,805805,Ethan Allen Avenue at Laurette Drive,Essex,210,0.001966126450018257,0.009292857775024338,44.504828,-73.142164
2026,July,2,805806,Ethan Allen Avenue at Green Mtn. Nursing,Colchester,108,0.001011150745723675,0.004779183998583946,44.506969,-73.145567
2026,July,2,805808,Ethan Allen Avenue at Sloane Hall,Colchester,67,6.272879626248724e-4,0.0029648641472696698,44.50465687088816,-73.15017664095814
2026,July,2,805809,Ethan Allen Avenue at Catamount Lane,Colchester,183,0.0017133387635873381,0.008098061775378352,44.504317,-73.150454
2026,July,2,805810,Ethan Allen Avenue at Barnes Avenue,Colchester,392,0.0036701027067007463,0.0173466678467121,44.502712,-73.15154
2026,July,2,805811,College Parkway at Cumberland Farms,Colchester,220,0.002059751519066745,0.009735374811930259,44.497571,-73.158398
2026,July,2,805812,College Parkway at Johnson Avenue,Colchester,257,0.0024061642745461524,0.011372687848482166,44.496917,-73.15976
2026,July,2,805813,College Parkway at Campus Rd. (Saint Mikes East Entrance),Colchester,381,0.003567115130747409,0.016859899106115586,44.4948981253552,-73.1618200255496
2026,July,2,805814,Saint Michael's College,Colchester,155,0.0014511885702515705,0.006859014072041774,44.49346454402722,-73.16288269076387
2026,July,2,805815,College Parkway at Campus Rd. (Saint Mikes West Entrance),Colchester,217,0.0020316639983521986,0.009602619700858484,44.493114,-73.166998
2026,July,2,805816,College Parkway at Florida Avenue,Colchester,142,0.0013294759804885355,0.006283741924064077,44.493376,-73.171038
2026,July,2,805817,E Allen Street at Dion Street,Winooski,282,0.0026402269471673735,0.012478980440746969,44.4932242751315,-73.1756392046093
2026,July,2,805819,Spinner Place/ Champlain Mill,Winooski,1497,0.014015672836558716,0.06624480042481636,44.4903075657594,-73.1848931831459
2026,July,2,805820,Colchester Avenue at Barrett Street,Burlington,306,0.002864927112883746,0.013541021329321178,44.48766,-73.186825
2026,July,2,805821,Colchester Avenue at Opposite Chase Street,Burlington,220,0.002059751519066745,0.009735374811930259,44.486574,-73.187045
2026,July,2,805822,Colchester Avenue at Nash Place,Burlington,68,6.366504695297213e-4,0.003009115850960262,44.483724,-73.189341
2026,July,2,805823,Colchester Avenue at UVM Trinty Campus,Burlington,43,4.025877969085002e-4,0.0019028232586954597,44.482849,-73.191372
2026,July,2,805824,Colchester Avenue at Mansfield Avenue,Burlington,114,0.001067325787152768,0.005044694220727498,44.480697,-73.198467
2026,July,2,805825,Pearl Street at N. Prospect Street,Burlington,81,7.583630592927562e-4,0.003584387998937959,44.480722,-73.200124
2026,July,2,805826,Pearl Street at N. Williams Street,Burlington,47,4.400378245278956e-4,0.0020798300734578283,44.480754,-73.203485
2026,July,2,805827,Pearl Street at N. Willard Street,Burlington,22,2.0597515190667453e-4,9.73537481193026e-4,44.480709,-73.205423
2026,July,2,805828,Pearl Street at Greene Street,Burlington,7,6.55375483339419e-5,3.097619258341446e-4,44.480637,-73.207642
2026,July,2,805829,Pearl Street at N Union Street,Burlington,17,1.5916261738243033e-4,7.522789627400655e-4,44.480617,-73.209172
2026,July,2,805886,Pearl Street at Hillcrest Road,Essex Junction,37,3.4641275547940716e-4,0.0016373130365519072,44.49273,-73.116386
2026,July,2,805954,Pearl Street at N Winooski Avenue,Burlington,925,0.00866031888698518,0.04093282591379768,44.48046,-73.21053
2026,July,2,805957,Global Foundries,Essex Junction,83,7.770880731024539e-4,0.0036728914063191434,44.478208,-73.100918
2026,July,2,806001,Colchester Avenue at VAS Clinic,Burlington,116,0.0010860508009624657,0.005133197628108682,44.480738,-73.197324
2026,July,2,806013,College Parkway at Camp Johnson,Colchester,113,0.0010579632802479191,0.005000442517036906,44.49880348515874,-73.1559835326247
2026,July,2,806027,Fort Ethan Allen/Elly-Long Music Building,Colchester,191,0.0017882388188261288,0.008452075404903088,44.505446,-73.149362
2026,July,2,806031,Abenaki Way at CCV,Winooski,393,0.003679465213605595,0.01739091955040269,44.4914,-73.18188
2026,July,2,806048,Ethan Allen Avenue at Winooski Road (#310),Essex,115,0.001076688294057617,0.00508894592441809,44.5056706154035,-73.143589963389
2026,July,2,806067,E Allen Street at Gadues Dry Cleaning,Winooski,334,0.0031270773062195135,0.014780069032657757,44.492057,-73.180731
2026,July,2,806068,Abenaki Way at Opposite CCV,Winooski,183,0.0017133387635873381,0.008098061775378352,44.49057554288402,-73.18206826541565
2026,July,2,806130,Ethan Allen Avenue at Rt. 15,Essex,73,6.834630040539655e-4,0.0032303743694132225,44.504827,-73.142277000000007
2026,July,4,805792,Amtrak,Essex Junction,153,0.001432463556441873,0.3533487297921478,44.492655,-73.110355
2026,July,4,805830,Main Street at Densmore Drive,Essex Junction,1,9.362506904848842e-6,0.0023094688221709007,44.49475,-73.10395
2026,July,4,805831,Main Street at #141,Essex Junction,7,6.55375483339419e-5,0.016166281755196306,44.49757,-73.09973
2026,July,4,805832,Main Street at Fairview Drive,Essex Junction,4,3.7450027619395366e-5,0.009237875288683603,44.49922,-73.09823
2026,July,4,805835,Essex Way at Post Office,Essex,7,6.55375483339419e-5,0.016166281755196306,44.507432,-73.078932
2026,July,4,805836,Center Road at Essex Way,Essex,10,9.362506904848843e-5,0.023094688221709007,44.510195,-73.078172
2026,July,4,805837,Route 15 at Saybrook Road,Essex,4,3.7450027619395366e-5,0.009237875288683603,44.510361,-73.074694
2026,July,4,805838,Route 15 at Sunset Drive,Essex,5,4.6812534524244215e-5,0.011547344110854504,44.51062,-73.06947
2026,July,4,805839,Route 15 at Opposite Essex Square,Essex,13,1.2171258976303495e-4,0.03002309468822171,44.51078,-73.06588
2026,July,4,805840,Essex Center,Essex,2,1.8725013809697683e-5,0.004618937644341801,44.51147,-73.06085
2026,July,4,805841,Route 15 at Essex Town Public Works,Essex,6,5.6175041429093056e-5,0.013856812933025405,44.51088,-73.05813
2026,July,4,805842,Sand Hill Road at Opposite Champlain Farms,Essex,3,2.8087520714546528e-5,0.006928406466512702,44.50812,-73.05488
2026,July,4,805843,Sand Hill Road at Essex Town Park,Essex,6,5.6175041429093056e-5,0.013856812933025405,44.50738,-73.05433
2026,July,4,805844,Sand Hill Road at Cemetery Road,Essex,2,1.8725013809697683e-5,0.004618937644341801,44.506594,-73.05374
2026,July,4,805845,Sand Hill Road at Foster Road,Essex,10,9.362506904848843e-5,0.023094688221709007,44.504439,-73.052051
2026,July,4,805846,Sand Hill Road at Founders Road,Essex,1,9.362506904848842e-6,0.0023094688221709007,44.5021,-73.05018
2026,July,4,805847,Sand Hill Road at Opposite Maple Lawn Drive,Essex,4,3.7450027619395366e-5,0.009237875288683603,44.50037,-73.04912
2026,July,4,805848,Sand Hill Road at Lasalle Road,Essex,3,2.8087520714546528e-5,0.006928406466512702,44.49745,-73.04948
2026,July,4,805850,Sand Hill Road at Allen Martin Parkway,Essex,1,9.362506904848842e-6,0.0023094688221709007,44.49185,-73.0501
2026,July,4,805851,Sand Hill Road at Opposite Offset House,Essex,4,3.7450027619395366e-5,0.009237875288683603,44.4912,-73.05018
2026,July,4,805852,Sand Hill Road at Oak Park,Essex,8,7.490005523879073e-5,0.018475750577367205,44.48924603059581,-73.05032915099912
2026,July,4,805858,River Road at Pinewood Drive,Essex,2,1.8725013809697683e-5,0.004618937644341801,44.48332,-73.07422
2026,July,4,805859,River Road at 83 River Road Apartments,Essex,5,4.6812534524244215e-5,0.011547344110854504,44.48335291971945,-73.076046147429
2026,July,4,805860,River Road at Valleyview Drive,Essex,7,6.55375483339419e-5,0.016166281755196306,44.483526,-73.079358
2026,July,4,805862,Maple Street at Lawton School,Essex Junction,1,9.362506904848842e-6,0.0023094688221709007,44.48602,-73.0998
2026,July,4,805863,Maple Street at Mansfield Avenue,Essex Junction,1,9.362506904848842e-6,0.0023094688221709007,44.48803,-73.10397
2026,July,4,805866,Maple Street at Railroad Street (Bushey's Sunoco),Essex Junction,5,4.6812534524244215e-5,0.011547344110854504,44.49012,-73.10942
2026,July,4,805887,Sand Hill Road at Greenbriar Road,Essex,4,3.7450027619395366e-5,0.009237875288683603,44.485313462223864,-73.04992254389322
2026,July,4,805913,Educational Drive at Main Street,Essex Junction,5,4.6812534524244215e-5,0.011547344110854504,44.494117,-73.106157
2026,July,4,805914,Essex Experience at McDonalds,Essex,15,1.4043760357273263e-4,0.03464203233256351,44.5076267390293,-73.0860646551367
2026,July,4,805915,Sand Hill Road at Tanglewood Road,Essex,6,5.6175041429093056e-5,0.013856812933025405,44.5057,-73.053
2026,July,4,805916,River Road at Pinewood Plaza,Essex,3,2.8087520714546528e-5,0.006928406466512702,44.48340130629136,-73.08151838214587
2026,July,4,805917,Maple Street at Maplewood Lane,Essex Junction,2,1.8725013809697683e-5,0.004618937644341801,44.4867,-73.10147
2026,July,4,806006,Essex Experience,Essex,46,4.306753176230467e-4,0.10623556581986143,44.507,-73.08072
2026,July,4,806007,Route 15 at Lyon Lane,Essex,8,7.490005523879073e-5,0.018475750577367205,44.51048,-73.0726
2026,July,4,806012,River Road at Citgo,Essex,3,2.8087520714546528e-5,0.006928406466512702,44.483426,-73.084564
2026,July,4,806037,Main Street at Brickyard Road,Essex Junction,7,6.55375483339419e-5,0.016166281755196306,44.495989,-73.102014
2026,July,4,806038,River Road at Maple Street,Essex Junction,4,3.7450027619395366e-5,0.009237875288683603,44.48417,-73.09515
2026,July,4,806070,River Road at Opposite #30,Essex,7,6.55375483339419e-5,0.016166281755196306,44.48357,-73.08663
2026,July,4,812017,Essex Experience-Hannaford,Essex,48,4.4940033143274445e-4,0.11085450346420324,44.506631,-73.084664
2026,July,5,2562322,Downtown Transit Center,Burlington,1761,0.01648737465943881,0.3819956616052061,44.479731,-73.214298
2026,July,5,2573649,194 St Paul Street (Eagles Landing),Burlington,60,5.617504142909305e-4,0.013015184381778741,44.474220989280326,-73.21381420717712
2026,July,5,4251888,Champlain Parkway at Home Ave,Burlington,193,0.0018069638326358266,0.04186550976138829,44.45162405,-73.217689578
2026,July,5,4251889,Champlain Parkway at Flynn Ave,Burlington,243,0.0022750891778782686,0.05271149674620391,44.455390433,-73.217056133
2026,July,5,4251891,Pine Street at Kilburn Street,Burlington,76,7.11550524768512e-4,0.01648590021691974,44.470969443,-73.21518026
2026,July,5,4261914,Lakeside Avenue at Champlain Parkway,Burlington,158,0.001479276090966117,0.03427331887201735,44.461236,-73.216272
2026,July,5,4261915,Champlain Parkway at Sears Lane,Burlington,33,3.089627278600118e-4,0.007158351409978308,44.459125,-73.216789
2026,July,5,805484,S. Winooski Avenue at Bank Street,Burlington,242,0.0022657266709734196,0.052494577006507594,44.478387,-73.211225
2026,July,5,805536,Main Street at Pine Street,Burlington,15,1.4043760357273263e-4,0.0032537960954446853,44.47588,-73.2159
2026,July,5,805537,Battery Street at College Street,Burlington,31,2.902377140503141e-4,0.006724511930585683,44.47669,-73.218674
2026,July,5,805538,Battery Street at Cherry Street,Burlington,2,1.8725013809697683e-5,4.338394793926247e-4,44.47899973630009,-73.21883190406265
2026,July,5,805665,Maple Street at St Paul Street,Burlington,131,0.0012264884045351983,0.02841648590021692,44.473688,-73.213657
2026,July,5,805724,Opposite 230 St Paul Street,Burlington,181,0.0016946137497776406,0.03926247288503254,44.4725758663786,-73.21387942650665
2026,July,5,805726,Pine Street Opposite Pine Place (Old Greyhound),Burlington,54,5.055753728618375e-4,0.011713665943600867,44.469792,-73.215209
2026,July,5,805727,Pine Street at Opposite Howard Street,Burlington,34,3.1832523476486065e-4,0.00737527114967462,44.46707,-73.215043
2026,July,5,805728,Pine Street at Burlington Electric Dept.,Burlington,54,5.055753728618375e-4,0.011713665943600867,44.463529,-73.214778
2026,July,5,805729,Pine Street at Opposite Birchcliff Parkway,Burlington,48,4.4940033143274445e-4,0.010412147505422993,44.459138,-73.214493
2026,July,5,805730,Pine Street at Long Trail Phys. Therapy,Burlington,55,5.149378797666863e-4,0.01193058568329718,44.457489,-73.214395
2026,July,5,805731,Howard Center,Burlington,88,8.239006076266981e-4,0.01908893709327549,44.45587805178482,-73.21433236507835
2026,July,5,805732,Pine Street at Lyman Avenue,Burlington,65,6.085629488151747e-4,0.014099783080260303,44.453353,-73.214448
2026,July,5,805733,Pine Street at Home Avenue,Burlington,112,0.0010486007733430704,0.024295010845986984,44.451123,-73.214484
2026,July,5,805745,Pine Street at Locust Street,Burlington,492,0.00460635339718563,0.10672451193058569,44.462799,-73.214615
2026,July,5,805746,Pine Street at Howard Street,Burlington,74,6.928255109588143e-4,0.016052060737527116,44.467066,-73.214898
2026,July,5,805747,230 St Paul Street,Burlington,219,0.0020503890121618966,0.047505422993492405,44.472639,-73.213734
2026,July,5,805906,S. Winooski Avenue at King Street,Burlington,137,0.0012826634459642914,0.029718004338394794,44.475317956005064,-73.21098945119671
2026,July,5,805918,Pine Street at Lakeside Avenue (Cumberland Farms),Burlington,52,4.868503590521398e-4,0.011279826464208243,44.460789,-73.214604
2026,July,6,2562322,Downtown Transit Center,Burlington,4895,0.045829471299235085,0.27296046394914403,44.479731,-73.214298
2026,July,6,4209791,Shelburne Road at Harrington Ave,Shelburne,218,0.0020410265052570476,0.012156359783639102,44.38334592099598,-73.22639409692734
2026,July,6,4254393,Shelburne Road at Opposite Prospect Parkway,Burlington,21,1.966126450018257e-4,0.001171025483745051,44.457375999999996,-73.20848
2026,July,6,4259665,5138 Shelburne Road,Shelburne,14,1.310750966678838e-4,7.806836558300341e-4,44.382721,-73.226898
2026,July,6,4262061,Shelburne Road at Hoover Street,Burlington,209,0.001956763943113408,0.011654491719176936,44.460749,-73.207956
2026,July,6,805484,S. Winooski Avenue at Bank Street,Burlington,738,0.006909530095778446,0.041153181285897504,44.478387,-73.211225
2026,July,6,805534,Main Street at S Union Street,Burlington,12,1.1235008285818611e-4,6.691574192828863e-4,44.47612,-73.20933
2026,July,6,805535,Main Street at Church Street,Burlington,25,2.3406267262122106e-4,0.0013940779568393465,44.47602,-73.21237
2026,July,6,805536,Main Street at Pine Street,Burlington,14,1.310750966678838e-4,7.806836558300341e-4,44.47588,-73.2159
2026,July,6,805537,Battery Street at College Street,Burlington,36,3.370502485745583e-4,0.002007472257848659,44.47669,-73.218674
2026,July,6,805538,Battery Street at Cherry Street,Burlington,5,4.6812534524244215e-5,2.788155913678693e-4,44.47899973630009,-73.21883190406265
2026,July,6,805539,S Union Street at Adams Street,Burlington,79,7.396380454830585e-4,0.004405286343612335,44.47232,-73.20881
2026,July,6,805540,S Union Street at Spruce Street,Burlington,87,8.145381007218493e-4,0.0048513912898009255,44.470663162357646,-73.20874371616048
2026,July,6,805541,S Union Street at Howard Street,Burlington,96,8.988006628654889e-4,0.00535325935426309,44.467451748434605,-73.20807407799322
2026,July,6,805542,S Union Street at St Paul Street,Burlington,67,6.272879626248724e-4,0.0037361289243294485,44.465256,-73.207703
2026,July,6,805544,Shelburne Road at Opposite Hoover Street,Burlington,85,7.958130869121516e-4,0.004739865053253778,44.46058,-73.20817
2026,July,6,805545,Shelburne Road at Birchcliff Parkway,Burlington,65,6.085629488151747e-4,0.003624602687782301,44.45862,-73.208362
2026,July,6,805546,Shelburne Road at Burlington Subaru,Burlington,37,3.4641275547940716e-4,0.002063235376122233,44.456321,-73.20858
2026,July,6,805547,Shelburne Road at Ferguson Avenue,Burlington,26,2.434251795260699e-4,0.0014498410751129203,44.453955,-73.208797
2026,July,6,805548,Shelburne Road at Lyman Avenue,Burlington,16,1.4980011047758147e-4,8.922098923771817e-4,44.45298,-73.20883
2026,July,6,805549,Shelburne Road at Scarff Avenue,Burlington,54,5.055753728618375e-4,0.0030112083867729882,44.451904,-73.208988
2026,July,6,805550,Shelburne Road at Home Avenue,Burlington,627,0.005870291829340224,0.03496347515753081,44.450357,-73.209121
2026,July,6,805551,Shelburne Road at Queen City Parkway,South Burlington,47,4.400378245278956e-4,0.0026208665588579715,44.445006,-73.209668
2026,July,6,805552,Shelburne Road at Opposite Brewer Parkway,South Burlington,145,0.001357563501203082,0.008085652149668209,44.44257,-73.20993
2026,July,6,805553,Shelburne Road at Fayette Road,South Burlington,218,0.0020410265052570476,0.012156359783639102,44.436915,-73.210534
2026,July,6,805554,Shelburne Road at Holmes Road,South Burlington,32,2.9960022095516293e-4,0.0017844197847543635,44.43293,-73.211
2026,July,6,805555,Shelburne Road at Bartlett Bay Road,South Burlington,10,9.362506904848843e-5,5.576311827357386e-4,44.42803,-73.21152
2026,July,6,805556,Shelburne Road at Harbor View Road,South Burlington,32,2.9960022095516293e-4,0.0017844197847543635,44.42382,-73.21195
2026,July,6,805557,Shelburne Road at Opposite Allen Road,South Burlington,45,4.213128107181979e-4,0.0025093403223108235,44.42202,-73.21215
2026,July,6,805558,Shelburne Road at Pine Haven Shores Road,Shelburne,38,3.55775262384256e-4,0.002118998494395807,44.4188,-73.2127
2026,July,6,805559,Shelburne Road at Opposite Martindale,Shelburne,16,1.4980011047758147e-4,8.922098923771817e-4,44.4167,-73.2134
2026,July,6,805560,Shelburne Road at Palmer Court,Shelburne,26,2.434251795260699e-4,0.0014498410751129203,44.41318,-73.21455
2026,July,6,805561,Shelburne Road at Lakeview Drive,Shelburne,38,3.55775262384256e-4,0.002118998494395807,44.41193,-73.21497
2026,July,6,805563,Shelburne Road at Bay Road,Shelburne,46,4.306753176230467e-4,0.0025651034405843975,44.4057,-73.21698
2026,July,6,805564,Shelburne Road at Green Mountain Kenworth,Shelburne,9,8.426256214363958e-5,5.018680644621647e-4,44.40277,-73.2179
2026,July,6,805565,Shelburne Road at Tenneybrook Square,Shelburne,5,4.6812534524244215e-5,2.788155913678693e-4,44.40097,-73.21848
2026,July,6,805566,Shelburne Road at Opposite Longmeadow Drive (The Commons),Shelburne,36,3.370502485745583e-4,0.002007472257848659,44.3959070841938,-73.2201433163049
2026,July,6,805568,Shelburne Road at Town Office,Shelburne,81,7.583630592927562e-4,0.004516812580159482,44.37908,-73.22825
2026,July,6,805569,Shelburne Museum,Shelburne,95,8.8943815596064e-4,0.005297496235989517,44.37672,-73.22913
2026,July,6,805570,Shelburne Road at Museum Main Gate,Shelburne,54,5.055753728618375e-4,0.0030112083867729882,44.37188,-73.23092
2026,July,6,805571,Marsett Road at Green Hills Drive,Shelburne,42,3.932252900036514e-4,0.002342050967490102,44.36972,-73.22888
2026,July,6,805572,Marsett Road at Maplewood Drive,Shelburne,34,3.1832523476486065e-4,0.0018959460213015113,44.36992,-73.22743
2026,July,6,805573,Marsett Road at Falls Roadd,Shelburne,19,1.77887631192128e-4,0.0010594992471979034,44.370314,-73.224723
2026,July,6,805574,Falls Road at Shelburne Shopping Park,Shelburne,147,0.0013762885150127799,0.008197178386215358,44.37948,-73.22692
2026,July,6,805576,Shelburne Road at Webster Road,Shelburne,67,6.272879626248724e-4,0.0037361289243294485,44.38762,-73.22465
2026,July,6,805577,Shelburne Road at Dutch Mill,Shelburne,188,0.0017601512981115825,0.010483466235431886,44.3937,-73.22055
2026,July,6,805578,Shelburne Road at Longmeadow Drive,Shelburne,180,0.0016852512428727916,0.010037361289243294,44.39648,-73.21962
2026,July,6,805579,Shelburne Road at Opposite Tenneybrook,Shelburne,26,2.434251795260699e-4,0.0014498410751129203,44.40157,-73.218
2026,July,6,805580,Shelburne Road at Opposite Shed Sales Antiques,Shelburne,54,5.055753728618375e-4,0.0030112083867729882,44.40338,-73.21745
2026,July,6,805581,Shelburne Road at Executive Drive,Shelburne,420,0.003932252900036514,0.02342050967490102,44.40637,-73.2165
2026,July,6,805583,Shelburne Road at Hullcrest Road,Shelburne,275,0.002574689398833432,0.01533485752523281,44.41257684917089,-73.21445643594137
2026,July,6,805584,Shelburne Road at Juniper Ridge,Shelburne,124,0.0011609508562012564,0.006914626665923159,44.41375,-73.21407
2026,July,6,805585,Shelburne Road at Martindale Road,Shelburne,223,0.0020878390397812917,0.01243517537500697,44.41737,-73.21288
2026,July,6,805586,Shelburne Road at Locust Hill,Shelburne,212,0.0019848514638279545,0.011821781073997659,44.41945,-73.21218
2026,July,6,805587,Shelburne Road at Allen Road,South Burlington,683,0.006394592216011759,0.03808620978085094,44.4227,-73.21175
2026,July,6,805588,Shelburne Road at Green Mtn. Drive,South Burlington,170,0.001591626173824303,0.009479730106507557,44.42875,-73.21112
2026,July,6,805589,Shelburne Road at IDX Drive,South Burlington,154,0.0014418260633467218,0.008587520214130374,44.43377,-73.21058
2026,July,6,805590,Shelburne Road at Sleepquarters,South Burlington,91,8.519881283412447e-4,0.0050744437628952215,44.4351,-73.21048
2026,July,6,805591,Shelburne Road at MacIntosh Drive,South Burlington,210,0.001966126450018257,0.01171025483745051,44.43715,-73.21028
2026,July,6,805592,Shelburne Road at Baldwin Avenue,South Burlington,424,0.003969702927655909,0.023643562147995317,44.438626,-73.210108
2026,July,6,805593,Shelburne Road at Laurel Hill Drive,South Burlington,345,0.0032300648821728508,0.01923827580438298,44.441249,-73.20983
2026,July,6,805594,Shelburne Road at Lindenwood Drive,South Burlington,516,0.004831053562902003,0.02877376902916411,44.444169,-73.209501
2026,July,6,805595,Shelburne Road at Farrell Street,South Burlington,2143,0.02006385229709107,0.11950036246026878,44.450421,-73.208905
2026,July,6,805596,Shelburne Road at Hadley Road,South Burlington,306,0.002864927112883746,0.0170635141917136,44.452346,-73.208731
2026,July,6,805597,Shelburne Road at Proctor Avenue,South Burlington,195,0.0018256888464455244,0.010873808063346903,44.4549625141176,-73.2084395754862
2026,July,6,805598,Shelburne Road at Kinney Drugs,Burlington,89,8.33263114531547e-4,0.0049629175263480735,44.456778,-73.208325
2026,July,6,805599,Shelburne Road at Clymer Street,Burlington,81,7.583630592927562e-4,0.004516812580159482,44.458365,-73.208201
2026,July,6,805601,South Union Street at Opposite Saint Paul Street,Burlington,79,7.396380454830585e-4,0.004405286343612335,44.465356,-73.207568
2026,July,6,805602,S Union Street at Howard Street,Burlington,58,5.430254004812329e-4,0.003234260859867284,44.4672,-73.20783
2026,July,6,805603,S Union Street at Bayview Court,Burlington,46,4.306753176230467e-4,0.0025651034405843975,44.46843,-73.20813
2026,July,6,805604,S Union Street at Spruce Street,Burlington,55,5.149378797666863e-4,0.0030669715050465622,44.470452,-73.208604
2026,July,6,805605,S Union Street at Maple Street,Burlington,8,7.490005523879073e-5,4.4610494618859087e-4,44.47378,-73.2088
2026,July,6,805606,S Union Street at Opposite King Street,Burlington,8,7.490005523879073e-5,4.4610494618859087e-4,44.47498,-73.20885
2026,July,6,805871,Shelburne Road at Flynn Avenue,Burlington,67,6.272879626248724e-4,0.0037361289243294485,44.455267466135794,-73.20861765878698
2026,July,6,805872,Shelburne Road at Hannaford Drive (Olive Garden),South Burlington,90,8.426256214363958e-4,0.005018680644621647,44.440723,-73.210134
2026,July,6,805873,Shelburne Road at Opposite Baldwin Avenue,South Burlington,99,9.268881835800353e-4,0.005520548709083812,44.438538,-73.210366
2026,July,6,805876,S Union Street at Opposite Bayview Street,Burlington,94,8.800756490557912e-4,0.005241733117715943,44.4685615194674,-73.2083037554183
2026,July,6,805889,Falls Road at LaPlatte Circle,Shelburne,54,5.055753728618375e-4,0.0030112083867729882,44.3722,-73.22502
2026,July,6,805906,S. Winooski Avenue at King Street,Burlington,937,0.008772668969843364,0.05225004182233871,44.475317956005064,-73.21098945119671
2026,July,6,805907,Shelburne Road at Harbor Road,Shelburne,18,1.6852512428727916e-4,0.0010037361289243294,44.380805,-73.227544
2026,July,6,805908,Maple Street at Union Street,Burlington,240,0.002247001657163722,0.013383148385657725,44.47377,-73.20912
2026,July,6,805911,Shelburne Road at Alfred Street,Burlington,98,9.175256766751866e-4,0.005464785590810238,44.459642,-73.20808
2026,July,6,805912,Vermont Teddy Bear Factory,Shelburne,5,4.6812534524244215e-5,2.788155913678693e-4,44.36152,-73.23055
2026,July,6,806011,Cherry Street at Opposite 3 Cathedral Square,Burlington,2,1.8725013809697683e-5,1.1152623654714772e-4,44.479106,-73.217703
2026,July,6,806025,Shelburne Road at Bostwick Road,Shelburne,63,5.898379350054771e-4,0.003513076451235153,44.36995,-73.23162
2026,July,6,806028,Shelburne Road at Opposite Webster Road (Office Park),Shelburne,18,1.6852512428727916e-4,0.0010037361289243294,44.38795,-73.22467
2026,July,6,806041,5224 Shelburne Road,Shelburne,9,8.426256214363958e-5,5.018680644621647e-4,44.381457,-73.227305
2026,July,6,820638,Shelburne Road at Locust Street,Burlington,68,6.366504695297213e-4,0.0037918920426030225,44.463741453424014,-73.2078657103599
2026,July,7,2562322,Downtown Transit Center,Burlington,4004,0.037487477647014766,0.30354029262375865,44.479731,-73.214298
2026,July,7,805607,Pearl Street at Elmwood Avenue,Burlington,25,2.3406267262122106e-4,0.00189523159730119,44.480451,-73.213722
2026,July,7,805610,North Street at Elmwood Avenue,Burlington,221,0.002069114025971594,0.016753847320142522,44.48478,-73.21363
2026,July,7,805669,North Street at Opposite Murray Street,Burlington,162,0.0015167261185855124,0.012281100750511713,44.48468,-73.21585
2026,July,7,805670,North Street at N. Champlain Street,Burlington,142,0.0013294759804885355,0.01076491547267076,44.48464,-73.21755
2026,July,7,805671,North Street at Blodgett Street,Burlington,153,0.001432463556441873,0.011598817375483284,44.48448,-73.22113
2026,July,7,805672,North Avenue at Strong Street,Burlington,130,0.0012171258976303495,0.00985520430596619,44.48555,-73.22318
2026,July,7,805673,North Avenue at Washington Street,Burlington,95,8.8943815596064e-4,0.007201880069744523,44.48783,-73.22497
2026,July,7,805675,North Ave at Opposite Cambrian Rise,Burlington,167,0.0015635386531097568,0.01266014706997195,44.490374789966715,-73.22694498290925
2026,July,7,805676,North Avenue at Opposite Lakeview Cem.,Burlington,69,6.460129764345701e-4,0.005230839208551285,44.49305,-73.22907
2026,July,7,805677,Opposite Burlington High School,Burlington,89,8.33263114531547e-4,0.006747024486392237,44.497347,-73.232414
2026,July,7,805678,North Avenue at Beltline,Burlington,6,5.6175041429093056e-5,4.5485558335228563e-4,44.50003,-73.23538
2026,July,7,805679,North Avenue at Saratoga Avenue,Burlington,7,6.55375483339419e-5,5.306648472443333e-4,44.502521,-73.238743
2026,July,7,805680,North Avenue at Village Green,Burlington,16,1.4980011047758147e-4,0.0012129482222727618,44.503302,-73.239826
2026,July,7,805681,North Avenue at Rite Aid,Burlington,80,7.490005523879074e-4,0.006064741111363809,44.50468,-73.24163
2026,July,7,805682,Opposite Ethan Allen Shopping Center,Burlington,453,0.004241215627896525,0.03434159654309757,44.50669307103158,-73.24436667857378
2026,July,7,805683,North Avenue at Poirier Place,Burlington,120,0.001123500828581861,0.009097111667045714,44.508373,-73.2467
2026,July,7,805684,North Avenue at Heineberg Road,Burlington,77,7.209130316733609e-4,0.0058373133196876655,44.509442,-73.248161
2026,July,7,805685,North Avenue at Gosse Court,Burlington,54,5.055753728618375e-4,0.0040937002501705705,44.51062,-73.24977
2026,July,7,805686,North Avenue at Bessery Market,Burlington,163,0.0015260886254903612,0.01235691001440376,44.51227,-73.25198
2026,July,7,805687,North Avenue at Edgemoor Drive,Burlington,76,7.11550524768512e-4,0.005761504055795618,44.51292,-73.25287
2026,July,7,805688,North Avenue at Cayuga Court,Burlington,76,7.11550524768512e-4,0.005761504055795618,44.51372,-73.25393
2026,July,7,805689,North Avenue at Birch Court,Burlington,125,0.0011703133631061054,0.00947615798650595,44.51433,-73.25475
2026,July,7,805690,North Avenue at Franklin Sq.,Burlington,271,0.0025372393712140362,0.020544310514744903,44.515150248912775,-73.25586414915972
2026,July,7,805692,North Avenue at Morgan Street,Burlington,14,1.310750966678838e-4,0.0010613296944886666,44.52015,-73.26265
2026,July,7,805695,North Avenue at Northgate Road,Burlington,769,0.00719976780982876,0.05829732393298461,44.52059866074774,-73.26343139125463
2026,July,7,805696,North Avenue at Opposite Algird Street,Burlington,238,0.0022282766433540245,0.01804260480630733,44.51935,-73.26173
2026,July,7,805697,North Avenue at Browe Court,Burlington,89,8.33263114531547e-4,0.006747024486392237,44.51855,-73.26067
2026,July,7,805698,North Avenue at Starr Farm Road,Burlington,217,0.0020316639983521986,0.016450610264574332,44.5172,-73.25882
2026,July,7,805699,North Avenue at Loaldo Drive,Burlington,155,0.0014511885702515705,0.01175043590326738,44.51486646173666,-73.25575626842328
2026,July,7,805700,North Avenue at Cross Parkway,Burlington,80,7.490005523879074e-4,0.006064741111363809,44.51327591364524,-73.2535893886282
2026,July,7,805701,North Avenue at Staniford Road,Burlington,103,9.643382111994308e-4,0.007808354180880904,44.512482637184064,-73.25249088947282
2026,July,7,805702,North Avenue at Woodbury Road,Burlington,236,0.002209551629544327,0.017890986278523237,44.51177,-73.2515
2026,July,7,805703,North Avenue at Dodds Court,Burlington,127,0.001189038376915803,0.009627776514290046,44.510541541785194,-73.24989447764318
2026,July,7,805704,North Avenue at Shore Road,Burlington,184,0.001722701270492187,0.01394890455613676,44.509482,-73.248476
2026,July,7,805705,North Avenue at Dept. Motor Vehicles,Burlington,291,0.002724489509311013,0.022060495792585854,44.508268,-73.246789
2026,July,7,805706,Ethan Allen Shopping Center,Burlington,770,0.007209130316733608,0.05837313319687666,44.506523,-73.244415
2026,July,7,805707,North Avenue at Lakewood Parkway,Burlington,301,0.0028181145783595014,0.02281858843150633,44.504869,-73.242206
2026,July,7,805708,North Avenue at Killarney Drive,Burlington,113,0.0010579632802479191,0.00856644681980138,44.503349,-73.240156
2026,July,7,805709,North Avenue at Oppostie Saratoga Ave. (Elk's Lodge),Burlington,74,6.928255109588143e-4,0.005609885528011523,44.50261,-73.239132
2026,July,7,805710,North Avenue at Route 127,Burlington,26,2.434251795260699e-4,0.0019710408611932377,44.501077,-73.237206
2026,July,7,805711,Burlington High School,Burlington,220,0.002059751519066745,0.016678038056250472,44.497539,-73.232767
2026,July,7,805713,North Ave at Cambrian Rise,Burlington,392,0.0036701027067007463,0.02971723144568266,44.48977976148372,-73.22669459131767
2026,July,7,805715,North Avenue at Berry Street,Burlington,117,0.0010954133078673145,0.00886968387536957,44.487623,-73.224958
2026,July,7,805716,North Avenue at Opposite Ward Street,Burlington,43,4.025877969085002e-4,0.0032597983473580472,44.486342,-73.223938
2026,July,7,805717,North Avenue at Canfield Street,Burlington,99,9.268881835800353e-4,0.007505117125312713,44.48527,-73.2231
2026,July,7,805718,North Street at Front Street,Burlington,148,0.0013856510219176286,0.011219771056023045,44.484442,-73.220842
2026,July,7,805719,North Street at N. Champlain Street,Burlington,34,3.1832523476486065e-4,0.0025775149723296187,44.4845449143604,-73.21810361126342
2026,July,7,805720,North Street at Murray Street,Burlington,44,4.1195030381334906e-4,0.003335607611250095,44.48462,-73.216134
2026,July,7,805721,North Street at Elmwood Avenue,Burlington,35,3.276877416697095e-4,0.0026533242362216662,44.484724,-73.213421
2026,July,7,805722,No. Winooski Avenue at Grant Street,Burlington,9,8.426256214363958e-5,6.822833750284285e-4,44.48238,-73.21138
2026,July,7,805879,North Avenue at Algird Street,Burlington,36,3.370502485745583e-4,0.002729133500113714,44.51945,-73.26172
2026,July,7,805880,North Avenue at Green Acres Drive,Burlington,66,6.179254557200236e-4,0.005003411416875142,44.51383554132112,-73.25433910719357
2026,July,7,805881,North Street at N. Winooski Avenue,Burlington,24,2.2470016571637222e-4,0.0018194223334091425,44.484763,-73.21159
2026,July,7,805949,N Union Street at Pearl Street,Burlington,264,0.0024717018228800946,0.02001364566750057,44.48083,-73.2093
2026,July,7,805950,N Union Street at Loomis Street,Burlington,126,0.0011796758700109542,0.009551967250397999,44.48292,-73.20945
2026,July,7,805951,N Union Street at North Street,Burlington,111,0.0010392382664382216,0.008414828292017285,44.48458,-73.20957
2026,July,7,805952,North Street at N Winooski Avenue,Burlington,106,9.924257319139772e-4,0.008035781972557046,44.48485,-73.21115
2026,July,7,805953,North Avenue at Barley Road,Burlington,60,5.617504142909305e-4,0.004548555833522857,44.51807,-73.25985
2026,July,7,805954,Pearl Street at N Winooski Avenue,Burlington,196,0.0018350513533503731,0.01485861572284133,44.48046,-73.21053
2026,July,7,805955,Burlington High School Circle,Burlington,10,9.362506904848843e-5,7.580926389204761e-4,44.4973299,-73.233234
2026,July,7,805956,North Avenue at Tracy Drive,Burlington,252,0.0023593517400219083,0.019103934500795998,44.5159084205904,-73.25714573796444
2026,July,7,805993,North Avenue at Lakeview Cemetery,Burlington,99,9.268881835800353e-4,0.007505117125312713,44.492721535987414,-73.22897998070101
2026,July,7,805994,North Street at Park Street,Burlington,30,2.8087520714546526e-4,0.0022742779167614284,44.484472,-73.21905
2026,July,7,806009,Heineberg Housing,Burlington,66,6.179254557200236e-4,0.005003411416875142,44.5107483,-73.246847
2026,July,7,806071,North Avenue at N of Institute Road,Burlington,36,3.370502485745583e-4,0.002729133500113714,44.4988638777257,-73.23408881833916
2026,July,8,2556011,N Champlain Street and Peru Street,Burlington,27,2.5278768643091876e-4,0.015561959654178675,44.48262463352549,-73.21751852446796
2026,July,8,2562322,Downtown Transit Center,Burlington,649,0.006076266981246898,0.3740634005763689,44.479731,-73.214298
2026,July,8,805537,Battery Street at College Street,Burlington,8,7.490005523879073e-5,0.004610951008645533,44.47669,-73.218674
2026,July,8,805538,Battery Street at Cherry Street,Burlington,2,1.8725013809697683e-5,0.0011527377521613833,44.47899973630009,-73.21883190406265
2026,July,8,805647,Pearl Street at N. Champlain Street,Burlington,39,3.6513776928910483e-4,0.022478386167146973,44.4804,-73.21682
2026,July,8,805648,N Union Street at N Winooski Avenue,Burlington,146,0.001366926008107931,0.08414985590778098,44.4861,-73.20968
2026,July,8,805649,N Winooski Avenue at Archibald Street,Burlington,82,7.677255661976051e-4,0.04726224783861672,44.48767,-73.2081
2026,July,8,805650,Archibald Street at N Willard Street,Burlington,24,2.2470016571637222e-4,0.0138328530259366,44.488026,-73.206167
2026,July,8,805651,Archibald Street at N Prospect Street,Burlington,17,1.5916261738243033e-4,0.009798270893371758,44.4877,-73.20227
2026,July,8,805652,N Prospect Street at Colonial Square,Burlington,21,1.966126450018257e-4,0.012103746397694525,44.48697,-73.20195
2026,July,8,805653,N Prospect Street at Pearl Street,Burlington,5,4.6812534524244215e-5,0.002881844380403458,44.48102,-73.20082
2026,July,8,805654,UHC Main Lobby,Burlington,37,3.4641275547940716e-4,0.02132564841498559,44.4793798194986,-73.2006045824597
2026,July,8,805655,UVM Waterman Building,Burlington,37,3.4641275547940716e-4,0.02132564841498559,44.478071432337174,-73.20062330888942
2026,July,8,805656,S Prospect Street at Maple Street,Burlington,51,4.7748785214729095e-4,0.029394812680115272,44.47423,-73.200632
2026,July,8,805660,Maple Street at South Willard Street,Burlington,12,1.1235008285818611e-4,0.0069164265129683,44.474047415860184,-73.20512136998575
2026,July,8,805662,Maple Street at S. Union Street,Burlington,4,3.7450027619395366e-5,0.0023054755043227667,44.473884,-73.20868
2026,July,8,805663,Maple Street at S. Winooski Avenue,Burlington,8,7.490005523879073e-5,0.004610951008645533,44.47383,-73.210641
2026,July,8,805664,Maple Street at Church Street,Burlington,10,9.362506904848843e-5,0.005763688760806916,44.473771,-73.212224
2026,July,8,805665,Maple Street at St Paul Street,Burlington,15,1.4043760357273263e-4,0.008645533141210375,44.473688,-73.213657
2026,July,8,805666,Maple Street at Pine Street,Burlington,23,2.1533765881152336e-4,0.013256484149855908,44.473622,-73.21523
2026,July,8,805667,Maple Street at Battery St,Burlington,83,7.770880731024539e-4,0.047838616714697406,44.473558,-73.217914
2026,July,8,805668,Battery Street at King Street,Burlington,9,8.426256214363958e-5,0.005187319884726225,44.474485,-73.218508
2026,July,8,805720,North Street at Murray Street,Burlington,55,5.149378797666863e-4,0.03170028818443804,44.48462,-73.216134
2026,July,8,805721,North Street at Elmwood Avenue,Burlington,47,4.400378245278956e-4,0.027089337175792507,44.484724,-73.213421
2026,July,8,805877,North Street at North Union Street,Burlington,20,1.8725013809697686e-4,0.011527377521613832,44.484805,-73.209904
2026,July,8,805878,Battery Street at Main Street,Burlington,1,9.362506904848842e-6,5.763688760806917e-4,44.47538,-73.21857
2026,July,8,805881,North Street at N. Winooski Avenue,Burlington,14,1.310750966678838e-4,0.008069164265129682,44.484763,-73.21159
2026,July,8,805920,N Prospect Street at Loomis Street,Burlington,7,6.55375483339419e-5,0.004034582132564841,44.483159711608565,-73.20123838453912
2026,July,8,805999,N Prospect Street at North Street,Burlington,5,4.6812534524244215e-5,0.002881844380403458,44.485126,-73.201598
2026,July,8,806005,N Prospect Street at Henry Street,Burlington,8,7.490005523879073e-5,0.004610951008645533,44.484314,-73.201458
2026,July,8,806029,Fern Hill,Burlington,120,0.001123500828581861,0.069164265129683,44.48710922696219,-73.20080938773157
2026,July,8,806030,McAuley Square,Burlington,149,0.0013950135288224774,0.08587896253602305,44.48485932111906,-73.197974635582
2026,July,9,2535799,Pine St at Hickock St,Winooski,128,0.0011984008838206517,0.01376492095924293,44.497364,-73.196294
2026,July,9,2562322,Downtown Transit Center,Burlington,3866,0.036195451694145626,0.4157436283471341,44.479731,-73.214298
2026,July,9,4262062,West Spring Street at Mallets Bay Avenue,Winooski,47,4.400378245278956e-4,0.005054306914722013,44.49522,-73.19227
2026,July,9,805607,Pearl Street at Elmwood Avenue,Burlington,4,3.7450027619395366e-5,4.3015377997634156e-4,44.480451,-73.213722
2026,July,9,805608,Elmwood Avenue at Elmwood Center,Burlington,40,3.745002761939537e-4,0.0043015377997634155,44.48132,-73.21352
2026,July,9,805609,Elmwood Avenue at Opposite Peru Street,Burlington,65,6.085629488151747e-4,0.00698999892461555,44.48258,-73.21362
2026,July,9,805611,Elmwood Avenue at Spring Street,Burlington,52,4.868503590521398e-4,0.00559199913969244,44.487349,-73.214014
2026,July,9,805612,Archibald Street at Walnut Street,Burlington,80,7.490005523879074e-4,0.008603075599526831,44.487673,-73.213751
2026,July,9,805613,Archibald Street at Intervale Avenue,Burlington,45,4.213128107181979e-4,0.0048392300247338425,44.48778,-73.21147
2026,July,9,805614,Intervale Avenue at Opposite Willow Street,Burlington,43,4.025877969085002e-4,0.004624153134745672,44.48863,-73.21042
2026,July,9,805615,Intervale Avenue at Riverside Avenue,Burlington,48,4.4940033143274445e-4,0.005161845359716099,44.4893,-73.20985
2026,July,9,805616,Riverside Avenue at Bright Street,Burlington,80,7.490005523879074e-4,0.008603075599526831,44.48947,-73.20833
2026,July,9,805617,Community Health Center,Burlington,137,0.0012826634459642914,0.014732766964189698,44.489602490295084,-73.20611120741472
2026,July,9,805618,Riverside Avenue at N. Prospect Street,Burlington,25,2.3406267262122106e-4,0.0026884611248521348,44.48868651,-73.20182517
2026,July,9,805619,Riverside Avenue at Koffee Kup Bakery,Burlington,21,1.966126450018257e-4,0.002258307344875793,44.488130016524465,-73.19872632257795
2026,July,9,805620,Riverside Avenue at Salmon Run,Burlington,83,7.770880731024539e-4,0.008925690934509086,44.48641,-73.191726
2026,July,9,805623,Main Street at La Fountain Street,Winooski,37,3.4641275547940716e-4,0.003978922464781159,44.49665,-73.18508
2026,July,9,805624,E Spring Street at Spring Garden,Winooski,120,0.001123500828581861,0.012904613399290246,44.4946270837024,-73.1851116254566
2026,July,9,805625,Main Street at Burling Street,Winooski,62,5.804754281006282e-4,0.006667383589633294,44.49784883198794,-73.18448591396849
2026,July,9,805627,Main Street at Normand Street-Winooski High School,Winooski,133,0.001245213418344896,0.014302613184213357,44.500951296310525,-73.18295517422409
2026,July,9,805628,Weaver Street at Tigan Street,Winooski,142,0.0013294759804885355,0.015270459189160125,44.50142,-73.18435
2026,July,9,805629,Weaver Street at St. Francis Xavier Cemetery,Winooski,36,3.370502485745583e-4,0.0038713840197870737,44.4985967050366,-73.1858917531653
2026,July,9,805630,W. Spring Street at Our Lady of Providence,Winooski,62,5.804754281006282e-4,0.006667383589633294,44.49518,-73.18847
2026,July,9,805631,W. Spring Street at North Street,Winooski,41,3.8386278309880255e-4,0.004409076244757501,44.49518873002957,-73.18957765953223
2026,July,9,805632,Hickok Street at Elm Street,Winooski,276,0.0025840519057382804,0.029680610818367568,44.495415,-73.19483
2026,July,9,805633,West Lane at Malletts Bay Avenue,Winooski,182,0.0017039762566824893,0.01957199698892354,44.49343,-73.19125
2026,July,9,805634,Mallets Bay Avenue at O'Brien Center,Winooski,180,0.0016852512428727916,0.01935692009893537,44.4922537130923,-73.1899693138969
2026,July,9,805635,Riverside Avenue at Dunkin Donuts,Burlington,46,4.306753176230467e-4,0.004946768469727927,44.48860661486667,-73.20076828347567
2026,July,9,805636,Riverside Avenue at Intervale Road,Burlington,41,3.8386278309880255e-4,0.004409076244757501,44.48903838562042,-73.20218804339953
2026,July,9,805637,Community Health Center,Burlington,226,0.0021159265604958383,0.024303688568663297,44.489674,-73.206354
2026,July,9,805638,Riverside Avenue at Intervale Avenue,Burlington,45,4.213128107181979e-4,0.0048392300247338425,44.489485,-73.209628
2026,July,9,805639,Intervale Avenue at Willow Street,Burlington,54,5.055753728618375e-4,0.005807076029680611,44.488718,-73.210544
2026,July,9,805640,Archibald Street at Walnut Street,Burlington,36,3.370502485745583e-4,0.0038713840197870737,44.487786,-73.213167
2026,July,9,805641,Elmwood Avenue at Spring Street,Burlington,23,2.1533765881152336e-4,0.0024733842348639637,44.48738,-73.21415
2026,July,9,805642,Elmwood Avenue at Cedar Street,Burlington,33,3.089627278600118e-4,0.0035487686848048178,44.48595,-73.21402
2026,July,9,805643,Elmwood Avenue at North Street,Burlington,24,2.2470016571637222e-4,0.0025809226798580494,44.484847,-73.213943
2026,July,9,805644,Elmwood Avenue at Allen Street,Burlington,8,7.490005523879073e-5,8.603075599526831e-4,44.48379158717764,-73.213883867883
2026,July,9,805763,Winooski Falls/Champlain Mill,Winooski,137,0.0012826634459642914,0.014732766964189698,44.490191,-73.184595
2026,July,9,805819,Spinner Place/ Champlain Mill,Winooski,1004,0.009399956932468237,0.10796859877406173,44.4903075657594,-73.1848931831459
2026,July,9,805874,Riverside Avenue at Hillside Terrace,Burlington,23,2.1533765881152336e-4,0.0024733842348639637,44.48778622,-73.19634542
2026,July,9,805958,Elmwood Avenue at Cedar Street,Burlington,82,7.677255661976051e-4,0.008818152489515002,44.48587,-73.21387
2026,July,9,805986,West Allen at Follett Street,Winooski,159,0.0014886385978709659,0.017098612754059578,44.49137,-73.187129
2026,July,9,805987,Riverside Avenue at Opposite Barrett Street,Burlington,138,0.0012920259528691402,0.014840305409183784,44.487832,-73.187295
2026,July,9,805988,Intervale Avenue at Archibald,Burlington,53,4.962128659569886e-4,0.005699537584686525,44.487946,-73.211161
2026,July,9,805989,Courtyard,Winooski,60,5.617504142909305e-4,0.006452306699645123,44.4927114,-73.181172
2026,July,9,805990,Weaver Street at St. Peter Street,Winooski,26,2.434251795260699e-4,0.00279599956984622,44.4963640829017,-73.1870715173599
2026,July,9,805991,Mallets Bay Avenue at St. Peter Street,Winooski,72,6.741004971491166e-4,0.0077427680395741475,44.49613,-73.19353
2026,July,9,805992,Elmwood Avenue at North Street,Burlington,147,0.0013762885150127799,0.015808151414130552,44.48458,-73.2138
2026,July,9,806000,Riverside Avenue at Opposite #236,Burlington,207,0.0019380389293037104,0.022260458113775673,44.48669,-73.192724
2026,July,9,806004,Riverside Avenue at Hillside Terrace,Burlington,216,0.00202230149144735,0.023228304118722443,44.48790773,-73.19620594
2026,July,9,806015,83 Barlow Street,Winooski,123,0.0011515883492964076,0.013227228734272503,44.492936,-73.184006
2026,July,9,806016,Riverside Avenue at Opposite Bright Street,Burlington,102,9.549757042945819e-4,0.010968921389396709,44.489529,-73.208705
2026,July,9,806031,Abenaki Way at CCV,Winooski,1,9.362506904848842e-6,1.0753844499408539e-4,44.4914,-73.18188
2026,July,9,806068,Abenaki Way at Opposite CCV,Winooski,4,3.7450027619395366e-5,4.3015377997634156e-4,44.49057554288402,-73.18206826541565
2026,July,9,806150,Hickock St at River Street (Chick's Market),Winooski,174,0.0016290762014436987,0.018711689428970855,44.493262,-73.192766
2026,July,11,2562322,Downtown Transit Center,Burlington,2274,0.02129034070162627,0.2887985775971552,44.479731,-73.214298
2026,July,11,4254428,Pearl Street at Opposite North Champlain Street,Burlington,2,1.8725013809697683e-5,2.54000508001016e-4,44.480227,-73.218169
2026,July,11,4255578,South Burlington City Center,South Burlington,341,0.003192614854553455,0.04330708661417323,44.465916,-73.178304
2026,July,11,4255596,Hinesburg Road at Prouty Parkway,South Burlington,27,2.5278768643091876e-4,0.003429006858013716,44.457897,-73.169572
2026,July,11,4255597,Hinesburg Road at Wright Court,South Burlington,30,2.8087520714546526e-4,0.00381000762001524,44.459664,-73.169867
2026,July,11,4255599,Hinesburg Road at Opposite Iby Street,South Burlington,19,1.77887631192128e-4,0.002413004826009652,44.462676,-73.170423
2026,July,11,4255600,Market Street at Garden Street,South Burlington,422,0.003950977913846212,0.05359410718821438,44.464424,-73.175618
2026,July,11,4255601,Market Street at Hinesburg Road,South Burlington,89,8.33263114531547e-4,0.011303022606045212,44.46339,-73.172066
2026,July,11,4255703,620 Hinesburg Rd,South Burlington,88,8.239006076266981e-4,0.011176022352044705,44.454911,-73.165713
2026,July,11,4261912,Main Street at Pine Street,Burlington,198,0.0018537763671600707,0.025146050292100583,44.475743,-73.215751
2026,July,11,4261913,Main Street at Church Street,Burlington,359,0.0033611399788407346,0.04559309118618237,44.47588,-73.212288
2026,July,11,805486,Main Street at S. Union Street,Burlington,367,0.0034360400340795252,0.04660909321818644,44.47603,-73.20863
2026,July,11,805487,Main Street at S. Willard Street,Burlington,156,0.0014605510771564193,0.019812039624079247,44.476129,-73.205639
2026,July,11,805488,Main Street at S. Prospect Street,Burlington,72,6.741004971491166e-4,0.009144018288036576,44.476288,-73.200853
2026,July,11,805490,University Heights,Burlington,534,0.004999578687189282,0.06781813563627127,44.474407,-73.194645
2026,July,11,805492,Dorset Street at Peoples United Bank,South Burlington,69,6.460129764345701e-4,0.008763017526035052,44.46717,-73.18152
2026,July,11,805495,Dorset Street at The Pines,South Burlington,207,0.0019380389293037104,0.026289052578105158,44.45763328319927,-73.17979274009679
2026,July,11,805496,Dorset Street at Fire Station,South Burlington,103,9.643382111994308e-4,0.013081026162052324,44.45469289237221,-73.1792998938364
2026,July,11,805497,Kennedy Drive at Dorset Street,South Burlington,23,2.1533765881152336e-4,0.002921005842011684,44.452867,-73.177547
2026,July,11,805498,Kennedy Drive at Twin Oaks Terrace,South Burlington,15,1.4043760357273263e-4,0.00190500381000762,44.453148026331554,-73.17394642816953
2026,July,11,805499,Kennedy Drive at Timber Lane,South Burlington,475,0.0044471907798032005,0.0603251206502413,44.4539160687908,-73.1667206708602
2026,July,11,805529,Dorset Street at Barnes & Noble,South Burlington,926,0.008669681393890028,0.11760223520447041,44.466905,-73.181203
2026,July,11,805530,Williston Road at Sheraton Hotel,South Burlington,146,0.001366926008107931,0.01854203708407417,44.471703,-73.188163
2026,July,11,805531,University Heights,Burlington,455,0.004259940641706223,0.05778511557023114,44.474675,-73.194658
2026,July,11,805533,Main Street at S. Willard Street,Burlington,50,4.681253452424421e-4,0.0063500127000254,44.47623,-73.205
2026,July,11,805534,Main Street at S Union Street,Burlington,13,1.2171258976303495e-4,0.001651003302006604,44.47612,-73.20933
2026,July,11,805535,Main Street at Church Street,Burlington,14,1.310750966678838e-4,0.001778003556007112,44.47602,-73.21237
2026,July,11,805536,Main Street at Pine Street,Burlington,18,1.6852512428727916e-4,0.002286004572009144,44.47588,-73.2159
2026,July,11,805537,Battery Street at College Street,Burlington,53,4.962128659569886e-4,0.006731013462026924,44.47669,-73.218674
2026,July,11,805538,Battery Street at Cherry Street,Burlington,1,9.362506904848842e-6,1.27000254000508e-4,44.47899973630009,-73.21883190406265
2026,July,11,805867,Main Street at Summit Street,Burlington,56,5.243003866715352e-4,0.007112014224028448,44.4762026495925,-73.2025125186516
2026,July,11,805869,Dorset Street at Town Square Drive,South Burlington,100,9.362506904848842e-4,0.0127000254000508,44.4567666731695,-73.17965702131
2026,July,11,805946,Williston Road at Staples Plaza,South Burlington,50,4.681253452424421e-4,0.0063500127000254,44.471708,-73.188722
2026,July,11,806178,Dorset Street at Opposite Garden Street,South Burlington,122,0.0011422258423915588,0.015494030988061977,44.463505,-73.180857
2026,July,86,2387294,Waterbury State Complex,Waterbury,52,4.868503590521398e-4,0.018296973961998593,44.331774,-72.754829
2026,July,86,2562322,Downtown Transit Center,Burlington,558,0.005224278852905654,0.19634060520760027,44.479731,-73.214298
2026,July,86,4212452,Williston Park & Ride,Williston,82,7.677255661976051e-4,0.028852920478536243,44.4382869455902,-73.1176662802925
2026,July,86,4251952,Waterbury State Complex at State Drive South Entrance,Waterbury,1,9.362506904848842e-6,3.518648838845883e-4,44.331031417,-72.751577666
2026,July,86,4262063,Montpelier Transit Center,Montpelier,612,0.005729854225767492,0.21534130893736805,44.260141,-72.579795
2026,July,86,805530,Williston Road at Sheraton Hotel,South Burlington,1,9.362506904848842e-6,3.518648838845883e-4,44.471703,-73.188163
2026,July,86,805537,Battery Street at College Street,Burlington,1,9.362506904848842e-6,3.518648838845883e-4,44.47669,-73.218674
2026,July,86,805550,Shelburne Road at Home Avenue,Burlington,32,2.9960022095516293e-4,0.011259676284306826,44.450357,-73.209121
2026,July,86,805595,Shelburne Road at Farrell Street,South Burlington,3,2.8087520714546528e-5,0.001055594651653765,44.450421,-73.208905
2026,July,86,805727,Pine Street at Opposite Howard Street,Burlington,17,1.5916261738243033e-4,0.005981703026038001,44.46707,-73.215043
2026,July,86,805728,Pine Street at Burlington Electric Dept.,Burlington,6,5.6175041429093056e-5,0.00211118930330753,44.463529,-73.214778
2026,July,86,805752,Pearl Street at Hungerford Terrace,Burlington,5,4.6812534524244215e-5,0.0017593244194229415,44.480581,-73.207105
2026,July,86,805754,Pearl Street at S Prospect Street (UHC),Burlington,17,1.5916261738243033e-4,0.005981703026038001,44.480731,-73.201381
2026,July,86,805757,UVM Medical Center,Burlington,423,0.00396034042075106,0.14883884588318086,44.4786566641105,-73.1939696441803
2026,July,86,805918,Pine Street at Lakeside Avenue (Cumberland Farms),Burlington,4,3.7450027619395366e-5,0.0014074595355383533,44.460789,-73.214604
2026,July,86,805946,Williston Road at Staples Plaza,South Burlington,25,2.3406267262122106e-4,0.008796622097114707,44.471708,-73.188722
2026,July,86,806003,College Street at Pine Street,Burlington,10,9.362506904848843e-5,0.003518648838845883,44.4769269935033,-73.2158524026283
2026,July,86,806020,National Life,Montpelier,218,0.0020410265052570476,0.07670654468684025,44.255618,-72.584353
2026,July,86,806021,Richmond Park and Ride,Richmond,300,0.002808752071454653,0.1055594651653765,44.42328,-73.008347
2026,July,86,806022,Waterbury Park and Ride,Waterbury,234,0.002190826615734629,0.082336382828993665,44.345122,-72.74333
2026,July,86,806049,Department of Labor Park and Ride,Montpelier,217,0.0020316639983521986,0.07635467980295567,44.259262,-72.590637
2026,July,86,806179,Pine Street at Maple Street,Burlington,11,1.0298757595333726e-4,0.0038705137227304713,44.473686,-73.215509
2026,July,86,806180,Flynn Avenue at Richardson Street,Burlington,13,1.2171258976303495e-4,0.004574243490499648,44.455277,-73.212695
2026,July,96,2562322,Downtown Transit Center,Burlington,328,0.0030709022647904204,0.27796610169491526,44.479731,-73.214298
2026,July,96,2574545,Creek Farm Plaza,Colchester,1,9.362506904848842e-6,8.47457627118644e-4,44.551422,-73.16359
2026,July,96,4255696,Saint Albans Park and Ride,St. Albans,167,0.0015635386531097568,0.14152542372881355,44.804924,-73.069639
2026,July,96,4256754,Creek Farm Plaza,Colchester,21,1.966126450018257e-4,0.017796610169491526,44.551831,-73.163725
2026,July,96,4256763,River Street at Main Street,Milton,4,3.7450027619395366e-5,0.003389830508474576,44.639824,-73.113325
2026,July,96,4256764,US 7 at Opposite Lake Road,Milton,1,9.362506904848842e-6,8.47457627118644e-4,44.65187,-73.114784
2026,July,96,4256766,River Street Park,Milton,11,1.0298757595333726e-4,0.009322033898305085,44.637401,-73.1137
2026,July,96,4256767,River Street at Opposite Villemaire Lane,Milton,6,5.6175041429093056e-5,0.005084745762711864,44.627308,-73.1170779
2026,July,96,4256768,259 US 7-Milton Square,Milton,3,2.8087520714546528e-5,0.002542372881355932,44.623179,-73.120129
2026,July,96,4256770,Fairfield Street at Northwestern Medical Center,St. Albans,2,1.8725013809697683e-5,0.001694915254237288,44.80638,-73.072262
2026,July,96,4256771,Fairfield Street at opposite Northwestern Medical Center,St. Albans,1,9.362506904848842e-6,8.47457627118644e-4,44.806265,-73.072225
2026,July,96,805621,Main Street at Platt Street,Winooski,26,2.434251795260699e-4,0.022033898305084745,44.493705,-73.186457
2026,July,96,805757,UVM Medical Center,Burlington,170,0.001591626173824303,0.1440677966101695,44.4786566641105,-73.1939696441803
2026,July,96,805763,Winooski Falls/Champlain Mill,Winooski,48,4.4940033143274445e-4,0.04067796610169491,44.490191,-73.184595
2026,July,96,806052,Chimney Corners Park & Ride,Colchester,21,1.966126450018257e-4,0.017796610169491526,44.595,-73.16538
2026,July,96,806053,Georgia Park & Ride,Georgia,15,1.4043760357273263e-4,0.012711864406779662,44.6988434,-73.1056939
2026,July,96,806120,US 7 at Centre Drive,Milton,29,2.715127002406164e-4,0.02457627118644068,44.62244061006584,-73.12203743064549
2026,July,96,806127,Milton Town Office Park & Ride,Milton,101,9.456131973897331e-4,0.08559322033898305,44.618332,-73.124948
2026,July,96,806165,Severance Corners,Colchester,6,5.6175041429093056e-5,0.005084745762711864,44.5282694,-73.1747521
2026,July,96,806169,Water Tower Hill/Albany College of Pharmacy and Health Sciences,Colchester,4,3.7450027619395366e-5,0.003389830508474576,44.509066,-73.185039
2026,July,96,806188,S Main Street at New Street,St. Albans,16,1.4980011047758147e-4,0.013559322033898305,44.806083,-73.085288
2026,July,96,806189,South Main Street at St. Albans Police Department,St. Albans,31,2.902377140503141e-4,0.026271186440677965,44.803963,-73.086992
2026,July,96,806193,S Main Street at Upper Gilman Street,St. Albans,27,2.5278768643091876e-4,0.02288135593220339,44.80425,-73.086534
2026,July,96,806194,S Main Street at Upper Weldon Street,St. Albans,96,8.988006628654889e-4,0.08135593220338982,44.806508,-73.084709
2026,July,96,847926,Birchwood Park,Milton,45,4.213128107181979e-4,0.038135593220338986,44.633361,-73.150694
2026,July,756,2562322,Downtown Transit Center,Burlington,53,4.962128659569886e-4,0.26108374384236455,44.479731,-73.214298
2026,July,756,4254458,Queen City Park Rd. at 733 Queen City Park Rd.,South Burlington,12,1.1235008285818611e-4,0.059113300492610835,44.4450849725083,-73.21206249941329
2026,July,756,4262061,Shelburne Road at Hoover Street,Burlington,5,4.6812534524244215e-5,0.024630541871921183,44.460749,-73.207956
2026,July,756,805484,S. Winooski Avenue at Bank Street,Burlington,8,7.490005523879073e-5,0.03940886699507389,44.478387,-73.211225
2026,July,756,805595,Shelburne Road at Farrell Street,South Burlington,44,4.1195030381334906e-4,0.21674876847290642,44.450421,-73.208905
2026,July,756,805596,Shelburne Road at Hadley Road,South Burlington,8,7.490005523879073e-5,0.03940886699507389,44.452346,-73.208731
2026,July,756,805597,Shelburne Road at Proctor Avenue,South Burlington,4,3.7450027619395366e-5,0.019704433497536946,44.4549625141176,-73.2084395754862
2026,July,756,805598,Shelburne Road at Kinney Drugs,Burlington,3,2.8087520714546528e-5,0.014778325123152709,44.456778,-73.208325
2026,July,756,805599,Shelburne Road at Clymer Street,Burlington,1,9.362506904848842e-6,0.0049261083743842365,44.458365,-73.208201
2026,July,756,805603,S Union Street at Bayview Court,Burlington,1,9.362506904848842e-6,0.0049261083743842365,44.46843,-73.20813
2026,July,756,805604,S Union Street at Spruce Street,Burlington,1,9.362506904848842e-6,0.0049261083743842365,44.470452,-73.208604
2026,July,756,805664,Maple Street at Church Street,Burlington,10,9.362506904848843e-5,0.04926108374384237,44.473771,-73.212224
2026,July,756,805665,Maple Street at St Paul Street,Burlington,13,1.2171258976303495e-4,0.06403940886699508,44.473688,-73.213657
2026,July,756,805724,Opposite 230 St Paul Street,Burlington,8,7.490005523879073e-5,0.03940886699507389,44.4725758663786,-73.21387942650665
2026,July,756,805725,Kilburn Street at Pine Street,Burlington,2,1.8725013809697683e-5,0.009852216748768473,44.471083,-73.215057
2026,July,756,805726,Pine Street Opposite Pine Place (Old Greyhound),Burlington,1,9.362506904848842e-6,0.0049261083743842365,44.469792,-73.215209
2026,July,756,805727,Pine Street at Opposite Howard Street,Burlington,4,3.7450027619395366e-5,0.019704433497536946,44.46707,-73.215043
2026,July,756,805728,Pine Street at Burlington Electric Dept.,Burlington,1,9.362506904848842e-6,0.0049261083743842365,44.463529,-73.214778
2026,July,756,805730,Pine Street at Long Trail Phys. Therapy,Burlington,1,9.362506904848842e-6,0.0049261083743842365,44.457489,-73.214395
2026,July,756,805731,Howard Center,Burlington,7,6.55375483339419e-5,0.034482758620689655,44.45587805178482,-73.21433236507835
2026,July,756,805732,Pine Street at Lyman Avenue,Burlington,6,5.6175041429093056e-5,0.029556650246305417,44.453353,-73.214448
2026,July,756,805733,Pine Street at Home Avenue,Burlington,3,2.8087520714546528e-5,0.014778325123152709,44.451123,-73.214484
2026,July,756,805735,Queen City Park Road at Central Avenue,South Burlington,1,9.362506904848842e-6,0.0049261083743842365,44.44637458441318,-73.21958828776178
2026,July,756,805906,S. Winooski Avenue at King Street,Burlington,3,2.8087520714546528e-5,0.014778325123152709,44.475317956005064,-73.21098945119671
2026,July,756,805918,Pine Street at Lakeside Avenue (Cumberland Farms),Burlington,2,1.8725013809697683e-5,0.009852216748768473,44.460789,-73.214604
2026,July,756,805925,College Street at S Winooski Avenue,Burlington,1,9.362506904848842e-6,0.0049261083743842365,44.477089,-73.211186
2026,July,778,2562322,Downtown Transit Center,Burlington,114,0.001067325787152768,0.32664756446991405,44.479731,-73.214298
2026,July,778,805649,N Winooski Avenue at Archibald Street,Burlington,2,1.8725013809697683e-5,0.0057306590257879654,44.48767,-73.2081
2026,July,778,805650,Archibald Street at N Willard Street,Burlington,6,5.6175041429093056e-5,0.017191977077363897,44.488026,-73.206167
2026,July,778,805651,Archibald Street at N Prospect Street,Burlington,1,9.362506904848842e-6,0.0028653295128939827,44.4877,-73.20227
2026,July,778,805653,N Prospect Street at Pearl Street,Burlington,2,1.8725013809697683e-5,0.0057306590257879654,44.48102,-73.20082
2026,July,778,805669,North Street at Opposite Murray Street,Burlington,7,6.55375483339419e-5,0.02005730659025788,44.48468,-73.21585
2026,July,778,805670,North Street at N. Champlain Street,Burlington,3,2.8087520714546528e-5,0.008595988538681949,44.48464,-73.21755
2026,July,778,805671,North Street at Blodgett Street,Burlington,2,1.8725013809697683e-5,0.0057306590257879654,44.48448,-73.22113
2026,July,778,805672,North Avenue at Strong Street,Burlington,3,2.8087520714546528e-5,0.008595988538681949,44.48555,-73.22318
2026,July,778,805673,North Avenue at Washington Street,Burlington,1,9.362506904848842e-6,0.0028653295128939827,44.48783,-73.22497
2026,July,778,805675,North Ave at Opposite Cambrian Rise,Burlington,8,7.490005523879073e-5,0.022922636103151862,44.490374789966715,-73.22694498290925
2026,July,778,805676,North Avenue at Opposite Lakeview Cem.,Burlington,3,2.8087520714546528e-5,0.008595988538681949,44.49305,-73.22907
2026,July,778,805677,Opposite Burlington High School,Burlington,1,9.362506904848842e-6,0.0028653295128939827,44.497347,-73.232414
2026,July,778,805681,North Avenue at Rite Aid,Burlington,6,5.6175041429093056e-5,0.017191977077363897,44.50468,-73.24163
2026,July,778,805682,Opposite Ethan Allen Shopping Center,Burlington,8,7.490005523879073e-5,0.022922636103151862,44.50669307103158,-73.24436667857378
2026,July,778,805683,North Avenue at Poirier Place,Burlington,3,2.8087520714546528e-5,0.008595988538681949,44.508373,-73.2467
2026,July,778,805684,North Avenue at Heineberg Road,Burlington,3,2.8087520714546528e-5,0.008595988538681949,44.509442,-73.248161
2026,July,778,805685,North Avenue at Gosse Court,Burlington,1,9.362506904848842e-6,0.0028653295128939827,44.51062,-73.24977
2026,July,778,805687,North Avenue at Edgemoor Drive,Burlington,4,3.7450027619395366e-5,0.011461318051575931,44.51292,-73.25287
2026,July,778,805688,North Avenue at Cayuga Court,Burlington,2,1.8725013809697683e-5,0.0057306590257879654,44.51372,-73.25393
2026,July,778,805689,North Avenue at Birch Court,Burlington,8,7.490005523879073e-5,0.022922636103151862,44.51433,-73.25475
2026,July,778,805690,North Avenue at Franklin Sq.,Burlington,4,3.7450027619395366e-5,0.011461318051575931,44.515150248912775,-73.25586414915972
2026,July,778,805695,North Avenue at Northgate Road,Burlington,29,2.715127002406164e-4,0.0830945558739255,44.52059866074774,-73.26343139125463
2026,July,778,805696,North Avenue at Opposite Algird Street,Burlington,4,3.7450027619395366e-5,0.011461318051575931,44.51935,-73.26173
2026,July,778,805697,North Avenue at Browe Court,Burlington,2,1.8725013809697683e-5,0.0057306590257879654,44.51855,-73.26067
2026,July,778,805698,North Avenue at Starr Farm Road,Burlington,4,3.7450027619395366e-5,0.011461318051575931,44.5172,-73.25882
2026,July,778,805699,North Avenue at Loaldo Drive,Burlington,7,6.55375483339419e-5,0.02005730659025788,44.51486646173666,-73.25575626842328
2026,July,778,805700,North Avenue at Cross Parkway,Burlington,1,9.362506904848842e-6,0.0028653295128939827,44.51327591364524,-73.2535893886282
2026,July,778,805701,North Avenue at Staniford Road,Burlington,5,4.6812534524244215e-5,0.014326647564469915,44.512482637184064,-73.25249088947282
2026,July,778,805702,North Avenue at Woodbury Road,Burlington,3,2.8087520714546528e-5,0.008595988538681949,44.51177,-73.2515
2026,July,778,805703,North Avenue at Dodds Court,Burlington,1,9.362506904848842e-6,0.0028653295128939827,44.510541541785194,-73.24989447764318
2026,July,778,805704,North Avenue at Shore Road,Burlington,4,3.7450027619395366e-5,0.011461318051575931,44.509482,-73.248476
2026,July,778,805705,North Avenue at Dept. Motor Vehicles,Burlington,10,9.362506904848843e-5,0.02865329512893983,44.508268,-73.246789
2026,July,778,805706,Ethan Allen Shopping Center,Burlington,21,1.966126450018257e-4,0.06017191977077364,44.506523,-73.244415
2026,July,778,805707,North Avenue at Lakewood Parkway,Burlington,1,9.362506904848842e-6,0.0028653295128939827,44.504869,-73.242206
2026,July,778,805708,North Avenue at Killarney Drive,Burlington,5,4.6812534524244215e-5,0.014326647564469915,44.503349,-73.240156
2026,July,778,805709,North Avenue at Oppostie Saratoga Ave. (Elk's Lodge),Burlington,1,9.362506904848842e-6,0.0028653295128939827,44.50261,-73.239132
2026,July,778,805711,Burlington High School,Burlington,7,6.55375483339419e-5,0.02005730659025788,44.497539,-73.232767
2026,July,778,805713,North Ave at Cambrian Rise,Burlington,10,9.362506904848843e-5,0.02865329512893983,44.48977976148372,-73.22669459131767
2026,July,778,805715,North Avenue at Berry Street,Burlington,5,4.6812534524244215e-5,0.014326647564469915,44.487623,-73.224958
2026,July,778,805826,Pearl Street at N. Williams Street,Burlington,1,9.362506904848842e-6,0.0028653295128939827,44.480754,-73.203485
2026,July,778,805827,Pearl Street at N. Willard Street,Burlington,1,9.362506904848842e-6,0.0028653295128939827,44.480709,-73.205423
2026,July,778,805880,North Avenue at Green Acres Drive,Burlington,3,2.8087520714546528e-5,0.008595988538681949,44.51383554132112,-73.25433910719357
2026,July,778,805953,North Avenue at Barley Road,Burlington,1,9.362506904848842e-6,0.0028653295128939827,44.51807,-73.25985
2026,July,778,805956,North Avenue at Tracy Drive,Burlington,9,8.426256214363958e-5,0.025787965616045846,44.5159084205904,-73.25714573796444
2026,July,778,805992,Elmwood Avenue at North Street,Burlington,2,1.8725013809697683e-5,0.0057306590257879654,44.48458,-73.2138
2026,July,778,805993,North Avenue at Lakeview Cemetery,Burlington,3,2.8087520714546528e-5,0.008595988538681949,44.492721535987414,-73.22897998070101
2026,July,778,806029,Fern Hill,Burlington,11,1.0298757595333726e-4,0.03151862464183381,44.48710922696219,-73.20080938773157
2026,July,778,806030,McAuley Square,Burlington,3,2.8087520714546528e-5,0.008595988538681949,44.48485932111906,-73.197974635582
2026,July,778,809081,Fern Hill (Main Road),Burlington,1,9.362506904848842e-6,0.0028653295128939827,44.486947130695434,-73.2018151365321
2026,July,778,815405,North Ave. at Woodbury (Hunt School),Burlington,2,1.8725013809697683e-5,0.0057306590257879654,44.5118223,-73.2513535
2026,August,1,2530427,Williston Road at Mills Avenue,South Burlington,67,5.916323755364428e-4,0.002348734487835659,44.46454655929074,-73.1600798058771
2026,August,1,2562322,Downtown Transit Center,Burlington,6371,0.05625805767974145,0.22334011077613405,44.479731,-73.214298
2026,August,1,4254428,Pearl Street at Opposite North Champlain Street,Burlington,1,8.83033396323049e-6,3.5055738624412815e-5,44.480227,-73.218169
2026,August,1,4255578,South Burlington City Center,South Burlington,285,0.0025166451795206896,0.009990885507957653,44.465916,-73.178304
2026,August,1,4255600,Market Street at Garden Street,South Burlington,395,0.0034879819154760433,0.013847016756643063,44.464424,-73.175618
2026,August,1,4255601,Market Street at Hinesburg Road,South Burlington,66,5.828020415732123e-4,0.002313678749211246,44.46339,-73.172066
2026,August,1,4255602,Market Street at Garden Street,South Burlington,205,0.0018102184624622503,0.0071864264180046275,44.464565,-73.176005
2026,August,1,4255603,Market Street at Hinesburg Road,South Burlington,43,3.7970436041891105e-4,0.001507396760849751,44.463335,-73.171739
2026,August,1,4255702,Hinesburg Road at Williston Road,South Burlington,113,9.978277378450452e-4,0.003961298464558648,44.465742,-73.171047
2026,August,1,4259370,South Burlington City Center,South Burlington,166,0.0014658354378962613,0.005819252611652528,44.465801,-73.178344
2026,August,1,4261912,Main Street at Pine Street,Burlington,649,0.0057308867421365876,0.02275117436724392,44.475743,-73.215751
2026,August,1,4261913,Main Street at Church Street,Burlington,1623,0.014331632022323085,0.056895463787422,44.47588,-73.212288
2026,August,1,805486,Main Street at S. Union Street,Burlington,1162,0.01026084806527383,0.04073476828156769,44.47603,-73.20863
2026,August,1,805487,Main Street at S. Willard Street,Burlington,642,0.0056690744043939745,0.02250578419687303,44.476129,-73.205639
2026,August,1,805488,Main Street at S. Prospect Street,Burlington,276,0.002437172173851615,0.009675383860337937,44.476288,-73.200853
2026,August,1,805490,University Heights,Burlington,2011,0.017757801600056515,0.07049709037369417,44.474407,-73.194645
2026,August,1,805491,Dorset Street at Williston Road,South Burlington,23,2.0309768115430127e-4,8.062819883614948e-4,44.46822,-73.18168
2026,August,1,805492,Dorset Street at Peoples United Bank,South Burlington,94,8.30051392543666e-4,0.0032952394306948046,44.46717,-73.18152
2026,August,1,805493,University Mall,South Burlington,2028,0.01790791727743143,0.07109303793030919,44.464155,-73.183593
2026,August,1,805500,Williston Road at Heath Street,South Burlington,14,1.2362467548522686e-4,4.907803407417794e-4,44.46633,-73.1689
2026,August,1,805501,Williston Road at Davis Parkway,South Burlington,4,3.532133585292196e-5,1.4022295449765126e-4,44.46617,-73.16793
2026,August,1,805502,Williston Road at Hayden Parkway,South Burlington,5,4.4151669816152445e-5,1.7527869312206407e-4,44.46578,-73.16625
2026,August,1,805503,Williston Road at Elsom Parkway,South Burlington,5,4.4151669816152445e-5,1.7527869312206407e-4,44.46537,-73.16438
2026,August,1,805504,Williston Road at Victoria Drive,South Burlington,7,6.181233774261343e-5,2.453901703708897e-4,44.46483,-73.16207
2026,August,1,805505,Williston Road at Mills Avenue,South Burlington,19,1.677763453013793e-4,6.660590338638435e-4,44.46438,-73.16013
2026,August,1,805516,Hinesburg Road at Williston Road,South Burlington,510,0.004503470321247549,0.017878426698450536,44.46578,-73.17117
2026,August,1,805517,Hinesburg Road at Village Green Drive,South Burlington,204,0.00180138812849902,0.007151370679380214,44.46477,-73.17097
2026,August,1,805529,Dorset Street at Barnes & Noble,South Burlington,1956,0.017272133232078837,0.06856902474935146,44.466905,-73.181203
2026,August,1,805530,Williston Road at Sheraton Hotel,South Burlington,239,0.002110449817212087,0.008378321531234663,44.471703,-73.188163
2026,August,1,805531,University Heights,Burlington,1025,0.009051092312311252,0.03593213209002313,44.474675,-73.194658
2026,August,1,805533,Main Street at S. Willard Street,Burlington,25,2.2075834908076222e-4,8.763934656103204e-4,44.47623,-73.205
2026,August,1,805534,Main Street at S Union Street,Burlington,23,2.0309768115430127e-4,8.062819883614948e-4,44.47612,-73.20933
2026,August,1,805535,Main Street at Church Street,Burlington,32,2.825706868233757e-4,0.00112178363598121,44.47602,-73.21237
2026,August,1,805536,Main Street at Pine Street,Burlington,22,1.9426734719107076e-4,7.71226249737082e-4,44.47588,-73.2159
2026,August,1,805537,Battery Street at College Street,Burlington,55,4.856683679776769e-4,0.001928065624342705,44.47669,-73.218674
2026,August,1,805538,Battery Street at Cherry Street,Burlington,1,8.83033396323049e-6,3.5055738624412815e-5,44.47899973630009,-73.21883190406265
2026,August,1,805867,Main Street at Summit Street,Burlington,219,0.0019338431379474772,0.007677206758746407,44.4762026495925,-73.2025125186516
2026,August,1,805870,Main Street at Opposite Edmunds School,Burlington,16,1.4128534341168784e-4,5.60891817990605e-4,44.476195,-73.207487
2026,August,1,805875,Main Street at Opposite Summit Street,Burlington,56,4.944987019409074e-4,0.0019631213629671177,44.47635535963188,-73.20248690152883
2026,August,1,805895,Marshall Avenue at Harvest Lane,Williston,6,5.2982003779382937e-5,2.103344317464769e-4,44.445714,-73.117377
2026,August,1,805896,Williston Road at N. Brownell Road,Williston,223,0.0019691644738003993,0.007817429713244058,44.45493,-73.12297
2026,August,1,805904,Williston Road at S. Brownell Road,Williston,18,1.589460113381488e-4,6.310032952394307e-4,44.455,-73.12343
2026,August,1,805943,University Mall at Stop sign at Hannafords,South Burlington,644,0.005686735072320435,0.022575895674121854,44.463252,-73.183412
2026,August,1,805946,Williston Road at Staples Plaza,South Burlington,183,0.0016159511152711796,0.006415200168267545,44.471708,-73.188722
2026,August,1,805947,Dorset Street at Blue Mall,South Burlington,836,0.007382159193260689,0.029306597490009113,44.46448,-73.18078
2026,August,1,805960,Williston Road at Kennedy Drive,South Burlington,47,4.15025696271833e-4,0.0016476197153474023,44.46303,-73.15443
2026,August,1,805964,Marshall Avenue at Trader Lane,Williston,360,0.003178920226762976,0.012620065904788614,44.44518,-73.1158
2026,August,1,805973,Marshall Avenue at Hannafords,Williston,37,3.267223566395281e-4,0.0012970623291032742,44.445047,-73.114986
2026,August,1,805974,Walmart,Williston,1738,0.01534712042809459,0.060926873729229475,44.442322707648174,-73.12123792821498
2026,August,1,805975,Williston Road at HoHum Motel,South Burlington,229,0.002022146477579782,0.008027764144990535,44.464255,-73.158906
2026,August,1,805976,Williston Road at Thrifty,South Burlington,289,0.0025519665153736115,0.010131108462455305,44.46355,-73.1558
2026,August,1,805977,Williston Road at Victory Drive,South Burlington,50,4.4151669816152445e-4,0.0017527869312206408,44.465096,-73.162601
2026,August,1,805978,Williston Road at Pillsbury Manor,South Burlington,64,5.651413736467514e-4,0.00224356727196242,44.465579,-73.164727
2026,August,1,805996,Williston Road at Helena Drive,Williston,547,0.004830192677887078,0.01917548902755381,44.45038,-73.11262
2026,August,1,805997,Williston Road at Blair Park Road,Williston,509,0.004494639987284319,0.017843370959826122,44.45255,-73.11755
2026,August,1,806011,Cherry Street at Opposite 3 Cathedral Square,Burlington,2,1.766066792646098e-5,7.011147724882563e-5,44.479106,-73.217703
2026,August,1,806045,Williston Road at Williston Liquidation Center,Williston,67,5.916323755364428e-4,0.002348734487835659,44.45728,-73.12797
2026,August,1,806064,Williston Road at Aviation Avenue,South Burlington,28,2.472493509704537e-4,9.815606814835588e-4,44.46058,-73.14902
2026,August,1,806069,University Mall at Sears,South Burlington,467,0.004123765960828639,0.016371029937600784,44.463197,-73.18201
2026,August,1,806078,Williston Road at VT Tire,South Burlington,15,1.3245500944845733e-4,5.258360793661922e-4,44.462,-73.15225
2026,August,1,806079,Williston Road at Ace Hardware,South Burlington,6,5.2982003779382937e-5,2.103344317464769e-4,44.46055,-73.1492
2026,August,1,806080,Williston Road at Talent Skate Park,South Burlington,4,3.532133585292196e-5,1.4022295449765126e-4,44.45882,-73.14568
2026,August,1,806081,Williston Road at Shunpike Road,South Burlington,6,5.2982003779382937e-5,2.103344317464769e-4,44.45842,-73.1429
2026,August,1,806082,Williston Road at Engineers Drive,Williston,14,1.2362467548522686e-4,4.907803407417794e-4,44.4582,-73.1327
2026,August,1,806083,Williston Road at Commerce Street,Williston,2,1.766066792646098e-5,7.011147724882563e-5,44.45337,-73.11968
2026,August,1,806084,Williston Road at Harvest Lane,Williston,14,1.2362467548522686e-4,4.907803407417794e-4,44.4521,-73.11688
2026,August,1,806085,Williston Road at VT 2A,Williston,21,1.8543701322784028e-4,7.361705111126692e-4,44.45023,-73.11262
2026,August,1,806086,VT 2A at Key Bank,Williston,11,9.713367359553538e-5,3.85613124868541e-4,44.44872,-73.11095
2026,August,1,806087,VT 2A at Wright Avenue,Williston,13,1.1479434152199636e-4,4.557246021173666e-4,44.44722,-73.11105
2026,August,1,806088,VT 2A at Marshall Avenue (Ponderosa),Williston,16,1.4128534341168784e-4,5.60891817990605e-4,44.444733,-73.112287
2026,August,1,806096,VT 2A at Connor Way,Williston,985,0.008697878953782032,0.03452990254504663,44.446816,-73.110949
2026,August,1,806112,Williston Road at Miller Lane,Williston,149,0.0013157197605213429,0.005223305055037509,44.45833,-73.13283
2026,August,1,806113,Williston Rd. at Valley Rd,South Burlington,123,0.0010861310774773502,0.004311855850802776,44.45853,-73.142534
2026,August,1,806114,Williston Road at Contact Communication,South Burlington,40,3.5321335852921956e-4,0.0014022295449765125,44.45962,-73.14707
2026,August,1,806115,Williston Road at Kennedy Drive,South Burlington,40,3.5321335852921956e-4,0.0014022295449765125,44.462212,-73.152297
2026,August,1,806116,Williston Road at Stone House Commons,South Burlington,66,5.828020415732123e-4,0.002313678749211246,44.466486,-73.168721
2026,August,2,2562322,Downtown Transit Center,Burlington,5730,0.050597813609310704,0.24245758050184066,44.479731,-73.214298
2026,August,2,4209790,E Allen Street at Hillside Park,Winooski,172,0.0015188174416756442,0.007277958786442686,44.4930287162322,-73.1758636133916
2026,August,2,4260034,146 Colchester Avenue,Burlington,47,4.15025696271833e-4,0.0019887445521093385,44.48161,-73.194267
2026,August,2,805752,Pearl Street at Hungerford Terrace,Burlington,401,0.0035409639192554264,0.016967799263741378,44.480581,-73.207105
2026,August,2,805753,Pearl Street at S. Willard Street,Burlington,217,0.0019161824700210162,0.009182075910802692,44.480612,-73.205833
2026,August,2,805754,Pearl Street at S Prospect Street (UHC),Burlington,219,0.0019338431379474772,0.009266703338552024,44.480731,-73.201381
2026,August,2,805755,Colchester Avenue at Mansfield House,Burlington,151,0.0013333804284478038,0.006389370795074683,44.480579,-73.198914
2026,August,2,805756,Colchester Avenue at Fleming Museum,Burlington,87,7.682390548010526e-4,0.00368129310709601,44.4805912625953,-73.1968665240963
2026,August,2,805757,UVM Medical Center,Burlington,3069,0.02710029493315437,0.12986078788135236,44.4786566641105,-73.1939696441803
2026,August,2,805758,Colchester Avenue at Latham Court,Burlington,46,4.0619536230860254e-4,0.0019464308382346719,44.482512,-73.191938
2026,August,2,805759,Colchester Avenue at Thibault Parkway,Burlington,44,3.885346943821415e-4,0.0018618034104853382,44.483129,-73.190514
2026,August,2,805760,Colchester Avenue at 339,Burlington,18,1.589460113381488e-4,7.61646849744002e-4,44.484018,-73.188415
2026,August,2,805761,Colchester Avenue at Chase Street,Burlington,37,3.267223566395281e-4,0.0015656074133626708,44.486436,-73.186976
2026,August,2,805762,Colchester Avenue at Barrett Street,Burlington,38,3.355526906027586e-4,0.0016079211272373376,44.487802,-73.186696
2026,August,2,805763,Winooski Falls/Champlain Mill,Winooski,414,0.0036557582607774225,0.017517877544112048,44.490191,-73.184595
2026,August,2,805765,College Parkway at Opposite Florida Avenue,Colchester,34,3.0023135474983664e-4,0.0014386662717386705,44.493226,-73.170992
2026,August,2,805766,Saint Michael's College,Colchester,63,5.563110396835209e-4,0.002665763974104007,44.493011,-73.167889
2026,August,2,805767,College Parkway at Lime Kiln Road,Colchester,65,5.739717076099818e-4,0.0027503914018533406,44.492695,-73.163626
2026,August,2,805768,College Parkway at Fanny Allen Hospital,Colchester,221,0.0019515038058739382,0.009351330766301359,44.497364,-73.158333
2026,August,2,805769,Ethan Allen Avenue at University Lane,Colchester,64,5.651413736467514e-4,0.0027080776879786737,44.502994,-73.151287
2026,August,2,805770,Ethan Allen Avenue at Catamount Lane,Colchester,68,6.004627094996733e-4,0.002877332543477341,44.503446,-73.150975
2026,August,2,805771,Ethan Allen Avenue at VT Public TV,Colchester,68,6.004627094996733e-4,0.002877332543477341,44.50475,-73.149892
2026,August,2,805775,Ethan Allen Avenue at Opposite Green Mt. Nursing,Essex,67,5.916323755364428e-4,0.0028350188296026742,44.506784,-73.145364
2026,August,2,805776,Ethan Allen Avenue at Essex Avenue (Bld. #310),Essex,52,4.5917736608798546e-4,0.0022003131214826726,44.50543,-73.143241
2026,August,2,805777,Pearl Street at West Street Extension,Essex Junction,42,3.7087402645568057e-4,0.0017771759827360047,44.49952282479167,-73.13062824322117
2026,August,2,805778,Pearl Street at Opposite Complex 159,Essex Junction,16,1.4128534341168784e-4,6.770194219946684e-4,44.497858,-73.127775
2026,August,2,805779,Pearl Street at Opposite Willey's Court,Essex Junction,5,4.4151669816152445e-5,2.1156856937333389e-4,44.4968059911076,-73.1254138552707
2026,August,2,805780,Pearl Street at KFC,Essex Junction,17,1.5011567737491832e-4,7.193331358693353e-4,44.496383,-73.124482
2026,August,2,805781,Pearl Street at Capital Lincoln,Essex Junction,49,4.3268636419829397e-4,0.002073371979858672,44.495081,-73.121634
2026,August,2,805782,Pearl Street at Roscoe Court (Shopping Center),Essex Junction,31,2.7374035286014515e-4,0.0013117251301146703,44.494046,-73.119419
2026,August,2,805783,Pearl Street at Merchants Bank,Essex Junction,9,7.94730056690744e-5,3.80823424872001e-4,44.492685,-73.11657
2026,August,2,805792,Amtrak,Essex Junction,1449,0.012795153912720979,0.06131257140439216,44.492655,-73.110355
2026,August,2,805793,Lincoln Street at Brownell Library,Essex Junction,467,0.004123765960828639,0.019760504379469385,44.49122,-73.11107
2026,August,2,805794,Pearl Street at Summit Street,Essex Junction,28,2.472493509704537e-4,0.0011847839884906698,44.492274,-73.1155
2026,August,2,805795,Pearl Street at Hillcrest Road (Jiffy Lube),Essex Junction,113,9.978277378450452e-4,0.004781449667837346,44.493225,-73.117389
2026,August,2,805796,Pearl Street at Essex Junction Shopping Center.,Essex Junction,603,0.005324691379827985,0.025515169466424067,44.494521,-73.120046
2026,August,2,805797,Pearl Street at Gate A Fairgrounds,Essex Junction,742,0.006552107800717023,0.03139677569500275,44.4956,-73.122406
2026,August,2,805798,Pearl Street at Willey's Court,Essex Junction,168,0.0014834961058227223,0.007108703930944019,44.49691,-73.125335
2026,August,2,805799,Pearl Street at Complex 159,Essex Junction,74,6.534447132790562e-4,0.0031312148267253416,44.497953,-73.127588
2026,August,2,805800,Pearl Street at West Street (U-Turn),Essex Junction,105,9.271850661392014e-4,0.004442939956840012,44.499922,-73.130796
2026,August,2,805801,Pearl Street at 197 Pearl Inc.,Essex Junction,87,7.682390548010526e-4,0.00368129310709601,44.50076,-73.132168
2026,August,2,805802,Pearl Street at Contois Music,Essex Junction,59,5.209897038305989e-4,0.00249650911860534,44.501798,-73.133839
2026,August,2,805803,Pearl Street at 241 Pearl Apartments,Essex Junction,95,8.388817265068965e-4,0.004019802818093344,44.502877,-73.135618
2026,August,2,805804,Pearl Street at Susie Wilson Road,Essex,445,0.003929498613637568,0.018829602674226717,44.504157,-73.139286
2026,August,2,805805,Ethan Allen Avenue at Laurette Drive,Essex,249,0.002198753156844392,0.010536114754792028,44.504828,-73.142164
2026,August,2,805806,Ethan Allen Avenue at Green Mtn. Nursing,Colchester,115,0.0010154884057715062,0.00486607709558668,44.506969,-73.145567
2026,August,2,805808,Ethan Allen Avenue at Sloane Hall,Colchester,62,5.474807057202903e-4,0.0026234502602293405,44.50465687088816,-73.15017664095814
2026,August,2,805809,Ethan Allen Avenue at Catamount Lane,Colchester,177,0.0015629691114917967,0.00748952735581602,44.504317,-73.150454
2026,August,2,805810,Ethan Allen Avenue at Barnes Avenue,Colchester,353,0.0031171078890203626,0.014936740997757374,44.502712,-73.15154
2026,August,2,805811,College Parkway at Cumberland Farms,Colchester,191,0.0016865937869770234,0.008081919350061355,44.497571,-73.158398
2026,August,2,805812,College Parkway at Johnson Avenue,Colchester,133,0.001174434417109655,0.005627723945330682,44.496917,-73.15976
2026,August,2,805813,College Parkway at Campus Rd. (Saint Mikes East Entrance),Colchester,55,4.856683679776769e-4,0.0023272542631066727,44.4948981253552,-73.1618200255496
2026,August,2,805814,Saint Michael's College,Colchester,84,7.417480529113611e-4,0.0035543519654720095,44.49346454402722,-73.16288269076387
2026,August,2,805815,College Parkway at Campus Rd. (Saint Mikes West Entrance),Colchester,301,0.0026579305229323773,0.0127364278762747,44.493114,-73.166998
2026,August,2,805816,College Parkway at Florida Avenue,Colchester,150,0.0013245500944845735,0.006347057081200017,44.493376,-73.171038
2026,August,2,805817,E Allen Street at Dion Street,Winooski,309,0.002728573194638221,0.013074937587272035,44.4932242751315,-73.1756392046093
2026,August,2,805819,Spinner Place/ Champlain Mill,Winooski,1531,0.013519241297705879,0.06478229594211483,44.4903075657594,-73.1848931831459
2026,August,2,805820,Colchester Avenue at Barrett Street,Burlington,324,0.0028610282040866784,0.013709643295392036,44.48766,-73.186825
2026,August,2,805821,Colchester Avenue at Opposite Chase Street,Burlington,257,0.002269395828550236,0.010874624465789363,44.486574,-73.187045
2026,August,2,805822,Colchester Avenue at Nash Place,Burlington,74,6.534447132790562e-4,0.0031312148267253416,44.483724,-73.189341
2026,August,2,805823,Colchester Avenue at UVM Trinty Campus,Burlington,116,0.0010243187397347368,0.004908390809461346,44.482849,-73.191372
2026,August,2,805824,Colchester Avenue at Mansfield Avenue,Burlington,134,0.0011832647510728856,0.0056700376592053485,44.480697,-73.198467
2026,August,2,805825,Pearl Street at N. Prospect Street,Burlington,146,0.0012892287586316515,0.00617780222570135,44.480722,-73.200124
2026,August,2,805826,Pearl Street at N. Williams Street,Burlington,28,2.472493509704537e-4,0.0011847839884906698,44.480754,-73.203485
2026,August,2,805827,Pearl Street at N. Willard Street,Burlington,13,1.1479434152199636e-4,5.500782803706682e-4,44.480709,-73.205423
2026,August,2,805828,Pearl Street at Greene Street,Burlington,7,6.181233774261343e-5,2.9619599712266744e-4,44.480637,-73.207642
2026,August,2,805829,Pearl Street at N Union Street,Burlington,11,9.713367359553538e-5,4.6545085262133455e-4,44.480617,-73.209172
2026,August,2,805886,Pearl Street at Hillcrest Road,Essex Junction,29,2.560796849336842e-4,0.0012270977023653366,44.49273,-73.116386
2026,August,2,805954,Pearl Street at N Winooski Avenue,Burlington,969,0.008556593610370344,0.04100198874455211,44.48046,-73.21053
2026,August,2,805957,Global Foundries,Essex Junction,96,8.47712060470127e-4,0.004062116531968011,44.478208,-73.100918
2026,August,2,806001,Colchester Avenue at VAS Clinic,Burlington,168,0.0014834961058227223,0.007108703930944019,44.480738,-73.197324
2026,August,2,806013,College Parkway at Camp Johnson,Colchester,111,9.801670699185843e-4,0.004696822240088013,44.49880348515874,-73.1559835326247
2026,August,2,806027,Fort Ethan Allen/Elly-Long Music Building,Colchester,175,0.0015453084435653357,0.007404899928066686,44.505446,-73.149362
2026,August,2,806031,Abenaki Way at CCV,Winooski,386,0.003408508909806969,0.016333093555621375,44.4914,-73.18188
2026,August,2,806048,Ethan Allen Avenue at Winooski Road (#310),Essex,136,0.0012009254189993465,0.005754665086954682,44.5056706154035,-73.143589963389
2026,August,2,806067,E Allen Street at Gadues Dry Cleaning,Winooski,406,0.0035851155890715787,0.017179367833114714,44.492057,-73.180731
2026,August,2,806068,Abenaki Way at Opposite CCV,Winooski,231,0.002039807145506243,0.009774467905048026,44.49057554288402,-73.18206826541565
2026,August,2,806130,Ethan Allen Avenue at Rt. 15,Essex,110,9.713367359553538e-4,0.004654508526213345,44.504827,-73.142277000000007
2026,August,4,805792,Amtrak,Essex Junction,136,0.0012009254189993465,0.31336405529953915,44.492655,-73.110355
2026,August,4,805831,Main Street at #141,Essex Junction,4,3.532133585292196e-5,0.009216589861751152,44.49757,-73.09973
2026,August,4,805835,Essex Way at Post Office,Essex,16,1.4128534341168784e-4,0.03686635944700461,44.507432,-73.078932
2026,August,4,805836,Center Road at Essex Way,Essex,11,9.713367359553538e-5,0.02534562211981567,44.510195,-73.078172
2026,August,4,805837,Route 15 at Saybrook Road,Essex,3,2.6491001889691468e-5,0.0069124423963133645,44.510361,-73.074694
2026,August,4,805838,Route 15 at Sunset Drive,Essex,13,1.1479434152199636e-4,0.029953917050691243,44.51062,-73.06947
2026,August,4,805839,Route 15 at Opposite Essex Square,Essex,9,7.94730056690744e-5,0.020737327188940093,44.51078,-73.06588
2026,August,4,805840,Essex Center,Essex,5,4.4151669816152445e-5,0.01152073732718894,44.51147,-73.06085
2026,August,4,805842,Sand Hill Road at Opposite Champlain Farms,Essex,11,9.713367359553538e-5,0.02534562211981567,44.50812,-73.05488
2026,August,4,805843,Sand Hill Road at Essex Town Park,Essex,2,1.766066792646098e-5,0.004608294930875576,44.50738,-73.05433
2026,August,4,805844,Sand Hill Road at Cemetery Road,Essex,4,3.532133585292196e-5,0.009216589861751152,44.506594,-73.05374
2026,August,4,805845,Sand Hill Road at Foster Road,Essex,12,1.0596400755876587e-4,0.027649769585253458,44.504439,-73.052051
2026,August,4,805846,Sand Hill Road at Founders Road,Essex,7,6.181233774261343e-5,0.016129032258064516,44.5021,-73.05018
2026,August,4,805848,Sand Hill Road at Lasalle Road,Essex,12,1.0596400755876587e-4,0.027649769585253458,44.49745,-73.04948
2026,August,4,805851,Sand Hill Road at Opposite Offset House,Essex,2,1.766066792646098e-5,0.004608294930875576,44.4912,-73.05018
2026,August,4,805852,Sand Hill Road at Oak Park,Essex,5,4.4151669816152445e-5,0.01152073732718894,44.48924603059581,-73.05032915099912
2026,August,4,805854,River Road at #213,Essex,3,2.6491001889691468e-5,0.0069124423963133645,44.47903,-73.05348
2026,August,4,805855,River Road at #195,Essex,3,2.6491001889691468e-5,0.0069124423963133645,44.47912,-73.05692
2026,August,4,805856,River Road at Greenfield Road,Essex,3,2.6491001889691468e-5,0.0069124423963133645,44.47912,-73.0587
2026,August,4,805858,River Road at Pinewood Drive,Essex,1,8.83033396323049e-6,0.002304147465437788,44.48332,-73.07422
2026,August,4,805859,River Road at 83 River Road Apartments,Essex,1,8.83033396323049e-6,0.002304147465437788,44.48335291971945,-73.076046147429
2026,August,4,805860,River Road at Valleyview Drive,Essex,2,1.766066792646098e-5,0.004608294930875576,44.483526,-73.079358
2026,August,4,805864,Maple Street at Oak Street,Essex Junction,1,8.83033396323049e-6,0.002304147465437788,44.48927,-73.10628
2026,August,4,805865,Maple Street at East Street,Essex Junction,1,8.83033396323049e-6,0.002304147465437788,44.489608,-73.107468
2026,August,4,805866,Maple Street at Railroad Street (Bushey's Sunoco),Essex Junction,3,2.6491001889691468e-5,0.0069124423963133645,44.49012,-73.10942
2026,August,4,805887,Sand Hill Road at Greenbriar Road,Essex,3,2.6491001889691468e-5,0.0069124423963133645,44.485313462223864,-73.04992254389322
2026,August,4,805913,Educational Drive at Main Street,Essex Junction,8,7.064267170584392e-5,0.018433179723502304,44.494117,-73.106157
2026,August,4,805914,Essex Experience at McDonalds,Essex,14,1.2362467548522686e-4,0.03225806451612903,44.5076267390293,-73.0860646551367
2026,August,4,805915,Sand Hill Road at Tanglewood Road,Essex,17,1.5011567737491832e-4,0.03917050691244239,44.5057,-73.053
2026,August,4,805916,River Road at Pinewood Plaza,Essex,1,8.83033396323049e-6,0.002304147465437788,44.48340130629136,-73.08151838214587
2026,August,4,805917,Maple Street at Maplewood Lane,Essex Junction,3,2.6491001889691468e-5,0.0069124423963133645,44.4867,-73.10147
2026,August,4,806006,Essex Experience,Essex,40,3.5321335852921956e-4,0.09216589861751152,44.507,-73.08072
2026,August,4,806007,Route 15 at Lyon Lane,Essex,9,7.94730056690744e-5,0.020737327188940093,44.51048,-73.0726
2026,August,4,806012,River Road at Citgo,Essex,4,3.532133585292196e-5,0.009216589861751152,44.483426,-73.084564
2026,August,4,806037,Main Street at Brickyard Road,Essex Junction,6,5.2982003779382937e-5,0.013824884792626729,44.495989,-73.102014
2026,August,4,806038,River Road at Maple Street,Essex Junction,2,1.766066792646098e-5,0.004608294930875576,44.48417,-73.09515
2026,August,4,806070,River Road at Opposite #30,Essex,12,1.0596400755876587e-4,0.027649769585253458,44.48357,-73.08663
2026,August,4,812017,Essex Experience-Hannaford,Essex,45,3.97365028345372e-4,0.10368663594470046,44.506631,-73.084664
2026,August,5,2562322,Downtown Transit Center,Burlington,1763,0.015567878777175352,0.3878987898789879,44.479731,-73.214298
2026,August,5,2573649,194 St Paul Street (Eagles Landing),Burlington,42,3.7087402645568057e-4,0.009240924092409241,44.474220989280326,-73.21381420717712
2026,August,5,4251888,Champlain Parkway at Home Ave,Burlington,223,0.0019691644738003993,0.04906490649064906,44.45162405,-73.217689578
2026,August,5,4251889,Champlain Parkway at Flynn Ave,Burlington,259,0.0022870564964766965,0.05698569856985698,44.455390433,-73.217056133
2026,August,5,4251891,Pine Street at Kilburn Street,Burlington,79,6.975963830952086e-4,0.01738173817381738,44.470969443,-73.21518026
2026,August,5,4254428,Pearl Street at Opposite North Champlain Street,Burlington,6,5.2982003779382937e-5,0.0013201320132013201,44.480227,-73.218169
2026,August,5,4261914,Lakeside Avenue at Champlain Parkway,Burlington,157,0.001386362432227187,0.03454345434543454,44.461236,-73.216272
2026,August,5,4261915,Champlain Parkway at Sears Lane,Burlington,38,3.355526906027586e-4,0.008360836083608362,44.459125,-73.216789
2026,August,5,805484,S. Winooski Avenue at Bank Street,Burlington,179,0.0015806297794182576,0.039383938393839385,44.478387,-73.211225
2026,August,5,805536,Main Street at Pine Street,Burlington,15,1.3245500944845733e-4,0.0033003300330033004,44.47588,-73.2159
2026,August,5,805537,Battery Street at College Street,Burlington,29,2.560796849336842e-4,0.00638063806380638,44.47669,-73.218674
2026,August,5,805538,Battery Street at Cherry Street,Burlington,2,1.766066792646098e-5,4.4004400440044003e-4,44.47899973630009,-73.21883190406265
2026,August,5,805665,Maple Street at St Paul Street,Burlington,133,0.001174434417109655,0.029262926292629263,44.473688,-73.213657
2026,August,5,805724,Opposite 230 St Paul Street,Burlington,139,0.001227416420889038,0.030583058305830583,44.4725758663786,-73.21387942650665
2026,August,5,805726,Pine Street Opposite Pine Place (Old Greyhound),Burlington,65,5.739717076099818e-4,0.014301430143014302,44.469792,-73.215209
2026,August,5,805727,Pine Street at Opposite Howard Street,Burlington,25,2.2075834908076222e-4,0.005500550055005501,44.46707,-73.215043
2026,August,5,805728,Pine Street at Burlington Electric Dept.,Burlington,56,4.944987019409074e-4,0.012321232123212322,44.463529,-73.214778
2026,August,5,805729,Pine Street at Opposite Birchcliff Parkway,Burlington,38,3.355526906027586e-4,0.008360836083608362,44.459138,-73.214493
2026,August,5,805730,Pine Street at Long Trail Phys. Therapy,Burlington,86,7.594087208378221e-4,0.01892189218921892,44.457489,-73.214395
2026,August,5,805731,Howard Center,Burlington,93,8.212210585804355e-4,0.02046204620462046,44.45587805178482,-73.21433236507835
2026,August,5,805732,Pine Street at Lyman Avenue,Burlington,70,6.181233774261342e-4,0.015401540154015401,44.453353,-73.214448
2026,August,5,805733,Pine Street at Home Avenue,Burlington,131,0.001156773749183194,0.028822882288228824,44.451123,-73.214484
2026,August,5,805745,Pine Street at Locust Street,Burlington,404,0.0035674549211451175,0.08888888888888889,44.462799,-73.214615
2026,August,5,805746,Pine Street at Howard Street,Burlington,98,8.653727283965879e-4,0.02156215621562156,44.467066,-73.214898
2026,August,5,805747,230 St Paul Street,Burlington,225,0.00198682514172686,0.04950495049504951,44.472639,-73.213734
2026,August,5,805906,S. Winooski Avenue at King Street,Burlington,153,0.0013510410963742648,0.033663366336633666,44.475317956005064,-73.21098945119671
2026,August,5,805918,Pine Street at Lakeside Avenue (Cumberland Farms),Burlington,36,3.178920226762976e-4,0.007920792079207921,44.460789,-73.214604
2026,August,5,806011,Cherry Street at Opposite 3 Cathedral Square,Burlington,1,8.83033396323049e-6,2.2002200220022002e-4,44.479106,-73.217703
2026,August,6,2562322,Downtown Transit Center,Burlington,4904,0.04330395775568232,0.28032468274837086,44.479731,-73.214298
2026,August,6,4209791,Shelburne Road at Harrington Ave,Shelburne,252,0.0022252441587340835,0.014404938836172401,44.38334592099598,-73.22639409692734
2026,August,6,4254393,Shelburne Road at Opposite Prospect Parkway,Burlington,33,2.9140102078660616e-4,0.0018863610380701955,44.457375999999996,-73.20848
2026,August,6,4259665,5138 Shelburne Road,Shelburne,9,7.94730056690744e-5,5.144621012918715e-4,44.382721,-73.226898
2026,August,6,4262061,Shelburne Road at Hoover Street,Burlington,242,0.0021369408191017785,0.013833314279181434,44.460749,-73.207956
2026,August,6,805484,S. Winooski Avenue at Bank Street,Burlington,631,0.005571940730798439,0.0360695095461301,44.478387,-73.211225
2026,August,6,805534,Main Street at S Union Street,Burlington,5,4.4151669816152445e-5,2.8581227849548414e-4,44.47612,-73.20933
2026,August,6,805535,Main Street at Church Street,Burlington,20,1.7660667926460978e-4,0.0011432491139819366,44.47602,-73.21237
2026,August,6,805536,Main Street at Pine Street,Burlington,17,1.5011567737491832e-4,9.717617468846462e-4,44.47588,-73.2159
2026,August,6,805537,Battery Street at College Street,Burlington,41,3.620436924924501e-4,0.00234366068366297,44.47669,-73.218674
2026,August,6,805538,Battery Street at Cherry Street,Burlington,1,8.83033396323049e-6,5.716245569909683e-5,44.47899973630009,-73.21883190406265
2026,August,6,805539,S Union Street at Adams Street,Burlington,57,5.033290359041379e-4,0.0032582599748485195,44.47232,-73.20881
2026,August,6,805540,S Union Street at Spruce Street,Burlington,61,5.386503717570598e-4,0.003486909797644907,44.470663162357646,-73.20874371616048
2026,August,6,805541,S Union Street at Howard Street,Burlington,83,7.329177189481307e-4,0.004744483823025037,44.467451748434605,-73.20807407799322
2026,August,6,805542,S Union Street at St Paul Street,Burlington,75,6.622750472422867e-4,0.004287184177432263,44.465256,-73.207703
2026,August,6,805544,Shelburne Road at Opposite Hoover Street,Burlington,110,9.713367359553538e-4,0.0062878701269006515,44.46058,-73.20817
2026,August,6,805545,Shelburne Road at Birchcliff Parkway,Burlington,55,4.856683679776769e-4,0.0031439350634503258,44.45862,-73.208362
2026,August,6,805546,Shelburne Road at Burlington Subaru,Burlington,41,3.620436924924501e-4,0.00234366068366297,44.456321,-73.20858
2026,August,6,805547,Shelburne Road at Ferguson Avenue,Burlington,19,1.677763453013793e-4,0.00108608665828284,44.453955,-73.208797
2026,August,6,805548,Shelburne Road at Lyman Avenue,Burlington,23,2.0309768115430127e-4,0.0013147364810792272,44.45298,-73.20883
2026,August,6,805549,Shelburne Road at Scarff Avenue,Burlington,48,4.238560302350635e-4,0.002743797873556648,44.451904,-73.208988
2026,August,6,805550,Shelburne Road at Home Avenue,Burlington,570,0.005033290359041379,0.032582599748485194,44.450357,-73.209121
2026,August,6,805551,Shelburne Road at Queen City Parkway,South Burlington,37,3.267223566395281e-4,0.002115010860866583,44.445006,-73.209668
2026,August,6,805552,Shelburne Road at Opposite Brewer Parkway,South Burlington,141,0.001245077088815499,0.008059906253572653,44.44257,-73.20993
2026,August,6,805553,Shelburne Road at Fayette Road,South Burlington,186,0.001642442117160871,0.010632216760032011,44.436915,-73.210534
2026,August,6,805554,Shelburne Road at Holmes Road,South Burlington,21,1.8543701322784028e-4,0.0012004115696810334,44.43293,-73.211
2026,August,6,805555,Shelburne Road at Bartlett Bay Road,South Burlington,6,5.2982003779382937e-5,3.42974734194581e-4,44.42803,-73.21152
2026,August,6,805556,Shelburne Road at Harbor View Road,South Burlington,24,2.1192801511753175e-4,0.001371898936778324,44.42382,-73.21195
2026,August,6,805557,Shelburne Road at Opposite Allen Road,South Burlington,31,2.7374035286014515e-4,0.001772036126672002,44.42202,-73.21215
2026,August,6,805558,Shelburne Road at Pine Haven Shores Road,Shelburne,42,3.7087402645568057e-4,0.002400823139362067,44.4188,-73.2127
2026,August,6,805559,Shelburne Road at Opposite Martindale,Shelburne,14,1.2362467548522686e-4,8.002743797873557e-4,44.4167,-73.2134
2026,August,6,805560,Shelburne Road at Palmer Court,Shelburne,20,1.7660667926460978e-4,0.0011432491139819366,44.41318,-73.21455
2026,August,6,805561,Shelburne Road at Lakeview Drive,Shelburne,25,2.2075834908076222e-4,0.001429061392477421,44.41193,-73.21497
2026,August,6,805563,Shelburne Road at Bay Road,Shelburne,35,3.090616887130671e-4,0.002000685949468389,44.4057,-73.21698
2026,August,6,805564,Shelburne Road at Green Mountain Kenworth,Shelburne,23,2.0309768115430127e-4,0.0013147364810792272,44.40277,-73.2179
2026,August,6,805565,Shelburne Road at Tenneybrook Square,Shelburne,5,4.4151669816152445e-5,2.8581227849548414e-4,44.40097,-73.21848
2026,August,6,805566,Shelburne Road at Opposite Longmeadow Drive (The Commons),Shelburne,33,2.9140102078660616e-4,0.0018863610380701955,44.3959070841938,-73.2201433163049
2026,August,6,805568,Shelburne Road at Town Office,Shelburne,84,7.417480529113611e-4,0.004801646278724134,44.37908,-73.22825
2026,August,6,805569,Shelburne Museum,Shelburne,95,8.388817265068965e-4,0.005430433291414199,44.37672,-73.22913
2026,August,6,805570,Shelburne Road at Museum Main Gate,Shelburne,59,5.209897038305989e-4,0.0033725848862467133,44.37188,-73.23092
2026,August,6,805571,Marsett Road at Green Hills Drive,Shelburne,37,3.267223566395281e-4,0.002115010860866583,44.36972,-73.22888
2026,August,6,805572,Marsett Road at Maplewood Drive,Shelburne,30,2.6491001889691467e-4,0.001714873670972905,44.36992,-73.22743
2026,August,6,805573,Marsett Road at Falls Roadd,Shelburne,24,2.1192801511753175e-4,0.001371898936778324,44.370314,-73.224723
2026,August,6,805574,Falls Road at Shelburne Shopping Park,Shelburne,163,0.0014393444360065698,0.009317480278952784,44.37948,-73.22692
2026,August,6,805576,Shelburne Road at Webster Road,Shelburne,106,9.360154001024319e-4,0.006059220304104264,44.38762,-73.22465
2026,August,6,805577,Shelburne Road at Dutch Mill,Shelburne,185,0.0016336117831976405,0.010575054304332913,44.3937,-73.22055
2026,August,6,805578,Shelburne Road at Longmeadow Drive,Shelburne,187,0.0016512724511241015,0.010689379215731107,44.39648,-73.21962
2026,August,6,805579,Shelburne Road at Opposite Tenneybrook,Shelburne,30,2.6491001889691467e-4,0.001714873670972905,44.40157,-73.218
2026,August,6,805580,Shelburne Road at Opposite Shed Sales Antiques,Shelburne,75,6.622750472422867e-4,0.004287184177432263,44.40338,-73.21745
2026,August,6,805581,Shelburne Road at Executive Drive,Shelburne,412,0.0036380975928509618,0.023550931748027894,44.40637,-73.2165
2026,August,6,805583,Shelburne Road at Hullcrest Road,Shelburne,258,0.002278226162513466,0.014747913570366982,44.41257684917089,-73.21445643594137
2026,August,6,805584,Shelburne Road at Juniper Ridge,Shelburne,126,0.0011126220793670418,0.007202469418086201,44.41375,-73.21407
2026,August,6,805585,Shelburne Road at Martindale Road,Shelburne,184,0.0016247814492344101,0.010517891848633817,44.41737,-73.21288
2026,August,6,805586,Shelburne Road at Locust Hill,Shelburne,175,0.0015453084435653357,0.010003429747341946,44.41945,-73.21218
2026,August,6,805587,Shelburne Road at Allen Road,South Burlington,513,0.004529961323137241,0.029324339773636677,44.4227,-73.21175
2026,August,6,805588,Shelburne Road at Green Mtn. Drive,South Burlington,178,0.001571799445455027,0.010174917114439236,44.42875,-73.21112
2026,August,6,805589,Shelburne Road at IDX Drive,South Burlington,140,0.0012362467548522685,0.008002743797873557,44.43377,-73.21058
2026,August,6,805590,Shelburne Road at Sleepquarters,South Burlington,92,8.123907246172051e-4,0.005258945924316909,44.4351,-73.21048
2026,August,6,805591,Shelburne Road at MacIntosh Drive,South Burlington,208,0.0018367094643519418,0.01188979078541214,44.43715,-73.21028
2026,August,6,805592,Shelburne Road at Baldwin Avenue,South Burlington,412,0.0036380975928509618,0.023550931748027894,44.438626,-73.210108
2026,August,6,805593,Shelburne Road at Laurel Hill Drive,South Burlington,290,0.002560796849336842,0.01657711215273808,44.441249,-73.20983
2026,August,6,805594,Shelburne Road at Lindenwood Drive,South Burlington,552,0.00487434434770323,0.03155367554590145,44.444169,-73.209501
2026,August,6,805595,Shelburne Road at Farrell Street,South Burlington,2032,0.017943238613284354,0.11615410998056476,44.450421,-73.208905
2026,August,6,805596,Shelburne Road at Hadley Road,South Burlington,281,0.0024813238436677677,0.01606265005144621,44.452346,-73.208731
2026,August,6,805597,Shelburne Road at Proctor Avenue,South Burlington,208,0.0018367094643519418,0.01188979078541214,44.4549625141176,-73.2084395754862
2026,August,6,805598,Shelburne Road at Kinney Drugs,Burlington,137,0.0012097557529625771,0.007831256430776265,44.456778,-73.208325
2026,August,6,805599,Shelburne Road at Clymer Street,Burlington,91,8.035603906539745e-4,0.005201783468617812,44.458365,-73.208201
2026,August,6,805601,South Union Street at Opposite Saint Paul Street,Burlington,108,9.536760680288928e-4,0.006173545215502458,44.465356,-73.207568
2026,August,6,805602,S Union Street at Howard Street,Burlington,53,4.6800770005121594e-4,0.003029610152052132,44.4672,-73.20783
2026,August,6,805603,S Union Street at Bayview Court,Burlington,52,4.5917736608798546e-4,0.002972447696353035,44.46843,-73.20813
2026,August,6,805604,S Union Street at Spruce Street,Burlington,51,4.50347032124755e-4,0.0029152852406539383,44.470452,-73.208604
2026,August,6,805605,S Union Street at Maple Street,Burlington,10,8.830333963230489e-5,5.716245569909683e-4,44.47378,-73.2088
2026,August,6,805606,S Union Street at Opposite King Street,Burlington,11,9.713367359553538e-5,6.287870126900652e-4,44.47498,-73.20885
2026,August,6,805871,Shelburne Road at Flynn Avenue,Burlington,73,6.446143793158258e-4,0.004172859266034069,44.455267466135794,-73.20861765878698
2026,August,6,805872,Shelburne Road at Hannaford Drive (Olive Garden),South Burlington,88,7.77069388764283e-4,0.005030296101520521,44.440723,-73.210134
2026,August,6,805873,Shelburne Road at Opposite Baldwin Avenue,South Burlington,76,6.711053812055172e-4,0.00434434663313136,44.438538,-73.210366
2026,August,6,805876,S Union Street at Opposite Bayview Street,Burlington,98,8.653727283965879e-4,0.00560192065851149,44.4685615194674,-73.2083037554183
2026,August,6,805889,Falls Road at LaPlatte Circle,Shelburne,84,7.417480529113611e-4,0.004801646278724134,44.3722,-73.22502
2026,August,6,805906,S. Winooski Avenue at King Street,Burlington,858,0.0075764265404517596,0.049045386989825086,44.475317956005064,-73.21098945119671
2026,August,6,805907,Shelburne Road at Harbor Road,Shelburne,15,1.3245500944845733e-4,8.574368354864525e-4,44.380805,-73.227544
2026,August,6,805908,Maple Street at Union Street,Burlington,287,0.0025343058474471504,0.016405624785640793,44.47377,-73.20912
2026,August,6,805911,Shelburne Road at Alfred Street,Burlington,129,0.001139113081256733,0.007373956785183491,44.459642,-73.20808
2026,August,6,805912,Vermont Teddy Bear Factory,Shelburne,22,1.9426734719107076e-4,0.0012575740253801303,44.36152,-73.23055
2026,August,6,806011,Cherry Street at Opposite 3 Cathedral Square,Burlington,1,8.83033396323049e-6,5.716245569909683e-5,44.479106,-73.217703
2026,August,6,806025,Shelburne Road at Bostwick Road,Shelburne,103,9.095243982127404e-4,0.0058877329370069734,44.36995,-73.23162
2026,August,6,806028,Shelburne Road at Opposite Webster Road (Office Park),Shelburne,10,8.830333963230489e-5,5.716245569909683e-4,44.38795,-73.22467
2026,August,6,806041,5224 Shelburne Road,Shelburne,14,1.2362467548522686e-4,8.002743797873557e-4,44.381457,-73.227305
2026,August,6,820638,Shelburne Road at Locust Street,Burlington,47,4.15025696271833e-4,0.0026866354178575512,44.463741453424014,-73.2078657103599
2026,August,7,2562322,Downtown Transit Center,Burlington,4127,0.03644278826625223,0.2874155581865032,44.479731,-73.214298
2026,August,7,805607,Pearl Street at Elmwood Avenue,Burlington,6,5.2982003779382937e-5,4.178563966850059e-4,44.480451,-73.213722
2026,August,7,805610,North Street at Elmwood Avenue,Burlington,226,0.0019956554756900904,0.015739257608468556,44.48478,-73.21363
2026,August,7,805669,North Street at Opposite Murray Street,Burlington,155,0.001368701764300726,0.01079462358102932,44.48468,-73.21585
2026,August,7,805670,North Street at N. Champlain Street,Burlington,178,0.001571799445455027,0.01239640643498851,44.48464,-73.21755
2026,August,7,805671,North Street at Blodgett Street,Burlington,165,0.0014570051039330307,0.011491050908837662,44.48448,-73.22113
2026,August,7,805672,North Avenue at Strong Street,Burlington,116,0.0010243187397347368,0.008078557002576781,44.48555,-73.22318
2026,August,7,805673,North Avenue at Washington Street,Burlington,91,8.035603906539745e-4,0.006337488683055923,44.48783,-73.22497
2026,August,7,805675,North Ave at Opposite Cambrian Rise,Burlington,115,0.0010154884057715062,0.008008914269795947,44.490374789966715,-73.22694498290925
2026,August,7,805676,North Avenue at Opposite Lakeview Cem.,Burlington,44,3.885346943821415e-4,0.00306428024235671,44.49305,-73.22907
2026,August,7,805677,Opposite Burlington High School,Burlington,567,0.005006799357151688,0.03948742948673306,44.497347,-73.232414
2026,August,7,805678,North Avenue at Beltline,Burlington,18,1.589460113381488e-4,0.0012535691900550177,44.50003,-73.23538
2026,August,7,805679,North Avenue at Saratoga Avenue,Burlington,5,4.4151669816152445e-5,3.482136639041716e-4,44.502521,-73.238743
2026,August,7,805680,North Avenue at Village Green,Burlington,19,1.677763453013793e-4,0.0013232119228358521,44.503302,-73.239826
2026,August,7,805681,North Avenue at Rite Aid,Burlington,103,9.095243982127404e-4,0.007173201476425935,44.50468,-73.24163
2026,August,7,805682,Opposite Ethan Allen Shopping Center,Burlington,457,0.004035462621196334,0.03182672888084129,44.50669307103158,-73.24436667857378
2026,August,7,805683,North Avenue at Poirier Place,Burlington,116,0.0010243187397347368,0.008078557002576781,44.508373,-73.2467
2026,August,7,805684,North Avenue at Heineberg Road,Burlington,63,5.563110396835209e-4,0.0043874921651925625,44.509442,-73.248161
2026,August,7,805685,North Avenue at Gosse Court,Burlington,57,5.033290359041379e-4,0.003969635768507556,44.51062,-73.24977
2026,August,7,805686,North Avenue at Bessery Market,Burlington,131,0.001156773749183194,0.009123197994289296,44.51227,-73.25198
2026,August,7,805687,North Avenue at Edgemoor Drive,Burlington,124,0.0010949614114405806,0.008635698864823455,44.51292,-73.25287
2026,August,7,805688,North Avenue at Cayuga Court,Burlington,99,8.742030623598184e-4,0.006894630545302598,44.51372,-73.25393
2026,August,7,805689,North Avenue at Birch Court,Burlington,141,0.001245077088815499,0.009819625322097639,44.51433,-73.25475
2026,August,7,805690,North Avenue at Franklin Sq.,Burlington,302,0.0026667608568956076,0.021032105299811966,44.515150248912775,-73.25586414915972
2026,August,7,805692,North Avenue at Morgan Street,Burlington,8,7.064267170584392e-5,5.571418622466746e-4,44.52015,-73.26265
2026,August,7,805695,North Avenue at Northgate Road,Burlington,957,0.008450629602811578,0.06664809527125845,44.52059866074774,-73.26343139125463
2026,August,7,805696,North Avenue at Opposite Algird Street,Burlington,263,0.002322377832329619,0.018316038721359427,44.51935,-73.26173
2026,August,7,805697,North Avenue at Browe Court,Burlington,78,6.887660491319782e-4,0.005432133156905077,44.51855,-73.26067
2026,August,7,805698,North Avenue at Starr Farm Road,Burlington,213,0.0018808611341680943,0.01483390208231771,44.5172,-73.25882
2026,August,7,805699,North Avenue at Loaldo Drive,Burlington,167,0.0014746657718594917,0.01163033637439933,44.51486646173666,-73.25575626842328
2026,August,7,805700,North Avenue at Cross Parkway,Burlington,88,7.77069388764283e-4,0.00612856048471342,44.51327591364524,-73.2535893886282
2026,August,7,805701,North Avenue at Staniford Road,Burlington,107,9.448457340656624e-4,0.007451772407549272,44.512482637184064,-73.25249088947282
2026,August,7,805702,North Avenue at Woodbury Road,Burlington,119,0.0010508097416244283,0.008287485200919284,44.51177,-73.2515
2026,August,7,805703,North Avenue at Dodds Court,Burlington,146,0.0012892287586316515,0.01016783898600181,44.510541541785194,-73.24989447764318
2026,August,7,805704,North Avenue at Shore Road,Burlington,134,0.0011832647510728856,0.009332126192631799,44.509482,-73.248476
2026,August,7,805705,North Avenue at Dept. Motor Vehicles,Burlington,314,0.002772724864454374,0.021867818093181977,44.508268,-73.246789
2026,August,7,805706,Ethan Allen Shopping Center,Burlington,742,0.006552107800717023,0.051674907723379064,44.506523,-73.244415
2026,August,7,805707,North Avenue at Lakewood Parkway,Burlington,320,0.0028257068682337565,0.022285674489866982,44.504869,-73.242206
2026,August,7,805708,North Avenue at Killarney Drive,Burlington,105,9.271850661392014e-4,0.007312486941987603,44.503349,-73.240156
2026,August,7,805709,North Avenue at Oppostie Saratoga Ave. (Elk's Lodge),Burlington,81,7.152570510216696e-4,0.00564106135524758,44.50261,-73.239132
2026,August,7,805710,North Avenue at Route 127,Burlington,44,3.885346943821415e-4,0.00306428024235671,44.501077,-73.237206
2026,August,7,805711,Burlington High School,Burlington,600,0.005298200377938294,0.041785639668500595,44.497539,-73.232767
2026,August,7,805713,North Ave at Cambrian Rise,Burlington,367,0.0032407325645055895,0.025558882930566195,44.48977976148372,-73.22669459131767
2026,August,7,805715,North Avenue at Berry Street,Burlington,120,0.0010596400755876587,0.008357127933700118,44.487623,-73.224958
2026,August,7,805716,North Avenue at Opposite Ward Street,Burlington,46,4.0619536230860254e-4,0.0032035657079183787,44.486342,-73.223938
2026,August,7,805717,North Avenue at Canfield Street,Burlington,72,6.357840453525952e-4,0.005014276760220071,44.48527,-73.2231
2026,August,7,805718,North Street at Front Street,Burlington,116,0.0010243187397347368,0.008078557002576781,44.484442,-73.220842
2026,August,7,805719,North Street at N. Champlain Street,Burlington,33,2.9140102078660616e-4,0.0022982101817675326,44.4845449143604,-73.21810361126342
2026,August,7,805720,North Street at Murray Street,Burlington,49,4.3268636419829397e-4,0.003412493906260882,44.48462,-73.216134
2026,August,7,805721,North Street at Elmwood Avenue,Burlington,31,2.7374035286014515e-4,0.0021589247162058637,44.484724,-73.213421
2026,August,7,805722,No. Winooski Avenue at Grant Street,Burlington,11,9.713367359553538e-5,7.660700605891775e-4,44.48238,-73.21138
2026,August,7,805879,North Avenue at Algird Street,Burlington,45,3.97365028345372e-4,0.0031339229751375444,44.51945,-73.26172
2026,August,7,805880,North Avenue at Green Acres Drive,Burlington,67,5.916323755364428e-4,0.0046660630963158995,44.51383554132112,-73.25433910719357
2026,August,7,805881,North Street at N. Winooski Avenue,Burlington,19,1.677763453013793e-4,0.0013232119228358521,44.484763,-73.21159
2026,August,7,805949,N Union Street at Pearl Street,Burlington,213,0.0018808611341680943,0.01483390208231771,44.48083,-73.2093
2026,August,7,805950,N Union Street at Loomis Street,Burlington,135,0.0011920950850361162,0.009401768925412633,44.48292,-73.20945
2026,August,7,805951,N Union Street at North Street,Burlington,84,7.417480529113611e-4,0.0058499895535900825,44.48458,-73.20957
2026,August,7,805952,North Street at N Winooski Avenue,Burlington,96,8.47712060470127e-4,0.006685702346960094,44.48485,-73.21115
2026,August,7,805953,North Avenue at Barley Road,Burlington,77,6.799357151687477e-4,0.005362490424124243,44.51807,-73.25985
2026,August,7,805954,Pearl Street at N Winooski Avenue,Burlington,217,0.0019161824700210162,0.015112473013441048,44.48046,-73.21053
2026,August,7,805955,Burlington High School Circle,Burlington,84,7.417480529113611e-4,0.0058499895535900825,44.4973299,-73.233234
2026,August,7,805956,North Avenue at Tracy Drive,Burlington,309,0.002728573194638221,0.021519604429277805,44.5159084205904,-73.25714573796444
2026,August,7,805993,North Avenue at Lakeview Cemetery,Burlington,74,6.534447132790562e-4,0.00515356222578174,44.492721535987414,-73.22897998070101
2026,August,7,805994,North Street at Park Street,Burlington,34,3.0023135474983664e-4,0.002367852914548367,44.484472,-73.21905
2026,August,7,806009,Heineberg Housing,Burlington,76,6.711053812055172e-4,0.0052928476913434086,44.5107483,-73.246847
2026,August,7,806071,North Avenue at N of Institute Road,Burlington,73,6.446143793158258e-4,0.005083919493000905,44.4988638777257,-73.23408881833916
2026,August,8,2556011,N Champlain Street and Peru Street,Burlington,29,2.560796849336842e-4,0.016319639842431063,44.48262463352549,-73.21751852446796
2026,August,8,2562322,Downtown Transit Center,Burlington,627,0.005536619394945517,0.35284186831738884,44.479731,-73.214298
2026,August,8,805537,Battery Street at College Street,Burlington,3,2.6491001889691468e-5,0.0016882386043894203,44.47669,-73.218674
2026,August,8,805538,Battery Street at Cherry Street,Burlington,24,2.1192801511753175e-4,0.013505908835115363,44.47899973630009,-73.21883190406265
2026,August,8,805647,Pearl Street at N. Champlain Street,Burlington,40,3.5321335852921956e-4,0.022509848058525603,44.4804,-73.21682
2026,August,8,805648,N Union Street at N Winooski Avenue,Burlington,153,0.0013510410963742648,0.08610016882386044,44.4861,-73.20968
2026,August,8,805649,N Winooski Avenue at Archibald Street,Burlington,110,9.713367359553538e-4,0.061902082160945414,44.48767,-73.2081
2026,August,8,805650,Archibald Street at N Willard Street,Burlington,64,5.651413736467514e-4,0.03601575689364097,44.488026,-73.206167
2026,August,8,805651,Archibald Street at N Prospect Street,Burlington,52,4.5917736608798546e-4,0.029262802476083285,44.4877,-73.20227
2026,August,8,805652,N Prospect Street at Colonial Square,Burlington,15,1.3245500944845733e-4,0.008441193021947102,44.48697,-73.20195
2026,August,8,805653,N Prospect Street at Pearl Street,Burlington,4,3.532133585292196e-5,0.0022509848058525606,44.48102,-73.20082
2026,August,8,805654,UHC Main Lobby,Burlington,28,2.472493509704537e-4,0.015756893640967922,44.4793798194986,-73.2006045824597
2026,August,8,805655,UVM Waterman Building,Burlington,66,5.828020415732123e-4,0.03714124929656725,44.478071432337174,-73.20062330888942
2026,August,8,805656,S Prospect Street at Maple Street,Burlington,44,3.885346943821415e-4,0.024760832864378166,44.47423,-73.200632
2026,August,8,805660,Maple Street at South Willard Street,Burlington,21,1.8543701322784028e-4,0.011817670230725942,44.474047415860184,-73.20512136998575
2026,August,8,805662,Maple Street at S. Union Street,Burlington,12,1.0596400755876587e-4,0.006752954417557681,44.473884,-73.20868
2026,August,8,805663,Maple Street at S. Winooski Avenue,Burlington,7,6.181233774261343e-5,0.0039392234102419805,44.47383,-73.210641
2026,August,8,805664,Maple Street at Church Street,Burlington,8,7.064267170584392e-5,0.004501969611705121,44.473771,-73.212224
2026,August,8,805665,Maple Street at St Paul Street,Burlington,13,1.1479434152199636e-4,0.007315700619020821,44.473688,-73.213657
2026,August,8,805666,Maple Street at Pine Street,Burlington,14,1.2362467548522686e-4,0.007878446820483961,44.473622,-73.21523
2026,August,8,805667,Maple Street at Battery St,Burlington,84,7.417480529113611e-4,0.04727068092290377,44.473558,-73.217914
2026,August,8,805668,Battery Street at King Street,Burlington,8,7.064267170584392e-5,0.004501969611705121,44.474485,-73.218508
2026,August,8,805720,North Street at Murray Street,Burlington,50,4.4151669816152445e-4,0.028137310073157007,44.48462,-73.216134
2026,August,8,805721,North Street at Elmwood Avenue,Burlington,31,2.7374035286014515e-4,0.017445132245357344,44.484724,-73.213421
2026,August,8,805877,North Street at North Union Street,Burlington,24,2.1192801511753175e-4,0.013505908835115363,44.484805,-73.209904
2026,August,8,805878,Battery Street at Main Street,Burlington,5,4.4151669816152445e-5,0.0028137310073157004,44.47538,-73.21857
2026,August,8,805881,North Street at N. Winooski Avenue,Burlington,21,1.8543701322784028e-4,0.011817670230725942,44.484763,-73.21159
2026,August,8,805920,N Prospect Street at Loomis Street,Burlington,5,4.4151669816152445e-5,0.0028137310073157004,44.483159711608565,-73.20123838453912
2026,August,8,805999,N Prospect Street at North Street,Burlington,7,6.181233774261343e-5,0.0039392234102419805,44.485126,-73.201598
2026,August,8,806029,Fern Hill,Burlington,84,7.417480529113611e-4,0.04727068092290377,44.48710922696219,-73.20080938773157
2026,August,8,806030,McAuley Square,Burlington,124,0.0010949614114405806,0.06978052898142938,44.48485932111906,-73.197974635582
2026,August,9,2535799,Pine St at Hickock St,Winooski,91,8.035603906539745e-4,0.011227637260950031,44.497364,-73.196294
2026,August,9,2562322,Downtown Transit Center,Burlington,3182,0.02809812267099942,0.39259716224552743,44.479731,-73.214298
2026,August,9,4262062,West Spring Street at Mallets Bay Avenue,Winooski,29,2.560796849336842e-4,0.003578038247995065,44.49522,-73.19227
2026,August,9,805607,Pearl Street at Elmwood Avenue,Burlington,9,7.94730056690744e-5,0.001110425663170882,44.480451,-73.213722
2026,August,9,805608,Elmwood Avenue at Elmwood Center,Burlington,44,3.885346943821415e-4,0.0054287476866132015,44.48132,-73.21352
2026,August,9,805609,Elmwood Avenue at Opposite Peru Street,Burlington,66,5.828020415732123e-4,0.008143121529919802,44.48258,-73.21362
2026,August,9,805611,Elmwood Avenue at Spring Street,Burlington,46,4.0619536230860254e-4,0.00567550894509562,44.487349,-73.214014
2026,August,9,805612,Archibald Street at Walnut Street,Burlington,38,3.355526906027586e-4,0.004688463911165947,44.487673,-73.213751
2026,August,9,805613,Archibald Street at Intervale Avenue,Burlington,61,5.386503717570598e-4,0.007526218383713757,44.48778,-73.21147
2026,August,9,805614,Intervale Avenue at Opposite Willow Street,Burlington,47,4.15025696271833e-4,0.005798889574336829,44.48863,-73.21042
2026,August,9,805615,Intervale Avenue at Riverside Avenue,Burlington,38,3.355526906027586e-4,0.004688463911165947,44.4893,-73.20985
2026,August,9,805616,Riverside Avenue at Bright Street,Burlington,58,5.121593698673684e-4,0.00715607649599013,44.48947,-73.20833
2026,August,9,805617,Community Health Center,Burlington,125,0.0011037917454038112,0.015422578655151141,44.489602490295084,-73.20611120741472
2026,August,9,805618,Riverside Avenue at N. Prospect Street,Burlington,29,2.560796849336842e-4,0.003578038247995065,44.48868651,-73.20182517
2026,August,9,805619,Riverside Avenue at Koffee Kup Bakery,Burlington,18,1.589460113381488e-4,0.002220851326341764,44.488130016524465,-73.19872632257795
2026,August,9,805620,Riverside Avenue at Salmon Run,Burlington,90,7.94730056690744e-4,0.011104256631708822,44.48641,-73.191726
2026,August,9,805623,Main Street at La Fountain Street,Winooski,52,4.5917736608798546e-4,0.0064157927205428745,44.49665,-73.18508
2026,August,9,805624,E Spring Street at Spring Garden,Winooski,113,9.978277378450452e-4,0.013942011104256632,44.4946270837024,-73.1851116254566
2026,August,9,805625,Main Street at Burling Street,Winooski,54,4.768380340144464e-4,0.006662553979025293,44.49784883198794,-73.18448591396849
2026,August,9,805627,Main Street at Normand Street-Winooski High School,Winooski,143,0.00126273775674196,0.017643429981492906,44.500951296310525,-73.18295517422409
2026,August,9,805628,Weaver Street at Tigan Street,Winooski,76,6.711053812055172e-4,0.009376927822331894,44.50142,-73.18435
2026,August,9,805629,Weaver Street at St. Francis Xavier Cemetery,Winooski,30,2.6491001889691467e-4,0.003701418877236274,44.4985967050366,-73.1858917531653
2026,August,9,805630,W. Spring Street at Our Lady of Providence,Winooski,44,3.885346943821415e-4,0.0054287476866132015,44.49518,-73.18847
2026,August,9,805631,W. Spring Street at North Street,Winooski,32,2.825706868233757e-4,0.003948180135718692,44.49518873002957,-73.18957765953223
2026,August,9,805632,Hickok Street at Elm Street,Winooski,130,0.0011479434152199637,0.016039481801357187,44.495415,-73.19483
2026,August,9,805633,West Lane at Malletts Bay Avenue,Winooski,276,0.002437172173851615,0.03405305367057372,44.49343,-73.19125
2026,August,9,805634,Mallets Bay Avenue at O'Brien Center,Winooski,215,0.0018985218020945553,0.02652683528685996,44.4922537130923,-73.1899693138969
2026,August,9,805635,Riverside Avenue at Dunkin Donuts,Burlington,52,4.5917736608798546e-4,0.0064157927205428745,44.48860661486667,-73.20076828347567
2026,August,9,805636,Riverside Avenue at Intervale Road,Burlington,39,3.443830245659891e-4,0.004811844540407156,44.48903838562042,-73.20218804339953
2026,August,9,805637,Community Health Center,Burlington,241,0.002128110485138548,0.0297347316471314,44.489674,-73.206354
2026,August,9,805638,Riverside Avenue at Intervale Avenue,Burlington,41,3.620436924924501e-4,0.005058605798889574,44.489485,-73.209628
2026,August,9,805639,Intervale Avenue at Willow Street,Burlington,30,2.6491001889691467e-4,0.003701418877236274,44.488718,-73.210544
2026,August,9,805640,Archibald Street at Walnut Street,Burlington,18,1.589460113381488e-4,0.002220851326341764,44.487786,-73.213167
2026,August,9,805641,Elmwood Avenue at Spring Street,Burlington,9,7.94730056690744e-5,0.001110425663170882,44.48738,-73.21415
2026,August,9,805642,Elmwood Avenue at Cedar Street,Burlington,42,3.7087402645568057e-4,0.005181986428130784,44.48595,-73.21402
2026,August,9,805643,Elmwood Avenue at North Street,Burlington,34,3.0023135474983664e-4,0.004194941394201111,44.484847,-73.213943
2026,August,9,805644,Elmwood Avenue at Allen Street,Burlington,2,1.766066792646098e-5,2.4676125848241827e-4,44.48379158717764,-73.213883867883
2026,August,9,805645,Grant Street at Clarke Street,Burlington,3,2.6491001889691468e-5,3.701418877236274e-4,44.4822,-73.21252
2026,August,9,805763,Winooski Falls/Champlain Mill,Winooski,137,0.0012097557529625771,0.01690314620604565,44.490191,-73.184595
2026,August,9,805819,Spinner Place/ Champlain Mill,Winooski,813,0.007179061512106388,0.10030845157310302,44.4903075657594,-73.1848931831459
2026,August,9,805874,Riverside Avenue at Hillside Terrace,Burlington,27,2.384190170072232e-4,0.0033312769895126465,44.48778622,-73.19634542
2026,August,9,805958,Elmwood Avenue at Cedar Street,Burlington,82,7.240873849849002e-4,0.010117211597779148,44.48587,-73.21387
2026,August,9,805986,West Allen at Follett Street,Winooski,167,0.0014746657718594917,0.020604565083281925,44.49137,-73.187129
2026,August,9,805987,Riverside Avenue at Opposite Barrett Street,Burlington,136,0.0012009254189993465,0.016779765576804443,44.487832,-73.187295
2026,August,9,805988,Intervale Avenue at Archibald,Burlington,22,1.9426734719107076e-4,0.0027143738433066007,44.487946,-73.211161
2026,August,9,805989,Courtyard,Winooski,71,6.269537113893647e-4,0.008760024676125848,44.4927114,-73.181172
2026,August,9,805990,Weaver Street at St. Peter Street,Winooski,34,3.0023135474983664e-4,0.004194941394201111,44.4963640829017,-73.1870715173599
2026,August,9,805991,Mallets Bay Avenue at St. Peter Street,Winooski,66,5.828020415732123e-4,0.008143121529919802,44.49613,-73.19353
2026,August,9,805992,Elmwood Avenue at North Street,Burlington,179,0.0015806297794182576,0.022085132634176434,44.48458,-73.2138
2026,August,9,806000,Riverside Avenue at Opposite #236,Burlington,219,0.0019338431379474772,0.0270203578038248,44.48669,-73.192724
2026,August,9,806004,Riverside Avenue at Hillside Terrace,Burlington,223,0.0019691644738003993,0.027513880320789635,44.48790773,-73.19620594
2026,August,9,806015,83 Barlow Street,Winooski,131,0.001156773749183194,0.016162862430598397,44.492936,-73.184006
2026,August,9,806016,Riverside Avenue at Opposite Bright Street,Burlington,79,6.975963830952086e-4,0.009747069710055522,44.489529,-73.208705
2026,August,9,806150,Hickock St at River Street (Chick's Market),Winooski,72,6.357840453525952e-4,0.008883405305367057,44.493262,-73.192766
2026,August,11,2562322,Downtown Transit Center,Burlington,2256,0.019921233421047985,0.231076513366793,44.479731,-73.214298
2026,August,11,2734696,Downtown BHS,Burlington,1,8.83033396323049e-6,1.0242753252074157e-4,44.47913639404151,-73.21644467263202
2026,August,11,4255578,South Burlington City Center,South Burlington,473,0.004176747964608022,0.048448222882310765,44.465916,-73.178304
2026,August,11,4255596,Hinesburg Road at Prouty Parkway,South Burlington,36,3.178920226762976e-4,0.0036873911707466967,44.457897,-73.169572
2026,August,11,4255597,Hinesburg Road at Wright Court,South Burlington,31,2.7374035286014515e-4,0.003175253508142989,44.459664,-73.169867
2026,August,11,4255599,Hinesburg Road at Opposite Iby Street,South Burlington,20,1.7660667926460978e-4,0.0020485506504148315,44.462676,-73.170423
2026,August,11,4255600,Market Street at Garden Street,South Burlington,498,0.004397506313688784,0.051008911195329305,44.464424,-73.175618
2026,August,11,4255601,Market Street at Hinesburg Road,South Burlington,84,7.417480529113611e-4,0.008603912731742292,44.46339,-73.172066
2026,August,11,4255703,620 Hinesburg Rd,South Burlington,145,0.001280398424668421,0.014851992215507528,44.454911,-73.165713
2026,August,11,4261912,Main Street at Pine Street,Burlington,320,0.0028257068682337565,0.032776810406637304,44.475743,-73.215751
2026,August,11,4261913,Main Street at Church Street,Burlington,602,0.0053158610458647546,0.06166137457748643,44.47588,-73.212288
2026,August,11,805486,Main Street at S. Union Street,Burlington,326,0.0028786888720131396,0.03339137560176175,44.47603,-73.20863
2026,August,11,805487,Main Street at S. Willard Street,Burlington,149,0.0013157197605213429,0.015261702345590494,44.476129,-73.205639
2026,August,11,805488,Main Street at S. Prospect Street,Burlington,102,9.0069406424951e-4,0.01044760831711564,44.476288,-73.200853
2026,August,11,805490,University Heights,Burlington,1003,0.008856824965120181,0.1027348151183038,44.474407,-73.194645
2026,August,11,805492,Dorset Street at Peoples United Bank,South Burlington,74,6.534447132790562e-4,0.007579637406534876,44.46717,-73.18152
2026,August,11,805495,Dorset Street at The Pines,South Burlington,166,0.0014658354378962613,0.0170029703984431,44.45763328319927,-73.17979274009679
2026,August,11,805496,Dorset Street at Fire Station,South Burlington,128,0.0011302827472935027,0.013110724162654921,44.45469289237221,-73.1792998938364
2026,August,11,805497,Kennedy Drive at Dorset Street,South Burlington,17,1.5011567737491832e-4,0.0017412680528526069,44.452867,-73.177547
2026,August,11,805498,Kennedy Drive at Twin Oaks Terrace,South Burlington,30,2.6491001889691467e-4,0.0030728259756222474,44.453148026331554,-73.17394642816953
2026,August,11,805499,Kennedy Drive at Timber Lane,South Burlington,431,0.003805873938152341,0.04414626651643962,44.4539160687908,-73.1667206708602
2026,August,11,805529,Dorset Street at Barnes & Noble,South Burlington,1299,0.011470603818236405,0.13305336474444332,44.466905,-73.181203
2026,August,11,805530,Williston Road at Sheraton Hotel,South Burlington,178,0.001571799445455027,0.018232100788692,44.471703,-73.188163
2026,August,11,805531,University Heights,Burlington,801,0.007073097504547622,0.08204445354911401,44.474675,-73.194658
2026,August,11,805533,Main Street at S. Willard Street,Burlington,30,2.6491001889691467e-4,0.0030728259756222474,44.47623,-73.205
2026,August,11,805534,Main Street at S Union Street,Burlington,19,1.677763453013793e-4,0.00194612311789409,44.47612,-73.20933
2026,August,11,805535,Main Street at Church Street,Burlington,25,2.2075834908076222e-4,0.0025606883130185392,44.47602,-73.21237
2026,August,11,805536,Main Street at Pine Street,Burlington,38,3.355526906027586e-4,0.00389224623578818,44.47588,-73.2159
2026,August,11,805537,Battery Street at College Street,Burlington,49,4.3268636419829397e-4,0.005018949093516337,44.47669,-73.218674
2026,August,11,805538,Battery Street at Cherry Street,Burlington,6,5.2982003779382937e-5,6.145651951244494e-4,44.47899973630009,-73.21883190406265
2026,August,11,805867,Main Street at Summit Street,Burlington,60,5.298200377938293e-4,0.006145651951244495,44.4762026495925,-73.2025125186516
2026,August,11,805869,Dorset Street at Town Square Drive,South Burlington,104,9.183547321759709e-4,0.010652463382157125,44.4567666731695,-73.17965702131
2026,August,11,805946,Williston Road at Staples Plaza,South Burlington,127,0.0011214524133302721,0.01300829663013418,44.471708,-73.188722
2026,August,11,806178,Dorset Street at Opposite Garden Street,South Burlington,135,0.0011920950850361162,0.013827716890300113,44.463505,-73.180857
2026,August,86,2387294,Waterbury State Complex,Waterbury,67,5.916323755364428e-4,0.025009331840238895,44.331774,-72.754829
2026,August,86,2562322,Downtown Transit Center,Burlington,510,0.004503470321247549,0.19036954087346025,44.479731,-73.214298
2026,August,86,4212452,Williston Park & Ride,Williston,77,6.799357151687477e-4,0.02874206793579694,44.4382869455902,-73.1176662802925
2026,August,86,4251952,Waterbury State Complex at State Drive South Entrance,Waterbury,1,8.83033396323049e-6,3.732736095558044e-4,44.331031417,-72.751577666
2026,August,86,4262063,Montpelier Transit Center,Montpelier,545,0.004812532009960617,0.2034341172079134,44.260141,-72.579795
2026,August,86,805530,Williston Road at Sheraton Hotel,South Burlington,1,8.83033396323049e-6,3.732736095558044e-4,44.471703,-73.188163
2026,August,86,805550,Shelburne Road at Home Avenue,Burlington,36,3.178920226762976e-4,0.013437849944008958,44.450357,-73.209121
2026,August,86,805727,Pine Street at Opposite Howard Street,Burlington,3,2.6491001889691468e-5,0.0011198208286674132,44.46707,-73.215043
2026,August,86,805728,Pine Street at Burlington Electric Dept.,Burlington,5,4.4151669816152445e-5,0.001866368047779022,44.463529,-73.214778
2026,August,86,805752,Pearl Street at Hungerford Terrace,Burlington,1,8.83033396323049e-6,3.732736095558044e-4,44.480581,-73.207105
2026,August,86,805754,Pearl Street at S Prospect Street (UHC),Burlington,31,2.7374035286014515e-4,0.011571481896229937,44.480731,-73.201381
2026,August,86,805757,UVM Medical Center,Burlington,430,0.0037970436041891106,0.1605076521089959,44.4786566641105,-73.1939696441803
2026,August,86,805918,Pine Street at Lakeside Avenue (Cumberland Farms),Burlington,1,8.83033396323049e-6,3.732736095558044e-4,44.460789,-73.214604
2026,August,86,805946,Williston Road at Staples Plaza,South Burlington,32,2.825706868233757e-4,0.011944755505785741,44.471708,-73.188722
2026,August,86,806003,College Street at Pine Street,Burlington,13,1.1479434152199636e-4,0.0048525569242254575,44.4769269935033,-73.2158524026283
2026,August,86,806020,National Life,Montpelier,220,0.0019426734719107076,0.08212019410227697,44.255618,-72.584353
2026,August,86,806021,Richmond Park and Ride,Richmond,281,0.0024813238436677677,0.10488988428518103,44.42328,-73.008347
2026,August,86,806022,Waterbury Park and Ride,Waterbury,225,0.00198682514172686,0.083986562150056,44.345122,-72.74333
2026,August,86,806049,Department of Labor Park and Ride,Montpelier,166,0.0014658354378962613,0.06196341918626353,44.259262,-72.590637
2026,August,86,806179,Pine Street at Maple Street,Burlington,16,1.4128534341168784e-4,0.0059723777528928705,44.473686,-73.215509
2026,August,86,806180,Flynn Avenue at Richardson Street,Burlington,16,1.4128534341168784e-4,0.0059723777528928705,44.455277,-73.212695
2026,August,86,806182,Beaumont Street at Carrigan Drive,Burlington,2,1.766066792646098e-5,7.465472191116088e-4,44.475419,-73.19256
2026,August,96,2562322,Downtown Transit Center,Burlington,265,0.0023400385002560796,0.23766816143497757,44.479731,-73.214298
2026,August,96,2574545,Creek Farm Plaza,Colchester,1,8.83033396323049e-6,8.968609865470852e-4,44.551422,-73.16359
2026,August,96,4255696,Saint Albans Park and Ride,St. Albans,153,0.0013510410963742648,0.13721973094170403,44.804924,-73.069639
2026,August,96,4256754,Creek Farm Plaza,Colchester,16,1.4128534341168784e-4,0.014349775784753363,44.551831,-73.163725
2026,August,96,4256763,River Street at Main Street,Milton,2,1.766066792646098e-5,0.0017937219730941704,44.639824,-73.113325
2026,August,96,4256765,US 7 at Opposite Kilburn Road,Milton,2,1.766066792646098e-5,0.0017937219730941704,44.650579,-73.115345
2026,August,96,4256766,River Street Park,Milton,14,1.2362467548522686e-4,0.012556053811659192,44.637401,-73.1137
2026,August,96,4256767,River Street at Opposite Villemaire Lane,Milton,3,2.6491001889691468e-5,0.0026905829596412557,44.627308,-73.1170779
2026,August,96,4256768,259 US 7-Milton Square,Milton,2,1.766066792646098e-5,0.0017937219730941704,44.623179,-73.120129
2026,August,96,4256770,Fairfield Street at Northwestern Medical Center,St. Albans,2,1.766066792646098e-5,0.0017937219730941704,44.80638,-73.072262
2026,August,96,805621,Main Street at Platt Street,Winooski,43,3.7970436041891105e-4,0.03856502242152467,44.493705,-73.186457
2026,August,96,805757,UVM Medical Center,Burlington,181,0.0015982904473447186,0.16233183856502242,44.4786566641105,-73.1939696441803
2026,August,96,805763,Winooski Falls/Champlain Mill,Winooski,41,3.620436924924501e-4,0.036771300448430494,44.490191,-73.184595
2026,August,96,806052,Chimney Corners Park & Ride,Colchester,13,1.1479434152199636e-4,0.011659192825112108,44.595,-73.16538
2026,August,96,806053,Georgia Park & Ride,Georgia,10,8.830333963230489e-5,0.008968609865470852,44.6988434,-73.1056939
2026,August,96,806120,US 7 at Centre Drive,Milton,31,2.7374035286014515e-4,0.02780269058295964,44.62244061006584,-73.12203743064549
2026,August,96,806127,Milton Town Office Park & Ride,Milton,113,9.978277378450452e-4,0.10134529147982063,44.618332,-73.124948
2026,August,96,806165,Severance Corners,Colchester,1,8.83033396323049e-6,8.968609865470852e-4,44.5282694,-73.1747521
2026,August,96,806169,Water Tower Hill/Albany College of Pharmacy and Health Sciences,Colchester,6,5.2982003779382937e-5,0.0053811659192825115,44.509066,-73.185039
2026,August,96,806188,S Main Street at New Street,St. Albans,26,2.2958868304399273e-4,0.023318385650224215,44.806083,-73.085288
2026,August,96,806189,South Main Street at St. Albans Police Department,St. Albans,27,2.384190170072232e-4,0.0242152466367713,44.803963,-73.086992
2026,August,96,806193,S Main Street at Upper Gilman Street,St. Albans,24,2.1192801511753175e-4,0.021524663677130046,44.80425,-73.086534
2026,August,96,806194,S Main Street at Upper Weldon Street,St. Albans,92,8.123907246172051e-4,0.08251121076233184,44.806508,-73.084709
2026,August,96,847926,Birchwood Park,Milton,47,4.15025696271833e-4,0.042152466367713005,44.633361,-73.150694
2026,August,756,2562322,Downtown Transit Center,Burlington,84,7.417480529113611e-4,0.25149700598802394,44.479731,-73.214298
2026,August,756,4254458,Queen City Park Rd. at 733 Queen City Park Rd.,South Burlington,15,1.3245500944845733e-4,0.04491017964071856,44.4450849725083,-73.21206249941329
2026,August,756,4262061,Shelburne Road at Hoover Street,Burlington,8,7.064267170584392e-5,0.023952095808383235,44.460749,-73.207956
2026,August,756,805484,S. Winooski Avenue at Bank Street,Burlington,11,9.713367359553538e-5,0.03293413173652695,44.478387,-73.211225
2026,August,756,805536,Main Street at Pine Street,Burlington,1,8.83033396323049e-6,0.0029940119760479044,44.47588,-73.2159
2026,August,756,805537,Battery Street at College Street,Burlington,1,8.83033396323049e-6,0.0029940119760479044,44.47669,-73.218674
2026,August,756,805595,Shelburne Road at Farrell Street,South Burlington,89,7.858997227275135e-4,0.26646706586826346,44.450421,-73.208905
2026,August,756,805596,Shelburne Road at Hadley Road,South Burlington,10,8.830333963230489e-5,0.029940119760479042,44.452346,-73.208731
2026,August,756,805597,Shelburne Road at Proctor Avenue,South Burlington,8,7.064267170584392e-5,0.023952095808383235,44.4549625141176,-73.2084395754862
2026,August,756,805598,Shelburne Road at Kinney Drugs,Burlington,3,2.6491001889691468e-5,0.008982035928143712,44.456778,-73.208325
2026,August,756,805599,Shelburne Road at Clymer Street,Burlington,6,5.2982003779382937e-5,0.017964071856287425,44.458365,-73.208201
2026,August,756,805602,S Union Street at Howard Street,Burlington,2,1.766066792646098e-5,0.005988023952095809,44.4672,-73.20783
2026,August,756,805604,S Union Street at Spruce Street,Burlington,1,8.83033396323049e-6,0.0029940119760479044,44.470452,-73.208604
2026,August,756,805664,Maple Street at Church Street,Burlington,8,7.064267170584392e-5,0.023952095808383235,44.473771,-73.212224
2026,August,756,805665,Maple Street at St Paul Street,Burlington,8,7.064267170584392e-5,0.023952095808383235,44.473688,-73.213657
2026,August,756,805724,Opposite 230 St Paul Street,Burlington,15,1.3245500944845733e-4,0.04491017964071856,44.4725758663786,-73.21387942650665
2026,August,756,805725,Kilburn Street at Pine Street,Burlington,2,1.766066792646098e-5,0.005988023952095809,44.471083,-73.215057
2026,August,756,805727,Pine Street at Opposite Howard Street,Burlington,6,5.2982003779382937e-5,0.017964071856287425,44.46707,-73.215043
2026,August,756,805728,Pine Street at Burlington Electric Dept.,Burlington,1,8.83033396323049e-6,0.0029940119760479044,44.463529,-73.214778
2026,August,756,805729,Pine Street at Opposite Birchcliff Parkway,Burlington,1,8.83033396323049e-6,0.0029940119760479044,44.459138,-73.214493
2026,August,756,805730,Pine Street at Long Trail Phys. Therapy,Burlington,8,7.064267170584392e-5,0.023952095808383235,44.457489,-73.214395
2026,August,756,805731,Howard Center,Burlington,3,2.6491001889691468e-5,0.008982035928143712,44.45587805178482,-73.21433236507835
2026,August,756,805732,Pine Street at Lyman Avenue,Burlington,5,4.4151669816152445e-5,0.014970059880239521,44.453353,-73.214448
2026,August,756,805733,Pine Street at Home Avenue,Burlington,1,8.83033396323049e-6,0.0029940119760479044,44.451123,-73.214484
2026,August,756,805734,Green Mountain Transit Office,Burlington,2,1.766066792646098e-5,0.005988023952095809,44.450385,-73.219485
2026,August,756,805735,Queen City Park Road at Central Avenue,South Burlington,1,8.83033396323049e-6,0.0029940119760479044,44.44637458441318,-73.21958828776178
2026,August,756,805736,Queen City Park Road at Opposite Pine Street,South Burlington,6,5.2982003779382937e-5,0.017964071856287425,44.446265,-73.215134
2026,August,756,805906,S. Winooski Avenue at King Street,Burlington,11,9.713367359553538e-5,0.03293413173652695,44.475317956005064,-73.21098945119671
2026,August,756,805911,Shelburne Road at Alfred Street,Burlington,11,9.713367359553538e-5,0.03293413173652695,44.459642,-73.20808
2026,August,756,805918,Pine Street at Lakeside Avenue (Cumberland Farms),Burlington,2,1.766066792646098e-5,0.005988023952095809,44.460789,-73.214604
2026,August,756,805925,College Street at S Winooski Avenue,Burlington,3,2.6491001889691468e-5,0.008982035928143712,44.477089,-73.211186
2026,August,756,806010,Rhino Foods,Burlington,1,8.83033396323049e-6,0.0029940119760479044,44.44913,-73.220151
2026,August,778,2562322,Downtown Transit Center,Burlington,187,0.0016512724511241015,0.3879668049792531,44.479731,-73.214298
2026,August,778,805608,Elmwood Avenue at Elmwood Center,Burlington,7,6.181233774261343e-5,0.014522821576763486,44.48132,-73.21352
2026,August,778,805649,N Winooski Avenue at Archibald Street,Burlington,3,2.6491001889691468e-5,0.006224066390041493,44.48767,-73.2081
2026,August,778,805650,Archibald Street at N Willard Street,Burlington,10,8.830333963230489e-5,0.02074688796680498,44.488026,-73.206167
2026,August,778,805669,North Street at Opposite Murray Street,Burlington,1,8.83033396323049e-6,0.002074688796680498,44.48468,-73.21585
2026,August,778,805671,North Street at Blodgett Street,Burlington,9,7.94730056690744e-5,0.01867219917012448,44.48448,-73.22113
2026,August,778,805672,North Avenue at Strong Street,Burlington,7,6.181233774261343e-5,0.014522821576763486,44.48555,-73.22318
2026,August,778,805675,North Ave at Opposite Cambrian Rise,Burlington,1,8.83033396323049e-6,0.002074688796680498,44.490374789966715,-73.22694498290925
2026,August,778,805676,North Avenue at Opposite Lakeview Cem.,Burlington,1,8.83033396323049e-6,0.002074688796680498,44.49305,-73.22907
2026,August,778,805677,Opposite Burlington High School,Burlington,3,2.6491001889691468e-5,0.006224066390041493,44.497347,-73.232414
2026,August,778,805680,North Avenue at Village Green,Burlington,1,8.83033396323049e-6,0.002074688796680498,44.503302,-73.239826
2026,August,778,805681,North Avenue at Rite Aid,Burlington,2,1.766066792646098e-5,0.004149377593360996,44.50468,-73.24163
2026,August,778,805682,Opposite Ethan Allen Shopping Center,Burlington,8,7.064267170584392e-5,0.016597510373443983,44.50669307103158,-73.24436667857378
2026,August,778,805683,North Avenue at Poirier Place,Burlington,13,1.1479434152199636e-4,0.026970954356846474,44.508373,-73.2467
2026,August,778,805684,North Avenue at Heineberg Road,Burlington,2,1.766066792646098e-5,0.004149377593360996,44.509442,-73.248161
2026,August,778,805685,North Avenue at Gosse Court,Burlington,3,2.6491001889691468e-5,0.006224066390041493,44.51062,-73.24977
2026,August,778,805686,North Avenue at Bessery Market,Burlington,1,8.83033396323049e-6,0.002074688796680498,44.51227,-73.25198
2026,August,778,805687,North Avenue at Edgemoor Drive,Burlington,3,2.6491001889691468e-5,0.006224066390041493,44.51292,-73.25287
2026,August,778,805688,North Avenue at Cayuga Court,Burlington,2,1.766066792646098e-5,0.004149377593360996,44.51372,-73.25393
2026,August,778,805689,North Avenue at Birch Court,Burlington,2,1.766066792646098e-5,0.004149377593360996,44.51433,-73.25475
2026,August,778,805690,North Avenue at Franklin Sq.,Burlington,4,3.532133585292196e-5,0.008298755186721992,44.515150248912775,-73.25586414915972
2026,August,778,805692,North Avenue at Morgan Street,Burlington,2,1.766066792646098e-5,0.004149377593360996,44.52015,-73.26265
2026,August,778,805695,North Avenue at Northgate Road,Burlington,41,3.620436924924501e-4,0.08506224066390042,44.52059866074774,-73.26343139125463
2026,August,778,805696,North Avenue at Opposite Algird Street,Burlington,7,6.181233774261343e-5,0.014522821576763486,44.51935,-73.26173
2026,August,778,805698,North Avenue at Starr Farm Road,Burlington,5,4.4151669816152445e-5,0.01037344398340249,44.5172,-73.25882
2026,August,778,805699,North Avenue at Loaldo Drive,Burlington,5,4.4151669816152445e-5,0.01037344398340249,44.51486646173666,-73.25575626842328
2026,August,778,805700,North Avenue at Cross Parkway,Burlington,3,2.6491001889691468e-5,0.006224066390041493,44.51327591364524,-73.2535893886282
2026,August,778,805701,North Avenue at Staniford Road,Burlington,4,3.532133585292196e-5,0.008298755186721992,44.512482637184064,-73.25249088947282
2026,August,778,805703,North Avenue at Dodds Court,Burlington,3,2.6491001889691468e-5,0.006224066390041493,44.510541541785194,-73.24989447764318
2026,August,778,805704,North Avenue at Shore Road,Burlington,4,3.532133585292196e-5,0.008298755186721992,44.509482,-73.248476
2026,August,778,805705,North Avenue at Dept. Motor Vehicles,Burlington,10,8.830333963230489e-5,0.02074688796680498,44.508268,-73.246789
2026,August,778,805706,Ethan Allen Shopping Center,Burlington,32,2.825706868233757e-4,0.06639004149377593,44.506523,-73.244415
2026,August,778,805707,North Avenue at Lakewood Parkway,Burlington,8,7.064267170584392e-5,0.016597510373443983,44.504869,-73.242206
2026,August,778,805708,North Avenue at Killarney Drive,Burlington,2,1.766066792646098e-5,0.004149377593360996,44.503349,-73.240156
2026,August,778,805709,North Avenue at Oppostie Saratoga Ave. (Elk's Lodge),Burlington,4,3.532133585292196e-5,0.008298755186721992,44.50261,-73.239132
2026,August,778,805710,North Avenue at Route 127,Burlington,1,8.83033396323049e-6,0.002074688796680498,44.501077,-73.237206
2026,August,778,805711,Burlington High School,Burlington,15,1.3245500944845733e-4,0.03112033195020747,44.497539,-73.232767
2026,August,778,805713,North Ave at Cambrian Rise,Burlington,20,1.7660667926460978e-4,0.04149377593360996,44.48977976148372,-73.22669459131767
2026,August,778,805715,North Avenue at Berry Street,Burlington,2,1.766066792646098e-5,0.004149377593360996,44.487623,-73.224958
2026,August,778,805716,North Avenue at Opposite Ward Street,Burlington,3,2.6491001889691468e-5,0.006224066390041493,44.486342,-73.223938
2026,August,778,805717,North Avenue at Canfield Street,Burlington,5,4.4151669816152445e-5,0.01037344398340249,44.48527,-73.2231
2026,August,778,805827,Pearl Street at N. Willard Street,Burlington,2,1.766066792646098e-5,0.004149377593360996,44.480709,-73.205423
2026,August,778,805880,North Avenue at Green Acres Drive,Burlington,1,8.83033396323049e-6,0.002074688796680498,44.51383554132112,-73.25433910719357
2026,August,778,805953,North Avenue at Barley Road,Burlington,2,1.766066792646098e-5,0.004149377593360996,44.51807,-73.25985
2026,August,778,805954,Pearl Street at N Winooski Avenue,Burlington,1,8.83033396323049e-6,0.002074688796680498,44.48046,-73.21053
2026,August,778,805956,North Avenue at Tracy Drive,Burlington,7,6.181233774261343e-5,0.014522821576763486,44.5159084205904,-73.25714573796444
2026,August,778,805992,Elmwood Avenue at North Street,Burlington,1,8.83033396323049e-6,0.002074688796680498,44.48458,-73.2138
2026,August,778,805993,North Avenue at Lakeview Cemetery,Burlington,3,2.6491001889691468e-5,0.006224066390041493,44.492721535987414,-73.22897998070101
2026,August,778,806029,Fern Hill,Burlington,13,1.1479434152199636e-4,0.026970954356846474,44.48710922696219,-73.20080938773157
2026,August,778,806071,North Avenue at N of Institute Road,Burlington,2,1.766066792646098e-5,0.004149377593360996,44.4988638777257,-73.23408881833916
2026,August,778,809081,Fern Hill (Main Road),Burlington,2,1.766066792646098e-5,0.004149377593360996,44.486947130695434,-73.2018151365321
2026,August,778,815405,North Ave. at Woodbury (Hunt School),Burlington,2,1.766066792646098e-5,0.004149377593360996,44.5118223,-73.2513535
2026,September,1,2530427,Williston Road at Mills Avenue,South Burlington,64,3.5403908812807364e-4,0.001439010680157392,44.46454655929074,-73.1600798058771
2026,September,1,2562322,Downtown Transit Center,Burlington,7058,0.039043873187624124,0.15869589657110736,44.479731,-73.214298
2026,September,1,4254428,Pearl Street at Opposite North Champlain Street,Burlington,2,1.1063721504002301e-5,4.49690837549185e-5,44.480227,-73.218169
2026,September,1,4255578,South Burlington City Center,South Burlington,432,0.002389763844864497,0.009713322091062395,44.465916,-73.178304
2026,September,1,4255600,Market Street at Garden Street,South Burlington,1391,0.0076948183060336,0.03127599775154581,44.464424,-73.175618
2026,September,1,4255601,Market Street at Hinesburg Road,South Burlington,108,5.974409612161242e-4,0.002428330522765599,44.46339,-73.172066
2026,September,1,4255602,Market Street at Garden Street,South Burlington,153,8.46374695056176e-4,0.0034401349072512646,44.464565,-73.176005
2026,September,1,4255603,Market Street at Hinesburg Road,South Burlington,43,2.3787001233604947e-4,9.668353007307476e-4,44.463335,-73.171739
2026,September,1,4255702,Hinesburg Road at Williston Road,South Burlington,87,4.812718854241001e-4,0.0019561551433389546,44.465742,-73.171047
2026,September,1,4259370,South Burlington City Center,South Burlington,103,5.697816574561185e-4,0.0023159078133783025,44.465801,-73.178344
2026,September,1,4261912,Main Street at Pine Street,Burlington,1268,0.007014399433537459,0.028510399100618325,44.475743,-73.215751
2026,September,1,4261913,Main Street at Church Street,Burlington,2861,0.015826653611475294,0.0643282743114109,44.47588,-73.212288
2026,September,1,805486,Main Street at S. Union Street,Burlington,1648,0.009116506519297896,0.03705452501405284,44.47603,-73.20863
2026,September,1,805487,Main Street at S. Willard Street,Burlington,1024,0.005664625410049178,0.02302417088251827,44.476129,-73.205639
2026,September,1,805488,Main Street at S. Prospect Street,Burlington,518,0.002865503869536596,0.011646992692523889,44.476288,-73.200853
2026,September,1,805490,University Heights,Burlington,6515,0.0360400727992875,0.146486790331647,44.474407,-73.194645
2026,September,1,805491,Dorset Street at Williston Road,South Burlington,31,1.7148768331203568e-4,6.970207982012367e-4,44.46822,-73.18168
2026,September,1,805492,Dorset Street at Peoples United Bank,South Burlington,107,5.919091004641231e-4,0.0024058459808881396,44.46717,-73.18152
2026,September,1,805493,University Mall,South Burlington,2320,0.012833916944642669,0.052164137155705455,44.464155,-73.183593
2026,September,1,805500,Williston Road at Heath Street,South Burlington,16,8.850977203201841e-5,3.59752670039348e-4,44.46633,-73.1689
2026,September,1,805501,Williston Road at Davis Parkway,South Burlington,14,7.744605052801611e-5,3.1478358628442944e-4,44.46617,-73.16793
2026,September,1,805502,Williston Road at Hayden Parkway,South Burlington,8,4.4254886016009204e-5,1.79876335019674e-4,44.46578,-73.16625
2026,September,1,805503,Williston Road at Elsom Parkway,South Burlington,9,4.978674676801036e-5,2.0236087689713323e-4,44.46537,-73.16438
2026,September,1,805504,Williston Road at Victoria Drive,South Burlington,4,2.2127443008004602e-5,8.9938167509837e-5,44.46483,-73.16207
2026,September,1,805505,Williston Road at Mills Avenue,South Burlington,18,9.957349353602072e-5,4.0472175379426646e-4,44.46438,-73.16013
2026,September,1,805516,Hinesburg Road at Williston Road,South Burlington,525,0.002904226894800604,0.011804384485666104,44.46578,-73.17117
2026,September,1,805517,Hinesburg Road at Village Green Drive,South Burlington,217,0.0012004137831842497,0.004879145587408657,44.46477,-73.17097
2026,September,1,805529,Dorset Street at Barnes & Noble,South Burlington,3642,0.02014703685878819,0.08188870151770658,44.466905,-73.181203
2026,September,1,805530,Williston Road at Sheraton Hotel,South Burlington,313,0.0017314724153763602,0.007037661607644744,44.471703,-73.188163
2026,September,1,805531,University Heights,Burlington,3826,0.021164899237156403,0.08602585722315907,44.474675,-73.194658
2026,September,1,805533,Main Street at S. Willard Street,Burlington,46,2.5446559459205295e-4,0.0010342889263631253,44.47623,-73.205
2026,September,1,805534,Main Street at S Union Street,Burlington,41,2.2680629083204716e-4,9.218662169758291e-4,44.47612,-73.20933
2026,September,1,805535,Main Street at Church Street,Burlington,53,2.93188619856061e-4,0.0011916807195053402,44.47602,-73.21237
2026,September,1,805536,Main Street at Pine Street,Burlington,34,1.8808326556803913e-4,7.644744238336144e-4,44.47588,-73.2159
2026,September,1,805537,Battery Street at College Street,Burlington,56,3.0978420211206446e-4,0.0012591343451377177,44.47669,-73.218674
2026,September,1,805538,Battery Street at Cherry Street,Burlington,4,2.2127443008004602e-5,8.9938167509837e-5,44.47899973630009,-73.21883190406265
2026,September,1,805867,Main Street at Summit Street,Burlington,328,0.0018144503266563773,0.007374929735806633,44.4762026495925,-73.2025125186516
2026,September,1,805870,Main Street at Opposite Edmunds School,Burlington,22,1.2170093654402532e-4,4.946599213041035e-4,44.476195,-73.207487
2026,September,1,805875,Main Street at Opposite Summit Street,Burlington,156,8.629702773121795e-4,0.0035075885328836424,44.47635535963188,-73.20248690152883
2026,September,1,805895,Marshall Avenue at Harvest Lane,Williston,10,5.5318607520011505e-5,2.2484541877459247e-4,44.445714,-73.117377
2026,September,1,805896,Williston Road at N. Brownell Road,Williston,220,0.0012170093654402532,0.004946599213041034,44.45493,-73.12297
2026,September,1,805904,Williston Road at S. Brownell Road,Williston,14,7.744605052801611e-5,3.1478358628442944e-4,44.455,-73.12343
2026,September,1,805943,University Mall at Stop sign at Hannafords,South Burlington,790,0.004370169994080909,0.017762788083192805,44.463252,-73.183412
2026,September,1,805946,Williston Road at Staples Plaza,South Burlington,299,0.001654026364848344,0.006722878021360314,44.471708,-73.188722
2026,September,1,805947,Dorset Street at Blue Mall,South Burlington,1643,0.00908884721553789,0.03694210230466554,44.46448,-73.18078
2026,September,1,805960,Williston Road at Kennedy Drive,South Burlington,32,1.7701954406403682e-4,7.19505340078696e-4,44.46303,-73.15443
2026,September,1,805964,Marshall Avenue at Trader Lane,Williston,346,0.001914023820192398,0.007779651489600899,44.44518,-73.1158
2026,September,1,805968,Industrial Ave at White Cap Industrial Park,Williston,1,5.5318607520011505e-6,2.248454187745925e-5,44.4613426456702,-73.1237320427928
2026,September,1,805973,Marshall Avenue at Hannafords,Williston,32,1.7701954406403682e-4,7.19505340078696e-4,44.445047,-73.114986
2026,September,1,805974,Walmart,Williston,1884,0.010422025656770167,0.04236087689713322,44.442322707648174,-73.12123792821498
2026,September,1,805975,Williston Road at HoHum Motel,South Burlington,182,0.0010067986568642094,0.0040921866216975826,44.464255,-73.158906
2026,September,1,805976,Williston Road at Thrifty,South Burlington,317,0.0017535998583843647,0.007127599775154581,44.46355,-73.1558
2026,September,1,805977,Williston Road at Victory Drive,South Burlington,56,3.0978420211206446e-4,0.0012591343451377177,44.465096,-73.162601
2026,September,1,805978,Williston Road at Pillsbury Manor,South Burlington,70,3.8723025264008053e-4,0.0015739179314221473,44.465579,-73.164727
2026,September,1,805996,Williston Road at Helena Drive,Williston,658,0.003639964374816757,0.014794828555368185,44.45038,-73.11262
2026,September,1,805997,Williston Road at Blair Park Road,Williston,472,0.0026110382749445432,0.010612703766160764,44.45255,-73.11755
2026,September,1,806011,Cherry Street at Opposite 3 Cathedral Square,Burlington,1,5.5318607520011505e-6,2.248454187745925e-5,44.479106,-73.217703
2026,September,1,806043,Marshall Avenue at Gardeners Supply,Williston,2,1.1063721504002301e-5,4.49690837549185e-5,44.44588,-73.11962
2026,September,1,806044,Harvest Lane at Marshall Avenue,Williston,3,1.659558225600345e-5,6.745362563237774e-5,44.44467,-73.12133
2026,September,1,806045,Williston Road at Williston Liquidation Center,Williston,105,5.808453789601209e-4,0.002360876897133221,44.45728,-73.12797
2026,September,1,806064,Williston Road at Aviation Avenue,South Burlington,30,1.659558225600345e-4,6.745362563237774e-4,44.46058,-73.14902
2026,September,1,806069,University Mall at Sears,South Burlington,620,0.0034297536662407134,0.013940415964024733,44.463197,-73.18201
2026,September,1,806078,Williston Road at VT Tire,South Burlington,13,7.191418977601496e-5,2.922990444069702e-4,44.462,-73.15225
2026,September,1,806079,Williston Road at Ace Hardware,South Burlington,7,3.872302526400806e-5,1.5739179314221472e-4,44.46055,-73.1492
2026,September,1,806080,Williston Road at Talent Skate Park,South Burlington,8,4.4254886016009204e-5,1.79876335019674e-4,44.45882,-73.14568
2026,September,1,806081,Williston Road at Shunpike Road,South Burlington,15,8.297791128001725e-5,3.372681281618887e-4,44.45842,-73.1429
2026,September,1,806082,Williston Road at Engineers Drive,Williston,12,6.63823290240138e-5,2.6981450252951095e-4,44.4582,-73.1327
2026,September,1,806083,Williston Road at Commerce Street,Williston,10,5.5318607520011505e-5,2.2484541877459247e-4,44.45337,-73.11968
2026,September,1,806084,Williston Road at Harvest Lane,Williston,11,6.085046827201266e-5,2.4732996065205174e-4,44.4521,-73.11688
2026,September,1,806085,Williston Road at VT 2A,Williston,22,1.2170093654402532e-4,4.946599213041035e-4,44.45023,-73.11262
2026,September,1,806086,VT 2A at Key Bank,Williston,7,3.872302526400806e-5,1.5739179314221472e-4,44.44872,-73.11095
2026,September,1,806087,VT 2A at Wright Avenue,Williston,25,1.3829651880002875e-4,5.621135469364812e-4,44.44722,-73.11105
2026,September,1,806088,VT 2A at Marshall Avenue (Ponderosa),Williston,19,1.0510535428802186e-4,4.2720629567172567e-4,44.444733,-73.112287
2026,September,1,806096,VT 2A at Connor Way,Williston,1103,0.006101642409457269,0.02480044969083755,44.446816,-73.110949
2026,September,1,806112,Williston Road at Miller Lane,Williston,99,5.47654214448114e-4,0.0022259696458684654,44.45833,-73.13283
2026,September,1,806113,Williston Rd. at Valley Rd,South Burlington,89,4.923356069281024e-4,0.002001124227093873,44.45853,-73.142534
2026,September,1,806114,Williston Road at Contact Communication,South Burlington,43,2.3787001233604947e-4,9.668353007307476e-4,44.45962,-73.14707
2026,September,1,806115,Williston Road at Kennedy Drive,South Burlington,59,3.263797843680679e-4,0.0013265879707700956,44.462212,-73.152297
2026,September,1,806116,Williston Road at Stone House Commons,South Burlington,81,4.480807209120932e-4,0.001821247892074199,44.466486,-73.168721
2026,September,2,2562322,Downtown Transit Center,Burlington,8120,0.044918709306249346,0.2075293275743093,44.479731,-73.214298
2026,September,2,4209790,E Allen Street at Hillside Park,Winooski,206,0.001139563314912237,0.005264906586244793,44.4930287162322,-73.1758636133916
2026,September,2,4260034,146 Colchester Avenue,Burlington,92,5.089311891841059e-4,0.0023513175045365093,44.48161,-73.194267
2026,September,2,805752,Pearl Street at Hungerford Terrace,Burlington,1296,0.007169291534593491,0.03312290745520996,44.480581,-73.207105
2026,September,2,805753,Pearl Street at S. Willard Street,Burlington,493,0.002727207350736567,0.012599994888440208,44.480612,-73.205833
2026,September,2,805754,Pearl Street at S Prospect Street (UHC),Burlington,524,0.002898695034048603,0.013392286656273162,44.480731,-73.201381
2026,September,2,805755,Colchester Avenue at Mansfield House,Burlington,469,0.0025944426926885395,0.011986607713343728,44.480579,-73.198914
2026,September,2,805756,Colchester Avenue at Fleming Museum,Burlington,321,0.0017757273013923693,0.00820405346691543,44.4805912625953,-73.1968665240963
2026,September,2,805757,UVM Medical Center,Burlington,5349,0.029589923162454155,0.13670866664962814,44.4786566641105,-73.1939696441803
2026,September,2,805758,Colchester Avenue at Latham Court,Burlington,155,8.574384165601784e-4,0.003961458839164771,44.482512,-73.191938
2026,September,2,805759,Colchester Avenue at Thibault Parkway,Burlington,113,6.2510026497613e-4,0.00288803128274593,44.483129,-73.190514
2026,September,2,805760,Colchester Avenue at 339,Burlington,41,2.2680629083204716e-4,0.0010478697574564878,44.484018,-73.188415
2026,September,2,805761,Colchester Avenue at Chase Street,Burlington,42,2.3233815158404833e-4,0.0010734275564188412,44.486436,-73.186976
2026,September,2,805762,Colchester Avenue at Barrett Street,Burlington,41,2.2680629083204716e-4,0.0010478697574564878,44.487802,-73.186696
2026,September,2,805763,Winooski Falls/Champlain Mill,Winooski,562,0.0031089057426246466,0.01436348301684259,44.490191,-73.184595
2026,September,2,805765,College Parkway at Opposite Florida Avenue,Colchester,37,2.0467884782404257e-4,9.456385616070744e-4,44.493226,-73.170992
2026,September,2,805766,Saint Michael's College,Colchester,54,2.987204806080621e-4,0.0013801211439670815,44.493011,-73.167889
2026,September,2,805767,College Parkway at Lime Kiln Road,Colchester,139,7.689286445281599e-4,0.0035525340557671175,44.492695,-73.163626
2026,September,2,805768,College Parkway at Fanny Allen Hospital,Colchester,230,0.0012723279729602646,0.005878293761341274,44.497364,-73.158333
2026,September,2,805769,Ethan Allen Avenue at University Lane,Colchester,69,3.816983918880794e-4,0.001763488128402382,44.502994,-73.151287
2026,September,2,805770,Ethan Allen Avenue at Catamount Lane,Colchester,92,5.089311891841059e-4,0.0023513175045365093,44.503446,-73.150975
2026,September,2,805771,Ethan Allen Avenue at VT Public TV,Colchester,113,6.2510026497613e-4,0.00288803128274593,44.50475,-73.149892
2026,September,2,805775,Ethan Allen Avenue at Opposite Green Mt. Nursing,Essex,101,5.587179359521162e-4,0.0025813376951976897,44.506784,-73.145364
2026,September,2,805776,Ethan Allen Avenue at Essex Avenue (Bld. #310),Essex,45,2.489337338400518e-4,0.0011501009533059013,44.50543,-73.143241
2026,September,2,805777,Pearl Street at West Street Extension,Essex Junction,38,2.1021070857604371e-4,9.711963605694277e-4,44.49952282479167,-73.13062824322117
2026,September,2,805778,Pearl Street at Opposite Complex 159,Essex Junction,27,1.4936024030403106e-4,6.900605719835408e-4,44.497858,-73.127775
2026,September,2,805779,Pearl Street at Opposite Willey's Court,Essex Junction,13,7.191418977601496e-5,3.322513865105937e-4,44.4968059911076,-73.1254138552707
2026,September,2,805780,Pearl Street at KFC,Essex Junction,11,6.085046827201266e-5,2.81135788585887e-4,44.496383,-73.124482
2026,September,2,805781,Pearl Street at Capital Lincoln,Essex Junction,48,2.655293160960552e-4,0.0012267743501929614,44.495081,-73.121634
2026,September,2,805782,Pearl Street at Roscoe Court (Shopping Center),Essex Junction,51,2.821248983520587e-4,0.0013034477470800214,44.494046,-73.119419
2026,September,2,805783,Pearl Street at Merchants Bank,Essex Junction,8,4.4254886016009204e-5,2.044623916988269e-4,44.492685,-73.11657
2026,September,2,805792,Amtrak,Essex Junction,1896,0.010488407985794182,0.048457586832621975,44.492655,-73.110355
2026,September,2,805793,Lincoln Street at Brownell Library,Essex Junction,528,0.0029208224770566073,0.013494517852122575,44.49122,-73.11107
2026,September,2,805794,Pearl Street at Summit Street,Essex Junction,99,5.47654214448114e-4,0.002530222097272983,44.492274,-73.1155
2026,September,2,805795,Pearl Street at Hillcrest Road (Jiffy Lube),Essex Junction,167,9.238207455841922e-4,0.004268152426713011,44.493225,-73.117389
2026,September,2,805796,Pearl Street at Essex Junction Shopping Center.,Essex Junction,727,0.004021662766704836,0.018580519845630895,44.494521,-73.120046
2026,September,2,805797,Pearl Street at Gate A Fairgrounds,Essex Junction,1001,0.0055373926127531515,0.025583356761315717,44.4956,-73.122406
2026,September,2,805798,Pearl Street at Willey's Court,Essex Junction,220,0.0012170093654402532,0.0056227157717177395,44.49691,-73.125335
2026,September,2,805799,Pearl Street at Complex 159,Essex Junction,97,5.365904929441116e-4,0.0024791064993482763,44.497953,-73.127588
2026,September,2,805800,Pearl Street at West Street (U-Turn),Essex Junction,150,8.297791128001726e-4,0.0038336698443530042,44.499922,-73.130796
2026,September,2,805801,Pearl Street at 197 Pearl Inc.,Essex Junction,101,5.587179359521162e-4,0.0025813376951976897,44.50076,-73.132168
2026,September,2,805802,Pearl Street at Contois Music,Essex Junction,86,4.7574002467209894e-4,0.002197970710762389,44.501798,-73.133839
2026,September,2,805803,Pearl Street at 241 Pearl Apartments,Essex Junction,99,5.47654214448114e-4,0.002530222097272983,44.502877,-73.135618
2026,September,2,805804,Pearl Street at Susie Wilson Road,Essex,578,0.0031974155146566653,0.014772407800240243,44.504157,-73.139286
2026,September,2,805805,Ethan Allen Avenue at Laurette Drive,Essex,274,0.0015157298460483153,0.0070028369156848215,44.504828,-73.142164
2026,September,2,805806,Ethan Allen Avenue at Green Mtn. Nursing,Colchester,176,9.736074923522026e-4,0.004498172617374192,44.506969,-73.145567
2026,September,2,805808,Ethan Allen Avenue at Sloane Hall,Colchester,85,0.00047020816392009783,0.002172412911800036,44.50465687088816,-73.15017664095814
2026,September,2,805809,Ethan Allen Avenue at Catamount Lane,Colchester,206,0.001139563314912237,0.005264906586244793,44.504317,-73.150454
2026,September,2,805810,Ethan Allen Avenue at Barnes Avenue,Colchester,406,0.002245935465312467,0.010376466378715464,44.502712,-73.15154
2026,September,2,805811,College Parkway at Cumberland Farms,Colchester,271,0.0014991342637923118,0.006926163518797761,44.497571,-73.158398
2026,September,2,805812,College Parkway at Johnson Avenue,Colchester,218,0.0012059456439362508,0.005571600173793033,44.496917,-73.15976
2026,September,2,805813,College Parkway at Campus Rd. (Saint Mikes East Entrance),Colchester,162,8.961614418241864e-4,0.004140363431901245,44.4948981253552,-73.1618200255496
2026,September,2,805814,Saint Michael's College,Colchester,112,6.195684042241289e-4,0.0028624734837835765,44.49346454402722,-73.16288269076387
2026,September,2,805815,College Parkway at Campus Rd. (Saint Mikes West Entrance),Colchester,639,0.0035348590205287354,0.016331433536943798,44.493114,-73.166998
2026,September,2,805816,College Parkway at Florida Avenue,Colchester,190,0.0010510535428802186,0.004855981802847139,44.493376,-73.171038
2026,September,2,805817,E Allen Street at Dion Street,Winooski,345,0.001908491959440397,0.00881744064201191,44.4932242751315,-73.1756392046093
2026,September,2,805819,Spinner Place/ Champlain Mill,Winooski,3903,0.02159085251506049,0.09975208935006517,44.4903075657594,-73.1848931831459
2026,September,2,805820,Colchester Avenue at Barrett Street,Burlington,548,0.0030314596920966307,0.014005673831369643,44.48766,-73.186825
2026,September,2,805821,Colchester Avenue at Opposite Chase Street,Burlington,571,0.003158692489392657,0.01459350320750377,44.486574,-73.187045
2026,September,2,805822,Colchester Avenue at Nash Place,Burlington,172,9.514800493441979e-4,0.004395941421524778,44.483724,-73.189341
2026,September,2,805823,Colchester Avenue at UVM Trinty Campus,Burlington,351,0.001941683123952404,0.00897078743578603,44.482849,-73.191372
2026,September,2,805824,Colchester Avenue at Mansfield Avenue,Burlington,378,0.002091043364256435,0.009660848007769571,44.480697,-73.198467
2026,September,2,805825,Pearl Street at N. Prospect Street,Burlington,382,0.0021131708072644395,0.009763079203618984,44.480722,-73.200124
2026,September,2,805826,Pearl Street at N. Williams Street,Burlington,45,2.489337338400518e-4,0.0011501009533059013,44.480754,-73.203485
2026,September,2,805827,Pearl Street at N. Willard Street,Burlington,32,1.7701954406403682e-4,8.178495667953076e-4,44.480709,-73.205423
2026,September,2,805828,Pearl Street at Greene Street,Burlington,28,1.5489210105603223e-4,7.156183709458941e-4,44.480637,-73.207642
2026,September,2,805829,Pearl Street at N Union Street,Burlington,28,1.5489210105603223e-4,7.156183709458941e-4,44.480617,-73.209172
2026,September,2,805886,Pearl Street at Hillcrest Road,Essex Junction,68,3.7616653113607825e-4,0.0017379303294400286,44.49273,-73.116386
2026,September,2,805954,Pearl Street at N Winooski Avenue,Burlington,2401,0.013281997665554763,0.061364275308610425,44.48046,-73.21053
2026,September,2,805957,Global Foundries,Essex Junction,103,5.697816574561185e-4,0.0026324532931223965,44.478208,-73.100918
2026,September,2,806001,Colchester Avenue at VAS Clinic,Burlington,322,0.0017812591621443705,0.008229611265877783,44.480738,-73.197324
2026,September,2,806013,College Parkway at Camp Johnson,Colchester,168,9.293526063361933e-4,0.004293710225675365,44.49880348515874,-73.1559835326247
2026,September,2,806027,Fort Ethan Allen/Elly-Long Music Building,Colchester,231,0.0012778598337122658,0.005903851560303626,44.505446,-73.149362
2026,September,2,806031,Abenaki Way at CCV,Winooski,489,0.0027050799077285624,0.012497763692590794,44.4914,-73.18188
2026,September,2,806048,Ethan Allen Avenue at Winooski Road (#310),Essex,139,7.689286445281599e-4,0.0035525340557671175,44.5056706154035,-73.143589963389
2026,September,2,806067,E Allen Street at Gadues Dry Cleaning,Winooski,674,0.0037284741468487756,0.017225956500626166,44.492057,-73.180731
2026,September,2,806068,Abenaki Way at Opposite CCV,Winooski,236,0.0013055191374722716,0.006031640555115393,44.49057554288402,-73.18206826541565
2026,September,2,806130,Ethan Allen Avenue at Rt. 15,Essex,125,6.914825940001439e-4,0.0031947248702941704,44.504827,-73.142277000000007
2026,September,4,805792,Amtrak,Essex Junction,191,0.0010565854036322197,0.3327526132404181,44.492655,-73.110355
2026,September,4,805830,Main Street at Densmore Drive,Essex Junction,1,5.5318607520011505e-6,0.0017421602787456446,44.49475,-73.10395
2026,September,4,805831,Main Street at #141,Essex Junction,2,1.1063721504002301e-5,0.003484320557491289,44.49757,-73.09973
2026,September,4,805835,Essex Way at Post Office,Essex,13,7.191418977601496e-5,0.02264808362369338,44.507432,-73.078932
2026,September,4,805836,Center Road at Essex Way,Essex,26,1.4382837955202992e-4,0.04529616724738676,44.510195,-73.078172
2026,September,4,805837,Route 15 at Saybrook Road,Essex,10,5.5318607520011505e-5,0.017421602787456445,44.510361,-73.074694
2026,September,4,805838,Route 15 at Sunset Drive,Essex,9,4.978674676801036e-5,0.0156794425087108,44.51062,-73.06947
2026,September,4,805839,Route 15 at Opposite Essex Square,Essex,3,1.659558225600345e-5,0.005226480836236934,44.51078,-73.06588
2026,September,4,805840,Essex Center,Essex,2,1.1063721504002301e-5,0.003484320557491289,44.51147,-73.06085
2026,September,4,805841,Route 15 at Essex Town Public Works,Essex,2,1.1063721504002301e-5,0.003484320557491289,44.51088,-73.05813
2026,September,4,805842,Sand Hill Road at Opposite Champlain Farms,Essex,3,1.659558225600345e-5,0.005226480836236934,44.50812,-73.05488
2026,September,4,805844,Sand Hill Road at Cemetery Road,Essex,11,6.085046827201266e-5,0.01916376306620209,44.506594,-73.05374
2026,September,4,805845,Sand Hill Road at Foster Road,Essex,28,1.5489210105603223e-4,0.04878048780487805,44.504439,-73.052051
2026,September,4,805846,Sand Hill Road at Founders Road,Essex,4,2.2127443008004602e-5,0.006968641114982578,44.5021,-73.05018
2026,September,4,805848,Sand Hill Road at Lasalle Road,Essex,9,4.978674676801036e-5,0.0156794425087108,44.49745,-73.04948
2026,September,4,805849,Sand Hill Road at Allen Martin Drive,Essex,10,5.5318607520011505e-5,0.017421602787456445,44.49456377283386,-73.04960400944452
2026,September,4,805850,Sand Hill Road at Allen Martin Parkway,Essex,12,6.63823290240138e-5,0.020905923344947737,44.49185,-73.0501
2026,September,4,805851,Sand Hill Road at Opposite Offset House,Essex,2,1.1063721504002301e-5,0.003484320557491289,44.4912,-73.05018
2026,September,4,805852,Sand Hill Road at Oak Park,Essex,7,3.872302526400806e-5,0.012195121951219513,44.48924603059581,-73.05032915099912
2026,September,4,805853,Sand Hill Road at River Road,Essex,2,1.1063721504002301e-5,0.003484320557491289,44.47907,-73.049364
2026,September,4,805854,River Road at #213,Essex,3,1.659558225600345e-5,0.005226480836236934,44.47903,-73.05348
2026,September,4,805855,River Road at #195,Essex,7,3.872302526400806e-5,0.012195121951219513,44.47912,-73.05692
2026,September,4,805856,River Road at Greenfield Road,Essex,11,6.085046827201266e-5,0.01916376306620209,44.47912,-73.0587
2026,September,4,805857,River Road at #157,Essex,2,1.1063721504002301e-5,0.003484320557491289,44.47962,-73.0638
2026,September,4,805859,River Road at 83 River Road Apartments,Essex,1,5.5318607520011505e-6,0.0017421602787456446,44.48335291971945,-73.076046147429
2026,September,4,805860,River Road at Valleyview Drive,Essex,1,5.5318607520011505e-6,0.0017421602787456446,44.483526,-73.079358
2026,September,4,805866,Maple Street at Railroad Street (Bushey's Sunoco),Essex Junction,1,5.5318607520011505e-6,0.0017421602787456446,44.49012,-73.10942
2026,September,4,805887,Sand Hill Road at Greenbriar Road,Essex,2,1.1063721504002301e-5,0.003484320557491289,44.485313462223864,-73.04992254389322
2026,September,4,805913,Educational Drive at Main Street,Essex Junction,48,2.655293160960552e-4,0.08362369337979095,44.494117,-73.106157
2026,September,4,805914,Essex Experience at McDonalds,Essex,7,3.872302526400806e-5,0.012195121951219513,44.5076267390293,-73.0860646551367
2026,September,4,805915,Sand Hill Road at Tanglewood Road,Essex,21,1.1616907579202416e-4,0.036585365853658534,44.5057,-73.053
2026,September,4,805916,River Road at Pinewood Plaza,Essex,1,5.5318607520011505e-6,0.0017421602787456446,44.48340130629136,-73.08151838214587
2026,September,4,806006,Essex Experience,Essex,38,2.1021070857604371e-4,0.06620209059233449,44.507,-73.08072
2026,September,4,806007,Route 15 at Lyon Lane,Essex,28,1.5489210105603223e-4,0.04878048780487805,44.51048,-73.0726
2026,September,4,806012,River Road at Citgo,Essex,4,2.2127443008004602e-5,0.006968641114982578,44.483426,-73.084564
2026,September,4,806037,Main Street at Brickyard Road,Essex Junction,1,5.5318607520011505e-6,0.0017421602787456446,44.495989,-73.102014
2026,September,4,806038,River Road at Maple Street,Essex Junction,3,1.659558225600345e-5,0.005226480836236934,44.48417,-73.09515
2026,September,4,806070,River Road at Opposite #30,Essex,1,5.5318607520011505e-6,0.0017421602787456446,44.48357,-73.08663
2026,September,4,812017,Essex Experience-Hannaford,Essex,47,2.5999745534405406e-4,0.08188153310104529,44.506631,-73.084664
2026,September,5,2562322,Downtown Transit Center,Burlington,2239,0.012385836223730576,0.3713101160862355,44.479731,-73.214298
2026,September,5,2573649,194 St Paul Street (Eagles Landing),Burlington,83,4.591444424160955e-4,0.013764510779436153,44.474220989280326,-73.21381420717712
2026,September,5,4251888,Champlain Parkway at Home Ave,Burlington,233,0.0012889235552162681,0.03864013266998342,44.45162405,-73.217689578
2026,September,5,4251889,Champlain Parkway at Flynn Ave,Burlington,362,0.0020025335922244166,0.060033167495854065,44.455390433,-73.217056133
2026,September,5,4251891,Pine Street at Kilburn Street,Burlington,131,7.246737585121508e-4,0.021724709784411277,44.470969443,-73.21518026
2026,September,5,4261914,Lakeside Avenue at Champlain Parkway,Burlington,168,9.293526063361933e-4,0.027860696517412936,44.461236,-73.216272
2026,September,5,4261915,Champlain Parkway at Sears Lane,Burlington,58,3.2084792361606674e-4,0.009618573797678276,44.459125,-73.216789
2026,September,5,805484,S. Winooski Avenue at Bank Street,Burlington,238,0.0013165828589762737,0.03946932006633499,44.478387,-73.211225
2026,September,5,805536,Main Street at Pine Street,Burlington,6,3.31911645120069e-5,9.950248756218905e-4,44.47588,-73.2159
2026,September,5,805537,Battery Street at College Street,Burlington,18,9.957349353602072e-5,0.0029850746268656717,44.47669,-73.218674
2026,September,5,805538,Battery Street at Cherry Street,Burlington,1,5.5318607520011505e-6,1.658374792703151e-4,44.47899973630009,-73.21883190406265
2026,September,5,805665,Maple Street at St Paul Street,Burlington,102,5.642497967041173e-4,0.01691542288557214,44.473688,-73.213657
2026,September,5,805724,Opposite 230 St Paul Street,Burlington,136,7.523330622721565e-4,0.022553897180762852,44.4725758663786,-73.21387942650665
2026,September,5,805726,Pine Street Opposite Pine Place (Old Greyhound),Burlington,60,3.31911645120069e-4,0.009950248756218905,44.469792,-73.215209
2026,September,5,805727,Pine Street at Opposite Howard Street,Burlington,29,1.6042396180803337e-4,0.004809286898839138,44.46707,-73.215043
2026,September,5,805728,Pine Street at Burlington Electric Dept.,Burlington,170,9.404163278401957e-4,0.028192371475953566,44.463529,-73.214778
2026,September,5,805729,Pine Street at Opposite Birchcliff Parkway,Burlington,69,3.816983918880794e-4,0.011442786069651741,44.459138,-73.214493
2026,September,5,805730,Pine Street at Long Trail Phys. Therapy,Burlington,119,6.582914294881369e-4,0.019734660033167494,44.457489,-73.214395
2026,September,5,805731,Howard Center,Burlington,122,6.748870117441404e-4,0.02023217247097844,44.45587805178482,-73.21433236507835
2026,September,5,805732,Pine Street at Lyman Avenue,Burlington,107,5.919091004641231e-4,0.017744610281923714,44.453353,-73.214448
2026,September,5,805733,Pine Street at Home Avenue,Burlington,253,0.001399560770256291,0.04195688225538972,44.451123,-73.214484
2026,September,5,805745,Pine Street at Locust Street,Burlington,616,0.0034076262232327088,0.1021558872305141,44.462799,-73.214615
2026,September,5,805746,Pine Street at Howard Street,Burlington,111,6.140365434721277e-4,0.018407960199004977,44.467066,-73.214898
2026,September,5,805747,230 St Paul Street,Burlington,259,0.001432751934768298,0.04295190713101161,44.472639,-73.213734
2026,September,5,805906,S. Winooski Avenue at King Street,Burlington,286,0.0015821121750723291,0.047429519071310114,44.475317956005064,-73.21098945119671
2026,September,5,805918,Pine Street at Lakeside Avenue (Cumberland Farms),Burlington,53,2.93188619856061e-4,0.008789386401326699,44.460789,-73.214604
2026,September,5,806011,Cherry Street at Opposite 3 Cathedral Square,Burlington,1,5.5318607520011505e-6,1.658374792703151e-4,44.479106,-73.217703
2026,September,6,2562322,Downtown Transit Center,Burlington,6028,0.03334605661306293,0.2861754652487657,44.479731,-73.214298
2026,September,6,4209791,Shelburne Road at Harrington Ave,Shelburne,221,0.0012225412261922543,0.010491834409418914,44.38334592099598,-73.22639409692734
2026,September,6,4254393,Shelburne Road at Opposite Prospect Parkway,Burlington,45,2.489337338400518e-4,0.0021363463729586023,44.457375999999996,-73.20848
2026,September,6,4259665,5138 Shelburne Road,Shelburne,16,8.850977203201841e-5,7.595898214963919e-4,44.382721,-73.226898
2026,September,6,4262061,Shelburne Road at Hoover Street,Burlington,305,0.0016872175293603509,0.014479680972274972,44.460749,-73.207956
2026,September,6,805484,S. Winooski Avenue at Bank Street,Burlington,923,0.005105907474097062,0.043818837827573114,44.478387,-73.211225
2026,September,6,805534,Main Street at S Union Street,Burlington,8,4.4254886016009204e-5,3.7979491074819596e-4,44.47612,-73.20933
2026,September,6,805535,Main Street at Church Street,Burlington,35,1.9361512632004027e-4,0.0016616027345233574,44.47602,-73.21237
2026,September,6,805536,Main Street at Pine Street,Burlington,27,1.4936024030403106e-4,0.0012818078237751614,44.47588,-73.2159
2026,September,6,805537,Battery Street at College Street,Burlington,50,2.765930376000575e-4,0.002373718192176225,44.47669,-73.218674
2026,September,6,805538,Battery Street at Cherry Street,Burlington,5,2.7659303760005753e-5,2.3737181921762248e-4,44.47899973630009,-73.21883190406265
2026,September,6,805539,S Union Street at Adams Street,Burlington,87,4.812718854241001e-4,0.0041302696543866315,44.47232,-73.20881
2026,September,6,805540,S Union Street at Spruce Street,Burlington,67,3.706346703840771e-4,0.0031807823775161412,44.470663162357646,-73.20874371616048
2026,September,6,805541,S Union Street at Howard Street,Burlington,119,6.582914294881369e-4,0.005649449297379415,44.467451748434605,-73.20807407799322
2026,September,6,805542,S Union Street at St Paul Street,Burlington,102,5.642497967041173e-4,0.004842385112039499,44.465256,-73.207703
2026,September,6,805544,Shelburne Road at Opposite Hoover Street,Burlington,99,5.47654214448114e-4,0.0046999620205089255,44.46058,-73.20817
2026,September,6,805545,Shelburne Road at Birchcliff Parkway,Burlington,64,3.5403908812807364e-4,0.0030383592859855677,44.45862,-73.208362
2026,September,6,805546,Shelburne Road at Burlington Subaru,Burlington,91,5.033993284321047e-4,0.004320167109760729,44.456321,-73.20858
2026,September,6,805547,Shelburne Road at Ferguson Avenue,Burlington,29,1.6042396180803337e-4,0.0013767565514622103,44.453955,-73.208797
2026,September,6,805548,Shelburne Road at Lyman Avenue,Burlington,19,1.0510535428802186e-4,9.020129130269654e-4,44.45298,-73.20883
2026,September,6,805549,Shelburne Road at Scarff Avenue,Burlington,45,2.489337338400518e-4,0.0021363463729586023,44.451904,-73.208988
2026,September,6,805550,Shelburne Road at Home Avenue,Burlington,524,0.002898695034048603,0.024876566654006838,44.450357,-73.209121
2026,September,6,805551,Shelburne Road at Queen City Parkway,South Burlington,46,2.5446559459205295e-4,0.002183820736802127,44.445006,-73.209668
2026,September,6,805552,Shelburne Road at Opposite Brewer Parkway,South Burlington,187,0.001034457960624215,0.00887770603873908,44.44257,-73.20993
2026,September,6,805553,Shelburne Road at Fayette Road,South Burlington,232,0.001283391694464267,0.011014052411697683,44.436915,-73.210534
2026,September,6,805554,Shelburne Road at Holmes Road,South Burlington,26,1.4382837955202992e-4,0.0012343334599316368,44.43293,-73.211
2026,September,6,805555,Shelburne Road at Bartlett Bay Road,South Burlington,10,5.5318607520011505e-5,4.7474363843524496e-4,44.42803,-73.21152
2026,September,6,805556,Shelburne Road at Harbor View Road,South Burlington,40,2.2127443008004602e-4,0.0018989745537409798,44.42382,-73.21195
2026,September,6,805557,Shelburne Road at Opposite Allen Road,South Burlington,37,2.0467884782404257e-4,0.0017565514622104063,44.42202,-73.21215
2026,September,6,805558,Shelburne Road at Pine Haven Shores Road,Shelburne,21,1.1616907579202416e-4,9.969616407140144e-4,44.4188,-73.2127
2026,September,6,805559,Shelburne Road at Opposite Martindale,Shelburne,20,1.1063721504002301e-4,9.494872768704899e-4,44.4167,-73.2134
2026,September,6,805560,Shelburne Road at Palmer Court,Shelburne,23,1.2723279729602647e-4,0.0010919103684010635,44.41318,-73.21455
2026,September,6,805561,Shelburne Road at Lakeview Drive,Shelburne,35,1.9361512632004027e-4,0.0016616027345233574,44.41193,-73.21497
2026,September,6,805563,Shelburne Road at Bay Road,Shelburne,43,2.3787001233604947e-4,0.0020413976452715536,44.4057,-73.21698
2026,September,6,805564,Shelburne Road at Green Mountain Kenworth,Shelburne,15,8.297791128001725e-5,7.121154576528675e-4,44.40277,-73.2179
2026,September,6,805565,Shelburne Road at Tenneybrook Square,Shelburne,6,3.31911645120069e-5,2.84846183061147e-4,44.40097,-73.21848
2026,September,6,805566,Shelburne Road at Opposite Longmeadow Drive (The Commons),Shelburne,33,1.8255140481603796e-4,0.0015666540068363084,44.3959070841938,-73.2201433163049
2026,September,6,805568,Shelburne Road at Town Office,Shelburne,115,6.361639864801323e-4,0.005459551842005317,44.37908,-73.22825
2026,September,6,805569,Shelburne Museum,Shelburne,104,5.753135182081197e-4,0.004937333839726547,44.37672,-73.22913
2026,September,6,805570,Shelburne Road at Museum Main Gate,Shelburne,103,5.697816574561185e-4,0.004889859475883023,44.37188,-73.23092
2026,September,6,805571,Marsett Road at Green Hills Drive,Shelburne,39,2.1574256932804488e-4,0.0018515001898974555,44.36972,-73.22888
2026,September,6,805572,Marsett Road at Maplewood Drive,Shelburne,52,2.8765675910405984e-4,0.0024686669198632737,44.36992,-73.22743
2026,September,6,805573,Marsett Road at Falls Roadd,Shelburne,16,8.850977203201841e-5,7.595898214963919e-4,44.370314,-73.224723
2026,September,6,805574,Falls Road at Shelburne Shopping Park,Shelburne,192,0.001062117264384221,0.009115077857956703,44.37948,-73.22692
2026,September,6,805576,Shelburne Road at Webster Road,Shelburne,73,4.03825834896084e-4,0.0034656285605772883,44.38762,-73.22465
2026,September,6,805577,Shelburne Road at Dutch Mill,Shelburne,141,7.799923660321622e-4,0.006693885301936954,44.3937,-73.22055
2026,September,6,805578,Shelburne Road at Longmeadow Drive,Shelburne,197,0.0010897765681442267,0.009352449677174326,44.39648,-73.21962
2026,September,6,805579,Shelburne Road at Opposite Tenneybrook,Shelburne,32,1.7701954406403682e-4,0.0015191796429927839,44.40157,-73.218
2026,September,6,805580,Shelburne Road at Opposite Shed Sales Antiques,Shelburne,63,3.4850722737607247e-4,0.0029908849221420434,44.40338,-73.21745
2026,September,6,805581,Shelburne Road at Executive Drive,Shelburne,354,0.0019582787062084072,0.01680592480060767,44.40637,-73.2165
2026,September,6,805583,Shelburne Road at Hullcrest Road,Shelburne,215,0.0011893500616802473,0.010206988226357766,44.41257684917089,-73.21445643594137
2026,September,6,805584,Shelburne Road at Juniper Ridge,Shelburne,125,6.914825940001439e-4,0.005934295480440562,44.41375,-73.21407
2026,September,6,805585,Shelburne Road at Martindale Road,Shelburne,252,0.0013940289095042899,0.011963539688568173,44.41737,-73.21288
2026,September,6,805586,Shelburne Road at Locust Hill,Shelburne,175,9.680756316002014e-4,0.008308013672616786,44.41945,-73.21218
2026,September,6,805587,Shelburne Road at Allen Road,South Burlington,529,0.0029263543378086087,0.02511393847322446,44.4227,-73.21175
2026,September,6,805588,Shelburne Road at Green Mtn. Drive,South Burlington,198,0.001095308428896228,0.009399924041017851,44.42875,-73.21112
2026,September,6,805589,Shelburne Road at IDX Drive,South Burlington,173,9.57011910096199e-4,0.008213064944929738,44.43377,-73.21058
2026,September,6,805590,Shelburne Road at Sleepquarters,South Burlington,129,7.136100370081484e-4,0.00612419293581466,44.4351,-73.21048
2026,September,6,805591,Shelburne Road at MacIntosh Drive,South Burlington,257,0.0014216882132642957,0.012200911507785796,44.43715,-73.21028
2026,September,6,805592,Shelburne Road at Baldwin Avenue,South Burlington,526,0.0029097587555526054,0.024971515381693885,44.438626,-73.210108
2026,September,6,805593,Shelburne Road at Laurel Hill Drive,South Burlington,342,0.0018918963771843934,0.016236232434485378,44.441249,-73.20983
2026,September,6,805594,Shelburne Road at Lindenwood Drive,South Burlington,579,0.0032029473754086662,0.027487656665400685,44.444169,-73.209501
2026,September,6,805595,Shelburne Road at Farrell Street,South Burlington,2458,0.013597313728418828,0.11669198632738322,44.450421,-73.208905
2026,September,6,805596,Shelburne Road at Hadley Road,South Burlington,335,0.0018531733519203855,0.015903911887580707,44.452346,-73.208731
2026,September,6,805597,Shelburne Road at Proctor Avenue,South Burlington,262,0.0014493475170243015,0.012438283327003419,44.4549625141176,-73.2084395754862
2026,September,6,805598,Shelburne Road at Kinney Drugs,Burlington,395,0.0021850849970404544,0.018752373718192175,44.456778,-73.208325
2026,September,6,805599,Shelburne Road at Clymer Street,Burlington,152,8.408428343041749e-4,0.0072161033042157235,44.458365,-73.208201
2026,September,6,805601,South Union Street at Opposite Saint Paul Street,Burlington,182,0.0010067986568642094,0.008640334219521458,44.465356,-73.207568
2026,September,6,805602,S Union Street at Howard Street,Burlington,89,4.923356069281024e-4,0.00422521838207368,44.4672,-73.20783
2026,September,6,805603,S Union Street at Bayview Court,Burlington,81,4.480807209120932e-4,0.0038454234713254844,44.46843,-73.20813
2026,September,6,805604,S Union Street at Spruce Street,Burlington,67,3.706346703840771e-4,0.0031807823775161412,44.470452,-73.208604
2026,September,6,805605,S Union Street at Maple Street,Burlington,23,1.2723279729602647e-4,0.0010919103684010635,44.47378,-73.2088
2026,September,6,805606,S Union Street at Opposite King Street,Burlington,16,8.850977203201841e-5,7.595898214963919e-4,44.47498,-73.20885
2026,September,6,805871,Shelburne Road at Flynn Avenue,Burlington,60,3.31911645120069e-4,0.00284846183061147,44.455267466135794,-73.20861765878698
2026,September,6,805872,Shelburne Road at Hannaford Drive (Olive Garden),South Burlington,93,5.144630499361071e-4,0.0044151158374477785,44.440723,-73.210134
2026,September,6,805873,Shelburne Road at Opposite Baldwin Avenue,South Burlington,76,4.2042141715208743e-4,0.0036080516521078618,44.438538,-73.210366
2026,September,6,805876,S Union Street at Opposite Bayview Street,Burlington,104,5.753135182081197e-4,0.004937333839726547,44.4685615194674,-73.2083037554183
2026,September,6,805889,Falls Road at LaPlatte Circle,Shelburne,79,4.370169994080909e-4,0.0037504747436384353,44.3722,-73.22502
2026,September,6,805906,S. Winooski Avenue at King Street,Burlington,915,0.005061652588081052,0.04343904291682491,44.475317956005064,-73.21098945119671
2026,September,6,805908,Maple Street at Union Street,Burlington,582,0.0032195429576646695,0.027630079756931256,44.47377,-73.20912
2026,September,6,805911,Shelburne Road at Alfred Street,Burlington,165,9.127570240801898e-4,0.007833270034181543,44.459642,-73.20808
2026,September,6,805912,Vermont Teddy Bear Factory,Shelburne,13,7.191418977601496e-5,6.171667299658184e-4,44.36152,-73.23055
2026,September,6,806011,Cherry Street at Opposite 3 Cathedral Square,Burlington,1,5.5318607520011505e-6,4.7474363843524496e-5,44.479106,-73.217703
2026,September,6,806025,Shelburne Road at Bostwick Road,Shelburne,147,8.131835305441691e-4,0.006978731484998101,44.36995,-73.23162
2026,September,6,806028,Shelburne Road at Opposite Webster Road (Office Park),Shelburne,13,7.191418977601496e-5,6.171667299658184e-4,44.38795,-73.22467
2026,September,6,806041,5224 Shelburne Road,Shelburne,38,2.1021070857604371e-4,0.0018040258260539309,44.381457,-73.227305
2026,September,6,820638,Shelburne Road at Locust Street,Burlington,54,2.987204806080621e-4,0.002563615647550323,44.463741453424014,-73.2078657103599
2026,September,7,2562322,Downtown Transit Center,Burlington,6153,0.03403753920706308,0.23058761804826863,44.479731,-73.214298
2026,September,7,805607,Pearl Street at Elmwood Avenue,Burlington,4,2.2127443008004602e-5,1.4990256333383302e-4,44.480451,-73.213722
2026,September,7,805610,North Street at Elmwood Avenue,Burlington,415,0.0022957222120804774,0.015552390945885175,44.48478,-73.21363
2026,September,7,805669,North Street at Opposite Murray Street,Burlington,351,0.001941683123952404,0.013153949932543846,44.48468,-73.21585
2026,September,7,805670,North Street at N. Champlain Street,Burlington,295,0.0016318989218403394,0.011055314045870185,44.48464,-73.21755
2026,September,7,805671,North Street at Blodgett Street,Burlington,355,0.0019638105669604086,0.013303852495877679,44.48448,-73.22113
2026,September,7,805672,North Avenue at Strong Street,Burlington,235,0.0012999872767202705,0.00880677559586269,44.48555,-73.22318
2026,September,7,805673,North Avenue at Washington Street,Burlington,153,8.46374695056176e-4,0.005733773047519113,44.48783,-73.22497
2026,September,7,805675,North Ave at Opposite Cambrian Rise,Burlington,235,0.0012999872767202705,0.00880677559586269,44.490374789966715,-73.22694498290925
2026,September,7,805676,North Avenue at Opposite Lakeview Cem.,Burlington,85,0.00047020816392009783,0.0031854294708439515,44.49305,-73.22907
2026,September,7,805677,Opposite Burlington High School,Burlington,1820,0.010067986568642094,0.06820566631689402,44.497347,-73.232414
2026,September,7,805678,North Avenue at Beltline,Burlington,177,9.791393531042036e-4,0.0066331884275221105,44.50003,-73.23538
2026,September,7,805679,North Avenue at Saratoga Avenue,Burlington,30,1.659558225600345e-4,0.0011242692250037476,44.502521,-73.238743
2026,September,7,805680,North Avenue at Village Green,Burlington,105,5.808453789601209e-4,0.003934942287513116,44.503302,-73.239826
2026,September,7,805681,North Avenue at Rite Aid,Burlington,142,7.855242267841634e-4,0.0053215409983510716,44.50468,-73.24163
2026,September,7,805682,Opposite Ethan Allen Shopping Center,Burlington,686,0.003794856475872789,0.02570828961175236,44.50669307103158,-73.24436667857378
2026,September,7,805683,North Avenue at Poirier Place,Burlington,148,8.187153912961703e-4,0.005546394843351821,44.508373,-73.2467
2026,September,7,805684,North Avenue at Heineberg Road,Burlington,97,5.365904929441116e-4,0.0036351371608454503,44.509442,-73.248161
2026,September,7,805685,North Avenue at Gosse Court,Burlington,141,7.799923660321622e-4,0.005284065357517614,44.51062,-73.24977
2026,September,7,805686,North Avenue at Bessery Market,Burlington,548,0.0030314596920966307,0.020536651176735123,44.51227,-73.25198
2026,September,7,805687,North Avenue at Edgemoor Drive,Burlington,251,0.0013884970487522887,0.00940638584919802,44.51292,-73.25287
2026,September,7,805688,North Avenue at Cayuga Court,Burlington,178,9.846712138562048e-4,0.006670664068355569,44.51372,-73.25393
2026,September,7,805689,North Avenue at Birch Court,Burlington,239,0.001322114719728275,0.008956678159196521,44.51433,-73.25475
2026,September,7,805690,North Avenue at Franklin Sq.,Burlington,452,0.00250040105990452,0.01693898965672313,44.515150248912775,-73.25586414915972
2026,September,7,805692,North Avenue at Morgan Street,Burlington,37,2.0467884782404257e-4,0.0013865987108379553,44.52015,-73.26265
2026,September,7,805695,North Avenue at Northgate Road,Burlington,1760,0.009736074923522025,0.06595712786688653,44.52059866074774,-73.26343139125463
2026,September,7,805696,North Avenue at Opposite Algird Street,Burlington,476,0.0026331657179525475,0.017838405036726127,44.51935,-73.26173
2026,September,7,805697,North Avenue at Browe Court,Burlington,222,0.0012280730869442555,0.008319592265027731,44.51855,-73.26067
2026,September,7,805698,North Avenue at Starr Farm Road,Burlington,528,0.0029208224770566073,0.019787138360065955,44.5172,-73.25882
2026,September,7,805699,North Avenue at Loaldo Drive,Burlington,283,0.0015655165928163256,0.010605606355868685,44.51486646173666,-73.25575626842328
2026,September,7,805702,North Avenue at Woodbury Road,Burlington,370,0.002046788478240426,0.013865987108379553,44.51177,-73.2515
2026,September,7,805703,North Avenue at Dodds Court,Burlington,299,0.001654026364848344,0.011205216609204018,44.510541541785194,-73.24989447764318
2026,September,7,805704,North Avenue at Shore Road,Burlington,268,0.0014825386815363083,0.01004347174336681,44.509482,-73.248476
2026,September,7,805705,North Avenue at Dept. Motor Vehicles,Burlington,433,0.0023952957056164984,0.016226952480887423,44.508268,-73.246789
2026,September,7,805706,Ethan Allen Shopping Center,Burlington,958,0.005299522600417102,0.03590166391845301,44.506523,-73.244415
2026,September,7,805707,North Avenue at Lakewood Parkway,Burlington,317,0.0017535998583843647,0.011879778144206266,44.504869,-73.242206
2026,September,7,805708,North Avenue at Killarney Drive,Burlington,168,9.293526063361933e-4,0.0062959076600209865,44.503349,-73.240156
2026,September,7,805709,North Avenue at Oppostie Saratoga Ave. (Elk's Lodge),Burlington,131,7.246737585121508e-4,0.004909308949183031,44.50261,-73.239132
2026,September,7,805710,North Avenue at Route 127,Burlington,195,0.0010787128466402244,0.007307749962524359,44.501077,-73.237206
2026,September,7,805711,Burlington High School,Burlington,2098,0.011605843857698413,0.07862389446859541,44.497539,-73.232767
2026,September,7,805713,North Ave at Cambrian Rise,Burlington,570,0.003153160628640656,0.021361115275071205,44.48977976148372,-73.22669459131767
2026,September,7,805715,North Avenue at Berry Street,Burlington,120,6.63823290240138e-4,0.0044970769000149905,44.487623,-73.224958
2026,September,7,805716,North Avenue at Opposite Ward Street,Burlington,45,2.489337338400518e-4,0.0016864038375056214,44.486342,-73.223938
2026,September,7,805717,North Avenue at Canfield Street,Burlington,84,4.6467630316809666e-4,0.0031479538300104933,44.48527,-73.2231
2026,September,7,805718,North Street at Front Street,Burlington,135,7.468012015201553e-4,0.005059211512516864,44.484442,-73.220842
2026,September,7,805719,North Street at N. Champlain Street,Burlington,28,1.5489210105603223e-4,0.001049317943336831,44.4845449143604,-73.21810361126342
2026,September,7,805720,North Street at Murray Street,Burlington,60,3.31911645120069e-4,0.0022485384500074953,44.48462,-73.216134
2026,September,7,805721,North Street at Elmwood Avenue,Burlington,77,4.259532779040886e-4,0.0028856243441762854,44.484724,-73.213421
2026,September,7,805722,No. Winooski Avenue at Grant Street,Burlington,14,7.744605052801611e-5,5.246589716684155e-4,44.48238,-73.21138
2026,September,7,805879,North Avenue at Algird Street,Burlington,101,5.587179359521162e-4,0.0037850397241792834,44.51945,-73.26172
2026,September,7,805880,North Avenue at Green Acres Drive,Burlington,278,0.0015378572890563198,0.010418228151701394,44.51383554132112,-73.25433910719357
2026,September,7,805881,North Street at N. Winooski Avenue,Burlington,51,2.821248983520587e-4,0.0019112576825063708,44.484763,-73.21159
2026,September,7,805949,N Union Street at Pearl Street,Burlington,590,0.003263797843680679,0.02211062809174037,44.48083,-73.2093
2026,September,7,805950,N Union Street at Loomis Street,Burlington,225,0.001244668669200259,0.008432019187528107,44.48292,-73.20945
2026,September,7,805951,N Union Street at North Street,Burlington,234,0.0012944554159682693,0.00876929995502923,44.48458,-73.20957
2026,September,7,805952,North Street at N Winooski Avenue,Burlington,186,0.0010289260998722141,0.0069704691950232345,44.48485,-73.21115
2026,September,7,805953,North Avenue at Barley Road,Burlington,224,0.0012391368084482578,0.008394543546694649,44.51807,-73.25985
2026,September,7,805954,Pearl Street at N Winooski Avenue,Burlington,307,0.0016982812508643532,0.011505021735871684,44.48046,-73.21053
2026,September,7,805956,North Avenue at Tracy Drive,Burlington,590,0.003263797843680679,0.02211062809174037,44.5159084205904,-73.25714573796444
2026,September,7,805993,North Avenue at Lakeview Cemetery,Burlington,153,8.46374695056176e-4,0.005733773047519113,44.492721535987414,-73.22897998070101
2026,September,7,805994,North Street at Park Street,Burlington,38,2.1021070857604371e-4,0.0014240743516714136,44.484472,-73.21905
2026,September,7,806009,Heineberg Housing,Burlington,76,4.2042141715208743e-4,0.002848148703342827,44.5107483,-73.246847
2026,September,7,806071,North Avenue at N of Institute Road,Burlington,660,0.0036510280963207593,0.024733922950082445,44.4988638777257,-73.23408881833916
2026,September,8,2556011,N Champlain Street and Peru Street,Burlington,18,9.957349353602072e-5,0.0076824583866837385,44.48262463352549,-73.21751852446796
2026,September,8,2562322,Downtown Transit Center,Burlington,677,0.003745069729104779,0.28894579598804954,44.479731,-73.214298
2026,September,8,805537,Battery Street at College Street,Burlington,12,6.63823290240138e-5,0.005121638924455826,44.47669,-73.218674
2026,September,8,805647,Pearl Street at N. Champlain Street,Burlington,31,1.7148768331203568e-4,0.013230900554844216,44.4804,-73.21682
2026,September,8,805648,N Union Street at N Winooski Avenue,Burlington,148,8.187153912961703e-4,0.06316688006828852,44.4861,-73.20968
2026,September,8,805649,N Winooski Avenue at Archibald Street,Burlington,165,9.127570240801898e-4,0.07042253521126761,44.48767,-73.2081
2026,September,8,805650,Archibald Street at N Willard Street,Burlington,99,5.47654214448114e-4,0.04225352112676056,44.488026,-73.206167
2026,September,8,805651,Archibald Street at N Prospect Street,Burlington,29,1.6042396180803337e-4,0.012377294067434912,44.4877,-73.20227
2026,September,8,805652,N Prospect Street at Colonial Square,Burlington,21,1.1616907579202416e-4,0.008962868117797696,44.48697,-73.20195
2026,September,8,805653,N Prospect Street at Pearl Street,Burlington,7,3.872302526400806e-5,0.002987622705932565,44.48102,-73.20082
2026,September,8,805654,UHC Main Lobby,Burlington,37,2.0467884782404257e-4,0.01579172001707213,44.4793798194986,-73.2006045824597
2026,September,8,805655,UVM Waterman Building,Burlington,148,8.187153912961703e-4,0.06316688006828852,44.478071432337174,-73.20062330888942
2026,September,8,805656,S Prospect Street at Maple Street,Burlington,71,3.927621133920817e-4,0.030303030303030304,44.47423,-73.200632
2026,September,8,805660,Maple Street at South Willard Street,Burlington,41,2.2680629083204716e-4,0.017498932991890738,44.474047415860184,-73.20512136998575
2026,September,8,805662,Maple Street at S. Union Street,Burlington,4,2.2127443008004602e-5,0.0017072129748186087,44.473884,-73.20868
2026,September,8,805663,Maple Street at S. Winooski Avenue,Burlington,7,3.872302526400806e-5,0.002987622705932565,44.47383,-73.210641
2026,September,8,805664,Maple Street at Church Street,Burlington,14,7.744605052801611e-5,0.00597524541186513,44.473771,-73.212224
2026,September,8,805665,Maple Street at St Paul Street,Burlington,15,8.297791128001725e-5,0.006402048655569782,44.473688,-73.213657
2026,September,8,805666,Maple Street at Pine Street,Burlington,25,1.3829651880002875e-4,0.010670081092616303,44.473622,-73.21523
2026,September,8,805667,Maple Street at Battery St,Burlington,62,3.4297536662407135e-4,0.026461801109688432,44.473558,-73.217914
2026,September,8,805668,Battery Street at King Street,Burlington,9,4.978674676801036e-5,0.0038412291933418692,44.474485,-73.218508
2026,September,8,805720,North Street at Murray Street,Burlington,153,8.46374695056176e-4,0.06530089628681178,44.48462,-73.216134
2026,September,8,805721,North Street at Elmwood Avenue,Burlington,62,3.4297536662407135e-4,0.026461801109688432,44.484724,-73.213421
2026,September,8,805877,North Street at North Union Street,Burlington,69,3.816983918880794e-4,0.029449423815621,44.484805,-73.209904
2026,September,8,805878,Battery Street at Main Street,Burlington,4,2.2127443008004602e-5,0.0017072129748186087,44.47538,-73.21857
2026,September,8,805881,North Street at N. Winooski Avenue,Burlington,68,3.7616653113607825e-4,0.029022620571916347,44.484763,-73.21159
2026,September,8,805920,N Prospect Street at Loomis Street,Burlington,3,1.659558225600345e-5,0.0012804097311139564,44.483159711608565,-73.20123838453912
2026,September,8,805999,N Prospect Street at North Street,Burlington,30,1.659558225600345e-4,0.012804097311139564,44.485126,-73.201598
2026,September,8,806005,N Prospect Street at Henry Street,Burlington,15,8.297791128001725e-5,0.006402048655569782,44.484314,-73.201458
2026,September,8,806029,Fern Hill,Burlington,126,6.970144547521449e-4,0.05377720870678617,44.48710922696219,-73.20080938773157
2026,September,8,806030,McAuley Square,Burlington,173,9.57011910096199e-4,0.07383696116090482,44.48485932111906,-73.197974635582
2026,September,9,2562322,Downtown Transit Center,Burlington,3570,0.019748742884644108,0.367170626349892,44.479731,-73.214298
2026,September,9,4262062,West Spring Street at Mallets Bay Avenue,Winooski,201,0.0011119040111522312,0.020672631903733415,44.49522,-73.19227
2026,September,9,4262501,211 Main Street,Winooski,61,3.374435058720702e-4,0.006273783811580788,44.49580322642415,-73.18553453146548
2026,September,9,4262502,220 Main Street,Winooski,32,1.7701954406403682e-4,0.0032911652782063147,44.495887978,-73.185702344
2026,September,9,4262504,Main Street at Opposite Normand Street-Winooski High School,Winooski,134,7.412693407681542e-4,0.013781754602488944,44.500693033,-73.183298497
2026,September,9,4262505,Main Street at Opposite Burling Street,Winooski,73,4.03825834896084e-4,0.007507970790908156,44.49805439421906,-73.1845735403628
2026,September,9,805607,Pearl Street at Elmwood Avenue,Burlington,5,2.7659303760005753e-5,5.142445747197367e-4,44.480451,-73.213722
2026,September,9,805608,Elmwood Avenue at Elmwood Center,Burlington,61,3.374435058720702e-4,0.006273783811580788,44.48132,-73.21352
2026,September,9,805609,Elmwood Avenue at Opposite Peru Street,Burlington,85,0.00047020816392009783,0.008742157770235523,44.48258,-73.21362
2026,September,9,805611,Elmwood Avenue at Spring Street,Burlington,66,3.651028096320759e-4,0.006788028386300524,44.487349,-73.214014
2026,September,9,805612,Archibald Street at Walnut Street,Burlington,93,5.144630499361071e-4,0.009564949089787103,44.487673,-73.213751
2026,September,9,805613,Archibald Street at Intervale Avenue,Burlington,62,3.4297536662407135e-4,0.0063766327265247355,44.48778,-73.21147
2026,September,9,805614,Intervale Avenue at Opposite Willow Street,Burlington,35,1.9361512632004027e-4,0.003599712023038157,44.48863,-73.21042
2026,September,9,805615,Intervale Avenue at Riverside Avenue,Burlington,50,2.765930376000575e-4,0.005142445747197367,44.4893,-73.20985
2026,September,9,805616,Riverside Avenue at Bright Street,Burlington,66,3.651028096320759e-4,0.006788028386300524,44.48947,-73.20833
2026,September,9,805617,Community Health Center,Burlington,135,7.468012015201553e-4,0.01388460351743289,44.489602490295084,-73.20611120741472
2026,September,9,805618,Riverside Avenue at N. Prospect Street,Burlington,37,2.0467884782404257e-4,0.0038054098529260514,44.48868651,-73.20182517
2026,September,9,805619,Riverside Avenue at Koffee Kup Bakery,Burlington,18,9.957349353602072e-5,0.0018512804689910522,44.488130016524465,-73.19872632257795
2026,September,9,805620,Riverside Avenue at Salmon Run,Burlington,137,7.578649230241577e-4,0.014090301347320786,44.48641,-73.191726
2026,September,9,805624,E Spring Street at Spring Garden,Winooski,193,0.001067649125136222,0.019849840584181835,44.4946270837024,-73.1851116254566
2026,September,9,805625,Main Street at Burling Street,Winooski,74,4.0935769564808515e-4,0.007610819705852103,44.49784883198794,-73.18448591396849
2026,September,9,805627,Main Street at Normand Street-Winooski High School,Winooski,185,0.001023394239120213,0.01902704926463026,44.500951296310525,-73.18295517422409
2026,September,9,805630,W. Spring Street at Our Lady of Providence,Winooski,91,5.033993284321047e-4,0.009359251259899209,44.49518,-73.18847
2026,September,9,805631,W. Spring Street at North Street,Winooski,113,6.2510026497613e-4,0.01162192738866605,44.49518873002957,-73.18957765953223
2026,September,9,805633,West Lane at Malletts Bay Avenue,Winooski,88,4.868037461761013e-4,0.009050704515067365,44.49343,-73.19125
2026,September,9,805634,Mallets Bay Avenue at O'Brien Center,Winooski,504,0.0027880578190085797,0.05183585313174946,44.4922537130923,-73.1899693138969
2026,September,9,805635,Riverside Avenue at Dunkin Donuts,Burlington,48,2.655293160960552e-4,0.004936747917309472,44.48860661486667,-73.20076828347567
2026,September,9,805636,Riverside Avenue at Intervale Road,Burlington,55,3.042523413600633e-4,0.005656690321917104,44.48903838562042,-73.20218804339953
2026,September,9,805637,Community Health Center,Burlington,278,0.0015378572890563198,0.02859199835441736,44.489674,-73.206354
2026,September,9,805638,Riverside Avenue at Intervale Avenue,Burlington,52,2.8765675910405984e-4,0.005348143577085262,44.489485,-73.209628
2026,September,9,805639,Intervale Avenue at Willow Street,Burlington,41,2.2680629083204716e-4,0.004216805512701841,44.488718,-73.210544
2026,September,9,805640,Archibald Street at Walnut Street,Burlington,37,2.0467884782404257e-4,0.0038054098529260514,44.487786,-73.213167
2026,September,9,805641,Elmwood Avenue at Spring Street,Burlington,32,1.7701954406403682e-4,0.0032911652782063147,44.48738,-73.21415
2026,September,9,805642,Elmwood Avenue at Cedar Street,Burlington,35,1.9361512632004027e-4,0.003599712023038157,44.48595,-73.21402
2026,September,9,805643,Elmwood Avenue at North Street,Burlington,34,1.8808326556803913e-4,0.0034968631080942096,44.484847,-73.213943
2026,September,9,805644,Elmwood Avenue at Allen Street,Burlington,4,2.2127443008004602e-5,4.1139565977578934e-4,44.48379158717764,-73.213883867883
2026,September,9,805645,Grant Street at Clarke Street,Burlington,5,2.7659303760005753e-5,5.142445747197367e-4,44.4822,-73.21252
2026,September,9,805763,Winooski Falls/Champlain Mill,Winooski,193,0.001067649125136222,0.019849840584181835,44.490191,-73.184595
2026,September,9,805819,Spinner Place/ Champlain Mill,Winooski,897,0.004962079094545032,0.09225547670472077,44.4903075657594,-73.1848931831459
2026,September,9,805874,Riverside Avenue at Hillside Terrace,Burlington,44,2.4340187308805064e-4,0.004525352257533683,44.48778622,-73.19634542
2026,September,9,805958,Elmwood Avenue at Cedar Street,Burlington,88,4.868037461761013e-4,0.009050704515067365,44.48587,-73.21387
2026,September,9,805986,West Allen at Follett Street,Winooski,160,8.850977203201841e-4,0.016455826391031575,44.49137,-73.187129
2026,September,9,805987,Riverside Avenue at Opposite Barrett Street,Burlington,113,6.2510026497613e-4,0.01162192738866605,44.487832,-73.187295
2026,September,9,805988,Intervale Avenue at Archibald,Burlington,67,3.706346703840771e-4,0.006890877301244472,44.487946,-73.211161
2026,September,9,805989,Courtyard,Winooski,69,3.816983918880794e-4,0.007096575131132366,44.4927114,-73.181172
2026,September,9,805992,Elmwood Avenue at North Street,Burlington,213,0.001178286340176245,0.021906818883060782,44.48458,-73.2138
2026,September,9,806000,Riverside Avenue at Opposite #236,Burlington,337,0.0018642370734243878,0.03466008433611025,44.48669,-73.192724
2026,September,9,806004,Riverside Avenue at Hillside Terrace,Burlington,258,0.0014272200740162969,0.026535020055538414,44.48790773,-73.19620594
2026,September,9,806015,83 Barlow Street,Winooski,150,8.297791128001726e-4,0.015427337241592102,44.492936,-73.184006
2026,September,9,806016,Riverside Avenue at Opposite Bright Street,Burlington,140,7.744605052801611e-4,0.014398848092152628,44.489529,-73.208705
2026,September,9,806167,Mountain View Drive at Opposite Shaw's,Colchester,173,9.57011910096199e-4,0.01779286228530289,44.507582,-73.182115
2026,September,9,806168,Mountain View Drive at Opposite Water Tower Circle,Colchester,13,7.191418977601496e-5,0.0013370358942713155,44.510479616,-73.184694673
2026,September,9,806171,Rathe Road at Opposite Residence Inn,Colchester,18,9.957349353602072e-5,0.0018512804689910522,44.514548,-73.180886
2026,September,11,2562322,Downtown Transit Center,Burlington,2756,0.015245808232515172,0.1421644485711338,44.479731,-73.214298
2026,September,11,4254428,Pearl Street at Opposite North Champlain Street,Burlington,2,1.1063721504002301e-5,1.0316723408645414e-4,44.480227,-73.218169
2026,September,11,4255578,South Burlington City Center,South Burlington,772,0.004270596500544888,0.039822552357371296,44.465916,-73.178304
2026,September,11,4255596,Hinesburg Road at Prouty Parkway,South Burlington,27,1.4936024030403106e-4,0.001392757660167131,44.457897,-73.169572
2026,September,11,4255597,Hinesburg Road at Wright Court,South Burlington,39,2.1574256932804488e-4,0.0020117610646858556,44.459664,-73.169867
2026,September,11,4255599,Hinesburg Road at Opposite Iby Street,South Burlington,30,1.659558225600345e-4,0.0015475085112968121,44.462676,-73.170423
2026,September,11,4255600,Market Street at Garden Street,South Burlington,2142,0.011849245730786464,0.11049210770659239,44.464424,-73.175618
2026,September,11,4255601,Market Street at Hinesburg Road,South Burlington,151,8.353109735521738e-4,0.0077891261735272875,44.46339,-73.172066
2026,September,11,4255703,620 Hinesburg Rd,South Burlington,104,5.753135182081197e-4,0.005364696172495615,44.454911,-73.165713
2026,September,11,4261912,Main Street at Pine Street,Burlington,804,0.004447616044608925,0.04147322810275456,44.475743,-73.215751
2026,September,11,4261913,Main Street at Church Street,Burlington,1212,0.006704615231425394,0.06251934385639121,44.47588,-73.212288
2026,September,11,805486,Main Street at S. Union Street,Burlington,768,0.004248469057536884,0.03961621788919839,44.47603,-73.20863
2026,September,11,805487,Main Street at S. Willard Street,Burlington,280,0.0015489210105603221,0.01444341277210358,44.476129,-73.205639
2026,September,11,805488,Main Street at S. Prospect Street,Burlington,253,0.001399560770256291,0.01305065511193645,44.476288,-73.200853
2026,September,11,805490,University Heights,Burlington,3335,0.018448755607923837,0.1720313628391623,44.474407,-73.194645
2026,September,11,805492,Dorset Street at Peoples United Bank,South Burlington,61,3.374435058720702e-4,0.003146600639636851,44.46717,-73.18152
2026,September,11,805495,Dorset Street at The Pines,South Burlington,189,0.0010455216821282174,0.009749303621169917,44.45763328319927,-73.17979274009679
2026,September,11,805496,Dorset Street at Fire Station,South Burlington,191,0.0010565854036322197,0.009852470855256371,44.45469289237221,-73.1792998938364
2026,September,11,805497,Kennedy Drive at Dorset Street,South Burlington,35,1.9361512632004027e-4,0.0018054265965129475,44.452867,-73.177547
2026,September,11,805498,Kennedy Drive at Twin Oaks Terrace,South Burlington,46,2.5446559459205295e-4,0.0023728463839884453,44.453148026331554,-73.17394642816953
2026,September,11,805499,Kennedy Drive at Timber Lane,South Burlington,439,0.002428486870128505,0.022645207881976683,44.4539160687908,-73.1667206708602
2026,September,11,805529,Dorset Street at Barnes & Noble,South Burlington,2415,0.013359443716082779,0.12457443515939337,44.466905,-73.181203
2026,September,11,805530,Williston Road at Sheraton Hotel,South Burlington,213,0.001178286340176245,0.010987310430207366,44.471703,-73.188163
2026,September,11,805531,University Heights,Burlington,2350,0.012999872767202703,0.12122150005158362,44.474675,-73.194658
2026,September,11,805533,Main Street at S. Willard Street,Burlington,107,5.919091004641231e-4,0.005519447023625296,44.47623,-73.205
2026,September,11,805534,Main Street at S Union Street,Burlington,33,1.8255140481603796e-4,0.0017022593624264934,44.47612,-73.20933
2026,September,11,805535,Main Street at Church Street,Burlington,41,2.2680629083204716e-4,0.0021149282987723097,44.47602,-73.21237
2026,September,11,805536,Main Street at Pine Street,Burlington,37,2.0467884782404257e-4,0.0019085938305994016,44.47588,-73.2159
2026,September,11,805537,Battery Street at College Street,Burlington,44,2.4340187308805064e-4,0.002269679149901991,44.47669,-73.218674
2026,September,11,805538,Battery Street at Cherry Street,Burlington,2,1.1063721504002301e-5,1.0316723408645414e-4,44.47899973630009,-73.21883190406265
2026,September,11,805867,Main Street at Summit Street,Burlington,132,7.302056192641518e-4,0.006809037449705973,44.4762026495925,-73.2025125186516
2026,September,11,805869,Dorset Street at Town Square Drive,South Burlington,127,7.025463155041461e-4,0.006551119364489838,44.4567666731695,-73.17965702131
2026,September,11,805946,Williston Road at Staples Plaza,South Burlington,134,7.412693407681542e-4,0.006912204683792427,44.471708,-73.188722
2026,September,11,806178,Dorset Street at Opposite Garden Street,South Burlington,115,6.361639864801323e-4,0.005932115959971113,44.463505,-73.180857
2026,September,21,2530430,Northgate,Burlington,115,6.361639864801323e-4,0.018447224895733076,44.52018353173355,-73.26474424075396
2026,September,21,2562322,Downtown Transit Center,Burlington,250,0.0013829651880002878,0.04010266281681104,44.479731,-73.214298
2026,September,21,4247351,Opposite Boys & Girls Club,Burlington,380,0.002102107085760437,0.060956047481552776,44.4897185785598,-73.2111712459659
2026,September,21,4253786,Lyman C. Hunt Middle School,Burlington,289,0.0015987077573283326,0.04635867821623356,44.512915587,-73.248865946
2026,September,21,4258661,Austin Drive at Ledgewood Circle,Burlington,53,2.93188619856061e-4,0.00850176451716394,44.451498,-73.221579
2026,September,21,4258662,South Cove Road at Austin Drive,Burlington,88,4.868037461761013e-4,0.014116137311517485,44.451304,-73.228474
2026,September,21,4262507,East Ave,Burlington,139,7.689286445281599e-4,0.022297080526146935,44.481765490312014,-73.19260345072048
2026,September,21,805606,S Union Street at Opposite King Street,Burlington,1864,0.010311388441730145,0.29900545396214306,44.47498,-73.20885
2026,September,21,805701,North Avenue at Staniford Road,Burlington,33,1.8255140481603796e-4,0.0052935514918190565,44.512482637184064,-73.25249088947282
2026,September,21,805739,Champlain School (Pine Street),Burlington,751,0.004154427424752864,0.12046839910170035,44.45695374427129,-73.21422196016476
2026,September,21,805742,Lakeside Community,Burlington,155,8.574384165601784e-4,0.024863650946422844,44.46027,-73.22083
2026,September,21,805761,Colchester Avenue at Chase Street,Burlington,266,0.001471474960032306,0.04266923323708694,44.486436,-73.186976
2026,September,21,805923,North Avenue at North Street,Burlington,130,7.191418977601496e-4,0.02085338466474174,44.48393,-73.2219
2026,September,21,815404,Edmunds,Burlington,38,2.1021070857604371e-4,0.0060956047481552774,44.475857265390026,-73.20756304519637
2026,September,21,815405,North Ave. at Woodbury (Hunt School),Burlington,21,1.1616907579202416e-4,0.003368623676612127,44.5118223,-73.2513535
2026,September,21,815406,HO Wheeler,Burlington,308,0.0017038131116163544,0.0494064805903112,44.48774619008058,-73.21388883915517
2026,September,21,815407,CP Smith Elementary School,Burlington,179,9.90203074608206e-4,0.028713506576836703,44.51259996341931,-73.2420368935691
2026,September,21,815412,Raymond Pl,Burlington,765,0.00423187347528088,0.12271414821944177,44.45016821350688,-73.21304296866504
2026,September,21,849122,King Street at Pine Street,Burlington,267,0.0014770068207843072,0.04282964388835419,44.47462726277847,-73.21515011917177
2026,September,21,849473,Flynn School Circle,Burlington,143,7.910560875361646e-4,0.022938723131215914,44.51734811447099,-73.25961513417269
2026,September,86,2387294,Waterbury State Complex,Waterbury,72,3.9829397414408287e-4,0.02269861286254729,44.331774,-72.754829
2026,September,86,2562322,Downtown Transit Center,Burlington,434,0.0024008275663684993,0.13682219419924338,44.479731,-73.214298
2026,September,86,4212452,Williston Park & Ride,Williston,94,5.199949106881081e-4,0.029634300126103404,44.4382869455902,-73.1176662802925
2026,September,86,4262063,Montpelier Transit Center,Montpelier,656,0.0036289006533127546,0.2068095838587642,44.260141,-72.579795
2026,September,86,805537,Battery Street at College Street,Burlington,1,5.5318607520011505e-6,3.1525851197982345e-4,44.47669,-73.218674
2026,September,86,805550,Shelburne Road at Home Avenue,Burlington,48,2.655293160960552e-4,0.015132408575031526,44.450357,-73.209121
2026,September,86,805727,Pine Street at Opposite Howard Street,Burlington,3,1.659558225600345e-5,9.457755359394704e-4,44.46707,-73.215043
2026,September,86,805728,Pine Street at Burlington Electric Dept.,Burlington,4,2.2127443008004602e-5,0.0012610340479192938,44.463529,-73.214778
2026,September,86,805752,Pearl Street at Hungerford Terrace,Burlington,2,1.1063721504002301e-5,6.305170239596469e-4,44.480581,-73.207105
2026,September,86,805754,Pearl Street at S Prospect Street (UHC),Burlington,27,1.4936024030403106e-4,0.008511979823455234,44.480731,-73.201381
2026,September,86,805757,UVM Medical Center,Burlington,665,0.0036786874000807653,0.2096469104665826,44.4786566641105,-73.1939696441803
2026,September,86,805825,Pearl Street at N. Prospect Street,Burlington,1,5.5318607520011505e-6,3.1525851197982345e-4,44.480722,-73.200124
2026,September,86,805918,Pine Street at Lakeside Avenue (Cumberland Farms),Burlington,4,2.2127443008004602e-5,0.0012610340479192938,44.460789,-73.214604
2026,September,86,805946,Williston Road at Staples Plaza,South Burlington,65,3.595709488800748e-4,0.020491803278688523,44.471708,-73.188722
2026,September,86,806003,College Street at Pine Street,Burlington,5,2.7659303760005753e-5,0.0015762925598991173,44.4769269935033,-73.2158524026283
2026,September,86,806020,National Life,Montpelier,199,0.001100840289648229,0.06273644388398487,44.255618,-72.584353
2026,September,86,806021,Richmond Park and Ride,Richmond,310,0.0017148768331203567,0.09773013871374527,44.42328,-73.008347
2026,September,86,806022,Waterbury Park and Ride,Waterbury,288,0.0015931758965763315,0.09079445145018916,44.345122,-72.74333
2026,September,86,806049,Department of Labor Park and Ride,Montpelier,239,0.001322114719728275,0.07534678436317781,44.259262,-72.590637
2026,September,86,806179,Pine Street at Maple Street,Burlington,23,1.2723279729602647e-4,0.007250945775535939,44.473686,-73.215509
2026,September,86,806180,Flynn Avenue at Richardson Street,Burlington,18,9.957349353602072e-5,0.005674653215636823,44.455277,-73.212695
2026,September,86,806292,Bailey Avenue at VSECU,Montpelier,14,7.744605052801611e-5,0.004413619167717529,44.261014007,-72.585004733
2026,September,96,2562322,Downtown Transit Center,Burlington,255,0.0014106244917602934,0.206645056726094,44.479731,-73.214298
2026,September,96,4255696,Saint Albans Park and Ride,St. Albans,138,7.633967837761588e-4,0.11183144246353323,44.804924,-73.069639
2026,September,96,4256765,US 7 at Opposite Kilburn Road,Milton,4,2.2127443008004602e-5,0.0032414910858995136,44.650579,-73.115345
2026,September,96,4256766,River Street Park,Milton,7,3.872302526400806e-5,0.005672609400324149,44.637401,-73.1137
2026,September,96,4256767,River Street at Opposite Villemaire Lane,Milton,2,1.1063721504002301e-5,0.0016207455429497568,44.627308,-73.1170779
2026,September,96,4256768,259 US 7-Milton Square,Milton,1,5.5318607520011505e-6,8.103727714748784e-4,44.623179,-73.120129
2026,September,96,4256770,Fairfield Street at Northwestern Medical Center,St. Albans,3,1.659558225600345e-5,0.0024311183144246355,44.80638,-73.072262
2026,September,96,4256771,Fairfield Street at opposite Northwestern Medical Center,St. Albans,1,5.5318607520011505e-6,8.103727714748784e-4,44.806265,-73.072225
2026,September,96,4262503,Main Street at Union Street-Winooski Fire Station,Winooski,1,5.5318607520011505e-6,8.103727714748784e-4,44.49371737484323,-73.18665500979432
2026,September,96,4262504,Main Street at Opposite Normand Street-Winooski High School,Winooski,2,1.1063721504002301e-5,0.0016207455429497568,44.500693033,-73.183298497
2026,September,96,4262629,Fairfield St at Academy Drive,St. Albans,99,5.47654214448114e-4,0.08022690437601297,44.810148,-73.082147
2026,September,96,4262630,Fairfield St at Church St,St. Albans,26,1.4382837955202992e-4,0.02106969205834684,44.810274,-73.08216
2026,September,96,805621,Main Street at Platt Street,Winooski,44,2.4340187308805064e-4,0.03565640194489465,44.493705,-73.186457
2026,September,96,805627,Main Street at Normand Street-Winooski High School,Winooski,6,3.31911645120069e-5,0.004862236628849271,44.500951296310525,-73.18295517422409
2026,September,96,805757,UVM Medical Center,Burlington,289,0.0015987077573283326,0.23419773095623986,44.4786566641105,-73.1939696441803
2026,September,96,805763,Winooski Falls/Champlain Mill,Winooski,30,1.659558225600345e-4,0.024311183144246355,44.490191,-73.184595
2026,September,96,805819,Spinner Place/ Champlain Mill,Winooski,1,5.5318607520011505e-6,8.103727714748784e-4,44.4903075657594,-73.1848931831459
2026,September,96,806052,Chimney Corners Park & Ride,Colchester,32,1.7701954406403682e-4,0.02593192868719611,44.595,-73.16538
2026,September,96,806053,Georgia Park & Ride,Georgia,16,8.850977203201841e-5,0.012965964343598054,44.6988434,-73.1056939
2026,September,96,806120,US 7 at Centre Drive,Milton,34,1.8808326556803913e-4,0.027552674230145867,44.62244061006584,-73.12203743064549
2026,September,96,806127,Milton Town Office Park & Ride,Milton,122,6.748870117441404e-4,0.09886547811993517,44.618332,-73.124948
2026,September,96,806188,S Main Street at New Street,St. Albans,3,1.659558225600345e-5,0.0024311183144246355,44.806083,-73.085288
2026,September,96,806189,South Main Street at St. Albans Police Department,St. Albans,32,1.7701954406403682e-4,0.02593192868719611,44.803963,-73.086992
2026,September,96,806193,S Main Street at Upper Gilman Street,St. Albans,23,1.2723279729602647e-4,0.018638573743922204,44.80425,-73.086534
2026,September,96,806194,S Main Street at Upper Weldon Street,St. Albans,13,7.191418977601496e-5,0.01053484602917342,44.806508,-73.084709
2026,September,96,847926,Birchwood Park,Milton,50,2.765930376000575e-4,0.04051863857374392,44.633361,-73.150694
2026,September,756,2562322,Downtown Transit Center,Burlington,53,2.93188619856061e-4,0.21370967741935484,44.479731,-73.214298
2026,September,756,4254390,Shelburne Road at Opposite Marion St,Burlington,3,1.659558225600345e-5,0.012096774193548387,44.464545793,-73.207594827
2026,September,756,4254458,Queen City Park Rd. at 733 Queen City Park Rd.,South Burlington,5,2.7659303760005753e-5,0.020161290322580645,44.4450849725083,-73.21206249941329
2026,September,756,4262061,Shelburne Road at Hoover Street,Burlington,7,3.872302526400806e-5,0.028225806451612902,44.460749,-73.207956
2026,September,756,805484,S. Winooski Avenue at Bank Street,Burlington,15,8.297791128001725e-5,0.06048387096774194,44.478387,-73.211225
2026,September,756,805537,Battery Street at College Street,Burlington,4,2.2127443008004602e-5,0.016129032258064516,44.47669,-73.218674
2026,September,756,805595,Shelburne Road at Farrell Street,South Burlington,67,3.706346703840771e-4,0.2701612903225806,44.450421,-73.208905
2026,September,756,805596,Shelburne Road at Hadley Road,South Burlington,6,3.31911645120069e-5,0.024193548387096774,44.452346,-73.208731
2026,September,756,805597,Shelburne Road at Proctor Avenue,South Burlington,2,1.1063721504002301e-5,0.008064516129032258,44.4549625141176,-73.2084395754862
2026,September,756,805598,Shelburne Road at Kinney Drugs,Burlington,7,3.872302526400806e-5,0.028225806451612902,44.456778,-73.208325
2026,September,756,805599,Shelburne Road at Clymer Street,Burlington,2,1.1063721504002301e-5,0.008064516129032258,44.458365,-73.208201
2026,September,756,805602,S Union Street at Howard Street,Burlington,1,5.5318607520011505e-6,0.004032258064516129,44.4672,-73.20783
2026,September,756,805606,S Union Street at Opposite King Street,Burlington,1,5.5318607520011505e-6,0.004032258064516129,44.47498,-73.20885
2026,September,756,805664,Maple Street at Church Street,Burlington,10,5.5318607520011505e-5,0.04032258064516129,44.473771,-73.212224
2026,September,756,805665,Maple Street at St Paul Street,Burlington,5,2.7659303760005753e-5,0.020161290322580645,44.473688,-73.213657
2026,September,756,805724,Opposite 230 St Paul Street,Burlington,6,3.31911645120069e-5,0.024193548387096774,44.4725758663786,-73.21387942650665
2026,September,756,805725,Kilburn Street at Pine Street,Burlington,5,2.7659303760005753e-5,0.020161290322580645,44.471083,-73.215057
2026,September,756,805726,Pine Street Opposite Pine Place (Old Greyhound),Burlington,2,1.1063721504002301e-5,0.008064516129032258,44.469792,-73.215209
2026,September,756,805727,Pine Street at Opposite Howard Street,Burlington,14,7.744605052801611e-5,0.056451612903225805,44.46707,-73.215043
2026,September,756,805729,Pine Street at Opposite Birchcliff Parkway,Burlington,5,2.7659303760005753e-5,0.020161290322580645,44.459138,-73.214493
2026,September,756,805730,Pine Street at Long Trail Phys. Therapy,Burlington,1,5.5318607520011505e-6,0.004032258064516129,44.457489,-73.214395
2026,September,756,805731,Howard Center,Burlington,2,1.1063721504002301e-5,0.008064516129032258,44.45587805178482,-73.21433236507835
2026,September,756,805733,Pine Street at Home Avenue,Burlington,1,5.5318607520011505e-6,0.004032258064516129,44.451123,-73.214484
2026,September,756,805734,Green Mountain Transit Office,Burlington,6,3.31911645120069e-5,0.024193548387096774,44.450385,-73.219485
2026,September,756,805736,Queen City Park Road at Opposite Pine Street,South Burlington,5,2.7659303760005753e-5,0.020161290322580645,44.446265,-73.215134
2026,September,756,805906,S. Winooski Avenue at King Street,Burlington,6,3.31911645120069e-5,0.024193548387096774,44.475317956005064,-73.21098945119671
2026,September,756,805911,Shelburne Road at Alfred Street,Burlington,1,5.5318607520011505e-6,0.004032258064516129,44.459642,-73.20808
2026,September,756,805918,Pine Street at Lakeside Avenue (Cumberland Farms),Burlington,3,1.659558225600345e-5,0.012096774193548387,44.460789,-73.214604
2026,September,756,805925,College Street at S Winooski Avenue,Burlington,3,1.659558225600345e-5,0.012096774193548387,44.477089,-73.211186
2026,September,778,2562322,Downtown Transit Center,Burlington,184,0.0010178623783682118,0.3857442348008386,44.479731,-73.214298
2026,September,778,4254459,North Ave at Burlington Police Department,Burlington,1,5.5318607520011505e-6,0.0020964360587002098,44.48285293336719,-73.2212151129874
2026,September,778,805608,Elmwood Avenue at Elmwood Center,Burlington,2,1.1063721504002301e-5,0.0041928721174004195,44.48132,-73.21352
2026,September,778,805649,N Winooski Avenue at Archibald Street,Burlington,1,5.5318607520011505e-6,0.0020964360587002098,44.48767,-73.2081
2026,September,778,805650,Archibald Street at N Willard Street,Burlington,3,1.659558225600345e-5,0.006289308176100629,44.488026,-73.206167
2026,September,778,805651,Archibald Street at N Prospect Street,Burlington,1,5.5318607520011505e-6,0.0020964360587002098,44.4877,-73.20227
2026,September,778,805653,N Prospect Street at Pearl Street,Burlington,2,1.1063721504002301e-5,0.0041928721174004195,44.48102,-73.20082
2026,September,778,805669,North Street at Opposite Murray Street,Burlington,8,4.4254886016009204e-5,0.016771488469601678,44.48468,-73.21585
2026,September,778,805670,North Street at N. Champlain Street,Burlington,1,5.5318607520011505e-6,0.0020964360587002098,44.48464,-73.21755
2026,September,778,805671,North Street at Blodgett Street,Burlington,6,3.31911645120069e-5,0.012578616352201259,44.48448,-73.22113
2026,September,778,805672,North Avenue at Strong Street,Burlington,3,1.659558225600345e-5,0.006289308176100629,44.48555,-73.22318
2026,September,778,805673,North Avenue at Washington Street,Burlington,1,5.5318607520011505e-6,0.0020964360587002098,44.48783,-73.22497
2026,September,778,805675,North Ave at Opposite Cambrian Rise,Burlington,9,4.978674676801036e-5,0.018867924528301886,44.490374789966715,-73.22694498290925
2026,September,778,805676,North Avenue at Opposite Lakeview Cem.,Burlington,1,5.5318607520011505e-6,0.0020964360587002098,44.49305,-73.22907
2026,September,778,805677,Opposite Burlington High School,Burlington,5,2.7659303760005753e-5,0.010482180293501049,44.497347,-73.232414
2026,September,778,805679,North Avenue at Saratoga Avenue,Burlington,1,5.5318607520011505e-6,0.0020964360587002098,44.502521,-73.238743
2026,September,778,805681,North Avenue at Rite Aid,Burlington,3,1.659558225600345e-5,0.006289308176100629,44.50468,-73.24163
2026,September,778,805682,Opposite Ethan Allen Shopping Center,Burlington,10,5.5318607520011505e-5,0.020964360587002098,44.50669307103158,-73.24436667857378
2026,September,778,805683,North Avenue at Poirier Place,Burlington,2,1.1063721504002301e-5,0.0041928721174004195,44.508373,-73.2467
2026,September,778,805685,North Avenue at Gosse Court,Burlington,3,1.659558225600345e-5,0.006289308176100629,44.51062,-73.24977
2026,September,778,805686,North Avenue at Bessery Market,Burlington,4,2.2127443008004602e-5,0.008385744234800839,44.51227,-73.25198
2026,September,778,805687,North Avenue at Edgemoor Drive,Burlington,3,1.659558225600345e-5,0.006289308176100629,44.51292,-73.25287
2026,September,778,805688,North Avenue at Cayuga Court,Burlington,2,1.1063721504002301e-5,0.0041928721174004195,44.51372,-73.25393
2026,September,778,805689,North Avenue at Birch Court,Burlington,5,2.7659303760005753e-5,0.010482180293501049,44.51433,-73.25475
2026,September,778,805690,North Avenue at Franklin Sq.,Burlington,6,3.31911645120069e-5,0.012578616352201259,44.515150248912775,-73.25586414915972
2026,September,778,805692,North Avenue at Morgan Street,Burlington,1,5.5318607520011505e-6,0.0020964360587002098,44.52015,-73.26265
2026,September,778,805695,North Avenue at Northgate Road,Burlington,52,2.8765675910405984e-4,0.1090146750524109,44.52059866074774,-73.26343139125463
2026,September,778,805696,North Avenue at Opposite Algird Street,Burlington,3,1.659558225600345e-5,0.006289308176100629,44.51935,-73.26173
2026,September,778,805697,North Avenue at Browe Court,Burlington,2,1.1063721504002301e-5,0.0041928721174004195,44.51855,-73.26067
2026,September,778,805698,North Avenue at Starr Farm Road,Burlington,9,4.978674676801036e-5,0.018867924528301886,44.5172,-73.25882
2026,September,778,805699,North Avenue at Loaldo Drive,Burlington,3,1.659558225600345e-5,0.006289308176100629,44.51486646173666,-73.25575626842328
2026,September,778,805700,North Avenue at Cross Parkway,Burlington,5,2.7659303760005753e-5,0.010482180293501049,44.51327591364524,-73.2535893886282
2026,September,778,805701,North Avenue at Staniford Road,Burlington,3,1.659558225600345e-5,0.006289308176100629,44.512482637184064,-73.25249088947282
2026,September,778,805702,North Avenue at Woodbury Road,Burlington,1,5.5318607520011505e-6,0.0020964360587002098,44.51177,-73.2515
2026,September,778,805703,North Avenue at Dodds Court,Burlington,5,2.7659303760005753e-5,0.010482180293501049,44.510541541785194,-73.24989447764318
2026,September,778,805704,North Avenue at Shore Road,Burlington,7,3.872302526400806e-5,0.014675052410901468,44.509482,-73.248476
2026,September,778,805705,North Avenue at Dept. Motor Vehicles,Burlington,8,4.4254886016009204e-5,0.016771488469601678,44.508268,-73.246789
2026,September,778,805706,Ethan Allen Shopping Center,Burlington,21,1.1616907579202416e-4,0.0440251572327044,44.506523,-73.244415
2026,September,778,805707,North Avenue at Lakewood Parkway,Burlington,7,3.872302526400806e-5,0.014675052410901468,44.504869,-73.242206
2026,September,778,805708,North Avenue at Killarney Drive,Burlington,8,4.4254886016009204e-5,0.016771488469601678,44.503349,-73.240156
2026,September,778,805709,North Avenue at Oppostie Saratoga Ave. (Elk's Lodge),Burlington,4,2.2127443008004602e-5,0.008385744234800839,44.50261,-73.239132
2026,September,778,805711,Burlington High School,Burlington,10,5.5318607520011505e-5,0.020964360587002098,44.497539,-73.232767
2026,September,778,805713,North Ave at Cambrian Rise,Burlington,14,7.744605052801611e-5,0.029350104821802937,44.48977976148372,-73.22669459131767
2026,September,778,805715,North Avenue at Berry Street,Burlington,1,5.5318607520011505e-6,0.0020964360587002098,44.487623,-73.224958
2026,September,778,805716,North Avenue at Opposite Ward Street,Burlington,1,5.5318607520011505e-6,0.0020964360587002098,44.486342,-73.223938
2026,September,778,805826,Pearl Street at N. Williams Street,Burlington,5,2.7659303760005753e-5,0.010482180293501049,44.480754,-73.203485
2026,September,778,805880,North Avenue at Green Acres Drive,Burlington,2,1.1063721504002301e-5,0.0041928721174004195,44.51383554132112,-73.25433910719357
2026,September,778,805920,N Prospect Street at Loomis Street,Burlington,4,2.2127443008004602e-5,0.008385744234800839,44.483159711608565,-73.20123838453912
2026,September,778,805950,N Union Street at Loomis Street,Burlington,1,5.5318607520011505e-6,0.0020964360587002098,44.48292,-73.20945
2026,September,778,805953,North Avenue at Barley Road,Burlington,3,1.659558225600345e-5,0.006289308176100629,44.51807,-73.25985
2026,September,778,805954,Pearl Street at N Winooski Avenue,Burlington,3,1.659558225600345e-5,0.006289308176100629,44.48046,-73.21053
2026,September,778,805956,North Avenue at Tracy Drive,Burlington,5,2.7659303760005753e-5,0.010482180293501049,44.5159084205904,-73.25714573796444
2026,September,778,805992,Elmwood Avenue at North Street,Burlington,2,1.1063721504002301e-5,0.0041928721174004195,44.48458,-73.2138
2026,September,778,805993,North Avenue at Lakeview Cemetery,Burlington,2,1.1063721504002301e-5,0.0041928721174004195,44.492721535987414,-73.22897998070101
2026,September,778,805999,N Prospect Street at North Street,Burlington,1,5.5318607520011505e-6,0.0020964360587002098,44.485126,-73.201598
2026,September,778,806029,Fern Hill,Burlington,9,4.978674676801036e-5,0.018867924528301886,44.48710922696219,-73.20080938773157
2026,September,778,806030,McAuley Square,Burlington,2,1.1063721504002301e-5,0.0041928721174004195,44.48485932111906,-73.197974635582
2026,September,778,806071,North Avenue at N of Institute Road,Burlington,2,1.1063721504002301e-5,0.0041928721174004195,44.4988638777257,-73.23408881833916
2026,September,778,809081,Fern Hill (Main Road),Burlington,3,1.659558225600345e-5,0.006289308176100629,44.486947130695434,-73.2018151365321
2026,September,778,815405,North Ave. at Woodbury (Hunt School),Burlington,1,5.5318607520011505e-6,0.0020964360587002098,44.5118223,-73.2513535
