{
"type": "FeatureCollection",
"name": "fy26_boardings_by_stop_april",
"crs": { "type": "name", "properties": { "name": "urn:ogc:def:crs:OGC:1.3:CRS84" } },
"features": [
{ "type": "Feature", "properties": { "year": 2026.0, "month": "April", "route": 1.0, "stop_id": "2530427", "stop_name": "Williston Road at Mills Avenue", "total_boardings": 81, "pct_total_boardings": 0.00050809820722879479, "pct_route_boardings": 0.0021805847197544823, "latitude": 44.464546559290739, "longitude": -73.160079805877103 }, "geometry": { "type": "Point", "coordinates": [ -73.160079805877103, 44.464546559290739 ] } },
{ "type": "Feature", "properties": { "year": 2026.0, "month": "April", "route": 1.0, "stop_id": "2562322", "stop_name": "Downtown Transit Center", "total_boardings": 7449, "pct_total_boardings": 0.046726216612929534, "pct_route_boardings": 0.20053303182038443, "latitude": 44.479731, "longitude": -73.214298 }, "geometry": { "type": "Point", "coordinates": [ -73.214298, 44.479731 ] } },
{ "type": "Feature", "properties": { "year": 2026.0, "month": "April", "route": 1.0, "stop_id": "4254428", "stop_name": "Pearl Street at Opposite North Champlain Street", "total_boardings": 1, "pct_total_boardings": 6.2728173731949969e-06, "pct_route_boardings": 2.6920799009314596e-05, "latitude": 44.480227, "longitude": -73.218169 }, "geometry": { "type": "Point", "coordinates": [ -73.218169, 44.480227 ] } },
{ "type": "Feature", "properties": { "year": 2026.0, "month": "April", "route": 1.0, "stop_id": "4255578", "stop_name": "South Burlington City Center", "total_boardings": 436, "pct_total_boardings": 0.0027349483747130185, "pct_route_boardings": 0.011737468368061164, "latitude": 44.465916, "longitude": -73.178304 }, "geometry": { "type": "Point", "coordinates": [ -73.178304, 44.465916 ] } },
{ "type": "Feature", "properties": { "year": 2026.0, "month": "April", "route": 1.0, "stop_id": "4255600", "stop_name": "Market Street at Garden Street", "total_boardings": 616, "pct_total_boardings": 0.0038640555018881182, "pct_route_boardings": 0.016583212189737791, "latitude": 44.464424, "longitude": -73.175618 }, "geometry": { "type": "Point", "coordinates": [ -73.175618, 44.464424 ] } },
{ "type": "Feature", "properties": { "year": 2026.0, "month": "April", "route": 1.0, "stop_id": "4255601", "stop_name": "Market Street at Hinesburg Road", "total_boardings": 118, "pct_total_boardings": 0.00074019245003700959, "pct_route_boardings": 0.0031766542830991224, "latitude": 44.46339, "longitude": -73.172066 }, "geometry": { "type": "Point", "coordinates": [ -73.172066, 44.46339 ] } },
{ "type": "Feature", "properties": { "year": 2026.0, "month": "April", "route": 1.0, "stop_id": "4255602", "stop_name": "Market Street at Garden Street", "total_boardings": 146, "pct_total_boardings": 0.00091583133648646953, "pct_route_boardings": 0.0039304366553599311, "latitude": 44.464565, "longitude": -73.176005 }, "geometry": { "type": "Point", "coordinates": [ -73.176005, 44.464565 ] } },
{ "type": "Feature", "properties": { "year": 2026.0, "month": "April", "route": 1.0, "stop_id": "4255603", "stop_name": "Market Street at Hinesburg Road", "total_boardings": 26, "pct_total_boardings": 0.0001630932517030699, "pct_route_boardings": 0.00069994077424217951, "latitude": 44.463335, "longitude": -73.171739 }, "geometry": { "type": "Point", "coordinates": [ -73.171739, 44.463335 ] } },
{ "type": "Feature", "properties": { "year": 2026.0, "month": "April", "route": 1.0, "stop_id": "4255702", "stop_name": "Hinesburg Road at Williston Road", "total_boardings": 67, "pct_total_boardings": 0.00042027876400406477, "pct_route_boardings": 0.001803693533624078, "latitude": 44.465742, "longitude": -73.171047 }, "geometry": { "type": "Point", "coordinates": [ -73.171047, 44.465742 ] } },
{ "type": "Feature", "properties": { "year": 2026.0, "month": "April", "route": 1.0, "stop_id": "4259370", "stop_name": "South Burlington City Center", "total_boardings": 123, "pct_total_boardings": 0.00077155653690298459, "pct_route_boardings": 0.0033112582781456954, "latitude": 44.465801, "longitude": -73.178344 }, "geometry": { "type": "Point", "coordinates": [ -73.178344, 44.465801 ] } },
{ "type": "Feature", "properties": { "year": 2026.0, "month": "April", "route": 1.0, "stop_id": "805484", "stop_name": "S. Winooski Avenue at Bank Street", "total_boardings": 1838, "pct_total_boardings": 0.011529438331932405, "pct_route_boardings": 0.049480428579120231, "latitude": 44.478387, "longitude": -73.211225 }, "geometry": { "type": "Point", "coordinates": [ -73.211225, 44.478387 ] } },
{ "type": "Feature", "properties": { "year": 2026.0, "month": "April", "route": 1.0, "stop_id": "805485", "stop_name": "Main Street at S. Winooski", "total_boardings": 1403, "pct_total_boardings": 0.0088007627745925812, "pct_route_boardings": 0.037769881010068382, "latitude": 44.475929, "longitude": -73.21056 }, "geometry": { "type": "Point", "coordinates": [ -73.21056, 44.475929 ] } },
{ "type": "Feature", "properties": { "year": 2026.0, "month": "April", "route": 1.0, "stop_id": "805486", "stop_name": "Main Street at S. Union Street", "total_boardings": 935, "pct_total_boardings": 0.0058650842439373222, "pct_route_boardings": 0.025170947073709149, "latitude": 44.47603, "longitude": -73.20863 }, "geometry": { "type": "Point", "coordinates": [ -73.20863, 44.47603 ] } },
{ "type": "Feature", "properties": { "year": 2026.0, "month": "April", "route": 1.0, "stop_id": "805487", "stop_name": "Main Street at S. Willard Street", "total_boardings": 802, "pct_total_boardings": 0.0050307995333023874, "pct_route_boardings": 0.021590480805470307, "latitude": 44.476129, "longitude": -73.205639 }, "geometry": { "type": "Point", "coordinates": [ -73.205639, 44.476129 ] } },
{ "type": "Feature", "properties": { "year": 2026.0, "month": "April", "route": 1.0, "stop_id": "805488", "stop_name": "Main Street at S. Prospect Street", "total_boardings": 383, "pct_total_boardings": 0.0024024890539336837, "pct_route_boardings": 0.01031066602056749, "latitude": 44.476288, "longitude": -73.200853 }, "geometry": { "type": "Point", "coordinates": [ -73.200853, 44.476288 ] } },
{ "type": "Feature", "properties": { "year": 2026.0, "month": "April", "route": 1.0, "stop_id": "805490", "stop_name": "University Heights", "total_boardings": 4279, "pct_total_boardings": 0.02684138553990139, "pct_route_boardings": 0.11519409896085715, "latitude": 44.47443, "longitude": -73.19472 }, "geometry": { "type": "Point", "coordinates": [ -73.19472, 44.47443 ] } },
{ "type": "Feature", "properties": { "year": 2026.0, "month": "April", "route": 1.0, "stop_id": "805491", "stop_name": "Dorset Street at Williston Road", "total_boardings": 21, "pct_total_boardings": 0.00013172916483709493, "pct_route_boardings": 0.00056533677919560653, "latitude": 44.46822, "longitude": -73.18168 }, "geometry": { "type": "Point", "coordinates": [ -73.18168, 44.46822 ] } },
{ "type": "Feature", "properties": { "year": 2026.0, "month": "April", "route": 1.0, "stop_id": "805492", "stop_name": "Dorset Street at Peoples United Bank", "total_boardings": 76, "pct_total_boardings": 0.00047673412036281973, "pct_route_boardings": 0.0020459807247079093, "latitude": 44.46717, "longitude": -73.18152 }, "geometry": { "type": "Point", "coordinates": [ -73.18152, 44.46717 ] } },
{ "type": "Feature", "properties": { "year": 2026.0, "month": "April", "route": 1.0, "stop_id": "805493", "stop_name": "University Mall", "total_boardings": 2638, "pct_total_boardings": 0.016547692230488402, "pct_route_boardings": 0.071017067786571908, "latitude": 44.46386, "longitude": -73.183538 }, "geometry": { "type": "Point", "coordinates": [ -73.183538, 44.46386 ] } },
{ "type": "Feature", "properties": { "year": 2026.0, "month": "April", "route": 1.0, "stop_id": "805500", "stop_name": "Williston Road at Heath Street", "total_boardings": 15, "pct_total_boardings": 9.4092260597924946e-05, "pct_route_boardings": 0.00040381198513971895, "latitude": 44.46633, "longitude": -73.1689 }, "geometry": { "type": "Point", "coordinates": [ -73.1689, 44.46633 ] } },
{ "type": "Feature", "properties": { "year": 2026.0, "month": "April", "route": 1.0, "stop_id": "805501", "stop_name": "Williston Road at Davis Parkway", "total_boardings": 16, "pct_total_boardings": 0.00010036507797111995, "pct_route_boardings": 0.00043073278414903354, "latitude": 44.46617, "longitude": -73.16793 }, "geometry": { "type": "Point", "coordinates": [ -73.16793, 44.46617 ] } },
{ "type": "Feature", "properties": { "year": 2026.0, "month": "April", "route": 1.0, "stop_id": "805502", "stop_name": "Williston Road at Hayden Parkway", "total_boardings": 18, "pct_total_boardings": 0.00011291071271750994, "pct_route_boardings": 0.00048457438216766274, "latitude": 44.46578, "longitude": -73.16625 }, "geometry": { "type": "Point", "coordinates": [ -73.16625, 44.46578 ] } },
{ "type": "Feature", "properties": { "year": 2026.0, "month": "April", "route": 1.0, "stop_id": "805503", "stop_name": "Williston Road at Elsom Parkway", "total_boardings": 19, "pct_total_boardings": 0.00011918353009070493, "pct_route_boardings": 0.00051149518117697733, "latitude": 44.46537, "longitude": -73.16438 }, "geometry": { "type": "Point", "coordinates": [ -73.16438, 44.46537 ] } },
{ "type": "Feature", "properties": { "year": 2026.0, "month": "April", "route": 1.0, "stop_id": "805504", "stop_name": "Williston Road at Victoria Drive", "total_boardings": 21, "pct_total_boardings": 0.00013172916483709493, "pct_route_boardings": 0.00056533677919560653, "latitude": 44.46483, "longitude": -73.16207 }, "geometry": { "type": "Point", "coordinates": [ -73.16207, 44.46483 ] } },
{ "type": "Feature", "properties": { "year": 2026.0, "month": "April", "route": 1.0, "stop_id": "805505", "stop_name": "Williston Road at Mills Avenue", "total_boardings": 55, "pct_total_boardings": 0.00034500495552572483, "pct_route_boardings": 0.0014806439455123028, "latitude": 44.46438, "longitude": -73.16013 }, "geometry": { "type": "Point", "coordinates": [ -73.16013, 44.46438 ] } },
{ "type": "Feature", "properties": { "year": 2026.0, "month": "April", "route": 1.0, "stop_id": "805516", "stop_name": "Hinesburg Road at Williston Road", "total_boardings": 537, "pct_total_boardings": 0.0033685029294057132, "pct_route_boardings": 0.014456469068001939, "latitude": 44.46578, "longitude": -73.17117 }, "geometry": { "type": "Point", "coordinates": [ -73.17117, 44.46578 ] } },
{ "type": "Feature", "properties": { "year": 2026.0, "month": "April", "route": 1.0, "stop_id": "805517", "stop_name": "Hinesburg Road at Village Green Drive", "total_boardings": 203, "pct_total_boardings": 0.0012733819267585844, "pct_route_boardings": 0.0054649221988908635, "latitude": 44.46477, "longitude": -73.17097 }, "geometry": { "type": "Point", "coordinates": [ -73.17097, 44.46477 ] } },
{ "type": "Feature", "properties": { "year": 2026.0, "month": "April", "route": 1.0, "stop_id": "805529", "stop_name": "Dorset Street at Barnes & Noble", "total_boardings": 2697, "pct_total_boardings": 0.016917788455506906, "pct_route_boardings": 0.072605394928121472, "latitude": 44.466905, "longitude": -73.181203 }, "geometry": { "type": "Point", "coordinates": [ -73.181203, 44.466905 ] } },
{ "type": "Feature", "properties": { "year": 2026.0, "month": "April", "route": 1.0, "stop_id": "805530", "stop_name": "Williston Road at Sheraton Hotel", "total_boardings": 250, "pct_total_boardings": 0.0015682043432987491, "pct_route_boardings": 0.0067301997523286491, "latitude": 44.471703, "longitude": -73.188163 }, "geometry": { "type": "Point", "coordinates": [ -73.188163, 44.471703 ] } },
{ "type": "Feature", "properties": { "year": 2026.0, "month": "April", "route": 1.0, "stop_id": "805531", "stop_name": "University Heights", "total_boardings": 2309, "pct_total_boardings": 0.014483935314707248, "pct_route_boardings": 0.0621601249125074, "latitude": 44.474604, "longitude": -73.194513 }, "geometry": { "type": "Point", "coordinates": [ -73.194513, 44.474604 ] } },
{ "type": "Feature", "properties": { "year": 2026.0, "month": "April", "route": 1.0, "stop_id": "805533", "stop_name": "Main Street at S. Willard Street", "total_boardings": 56, "pct_total_boardings": 0.00035127777289891982, "pct_route_boardings": 0.0015075647445216174, "latitude": 44.47623, "longitude": -73.205 }, "geometry": { "type": "Point", "coordinates": [ -73.205, 44.47623 ] } },
{ "type": "Feature", "properties": { "year": 2026.0, "month": "April", "route": 1.0, "stop_id": "805534", "stop_name": "Main Street at S Union Street", "total_boardings": 67, "pct_total_boardings": 0.00042027876400406477, "pct_route_boardings": 0.001803693533624078, "latitude": 44.47612, "longitude": -73.20933 }, "geometry": { "type": "Point", "coordinates": [ -73.20933, 44.47612 ] } },
{ "type": "Feature", "properties": { "year": 2026.0, "month": "April", "route": 1.0, "stop_id": "805535", "stop_name": "Main Street at Church Street", "total_boardings": 24, "pct_total_boardings": 0.00015054761695667992, "pct_route_boardings": 0.00064609917622355031, "latitude": 44.47602, "longitude": -73.21237 }, "geometry": { "type": "Point", "coordinates": [ -73.21237, 44.47602 ] } },
{ "type": "Feature", "properties": { "year": 2026.0, "month": "April", "route": 1.0, "stop_id": "805536", "stop_name": "Main Street at Pine Street", "total_boardings": 14, "pct_total_boardings": 8.7819443224729956e-05, "pct_route_boardings": 0.00037689118613040435, "latitude": 44.47588, "longitude": -73.2159 }, "geometry": { "type": "Point", "coordinates": [ -73.2159, 44.47588 ] } },
{ "type": "Feature", "properties": { "year": 2026.0, "month": "April", "route": 1.0, "stop_id": "805537", "stop_name": "Battery Street at College Street", "total_boardings": 78, "pct_total_boardings": 0.00048927975510920977, "pct_route_boardings": 0.0020998223227265385, "latitude": 44.4766, "longitude": -73.21867 }, "geometry": { "type": "Point", "coordinates": [ -73.21867, 44.4766 ] } },
{ "type": "Feature", "properties": { "year": 2026.0, "month": "April", "route": 1.0, "stop_id": "805538", "stop_name": "Battery Street at Cherry Street", "total_boardings": 11, "pct_total_boardings": 6.9000991105144959e-05, "pct_route_boardings": 0.00029612878910246056, "latitude": 44.478999736300089, "longitude": -73.218831904062654 }, "geometry": { "type": "Point", "coordinates": [ -73.218831904062654, 44.478999736300089 ] } },
{ "type": "Feature", "properties": { "year": 2026.0, "month": "April", "route": 1.0, "stop_id": "805867", "stop_name": "Main Street at Summit Street", "total_boardings": 506, "pct_total_boardings": 0.0031740455908366686, "pct_route_boardings": 0.013621924298713187, "latitude": 44.476202649592501, "longitude": -73.202512518651602 }, "geometry": { "type": "Point", "coordinates": [ -73.202512518651602, 44.476202649592501 ] } },
{ "type": "Feature", "properties": { "year": 2026.0, "month": "April", "route": 1.0, "stop_id": "805870", "stop_name": "Main Street at Opposite Edmunds School", "total_boardings": 43, "pct_total_boardings": 0.00026973114704738484, "pct_route_boardings": 0.0011575943574005276, "latitude": 44.476195, "longitude": -73.207487 }, "geometry": { "type": "Point", "coordinates": [ -73.207487, 44.476195 ] } },
{ "type": "Feature", "properties": { "year": 2026.0, "month": "April", "route": 1.0, "stop_id": "805875", "stop_name": "Main Street at Opposite Summit Street", "total_boardings": 149, "pct_total_boardings": 0.00093464978860605455, "pct_route_boardings": 0.0040111990523878753, "latitude": 44.476355359631881, "longitude": -73.202486901528829 }, "geometry": { "type": "Point", "coordinates": [ -73.202486901528829, 44.476355359631881 ] } },
{ "type": "Feature", "properties": { "year": 2026.0, "month": "April", "route": 1.0, "stop_id": "805895", "stop_name": "Marshall Avenue at Harvest Lane", "total_boardings": 9, "pct_total_boardings": 5.6455356358754972e-05, "pct_route_boardings": 0.00024228719108383137, "latitude": 44.445714, "longitude": -73.117377 }, "geometry": { "type": "Point", "coordinates": [ -73.117377, 44.445714 ] } },
{ "type": "Feature", "properties": { "year": 2026.0, "month": "April", "route": 1.0, "stop_id": "805896", "stop_name": "Williston Road at N. Brownell Road", "total_boardings": 229, "pct_total_boardings": 0.0014364751784616543, "pct_route_boardings": 0.006164862973133043, "latitude": 44.45493, "longitude": -73.12297 }, "geometry": { "type": "Point", "coordinates": [ -73.12297, 44.45493 ] } },
{ "type": "Feature", "properties": { "year": 2026.0, "month": "April", "route": 1.0, "stop_id": "805904", "stop_name": "Williston Road at S. Brownell Road", "total_boardings": 19, "pct_total_boardings": 0.00011918353009070493, "pct_route_boardings": 0.00051149518117697733, "latitude": 44.455, "longitude": -73.12343 }, "geometry": { "type": "Point", "coordinates": [ -73.12343, 44.455 ] } },
{ "type": "Feature", "properties": { "year": 2026.0, "month": "April", "route": 1.0, "stop_id": "805943", "stop_name": "University Mall at Stop sign at Hannafords", "total_boardings": 566, "pct_total_boardings": 0.0035504146332283682, "pct_route_boardings": 0.015237172239272062, "latitude": 44.463252, "longitude": -73.183412 }, "geometry": { "type": "Point", "coordinates": [ -73.183412, 44.463252 ] } },
{ "type": "Feature", "properties": { "year": 2026.0, "month": "April", "route": 1.0, "stop_id": "805946", "stop_name": "Williston Road at Staples Plaza", "total_boardings": 252, "pct_total_boardings": 0.0015807499780451392, "pct_route_boardings": 0.0067840413503472783, "latitude": 44.471708, "longitude": -73.188722 }, "geometry": { "type": "Point", "coordinates": [ -73.188722, 44.471708 ] } },
{ "type": "Feature", "properties": { "year": 2026.0, "month": "April", "route": 1.0, "stop_id": "805947", "stop_name": "Dorset Street at Blue Mall", "total_boardings": 1097, "pct_total_boardings": 0.0068812806583949115, "pct_route_boardings": 0.029532116513218111, "latitude": 44.46448, "longitude": -73.18078 }, "geometry": { "type": "Point", "coordinates": [ -73.18078, 44.46448 ] } },
{ "type": "Feature", "properties": { "year": 2026.0, "month": "April", "route": 1.0, "stop_id": "805960", "stop_name": "Williston Road at Kennedy Drive", "total_boardings": 47, "pct_total_boardings": 0.00029482241654016486, "pct_route_boardings": 0.001265277553437786, "latitude": 44.46303, "longitude": -73.15443 }, "geometry": { "type": "Point", "coordinates": [ -73.15443, 44.46303 ] } },
{ "type": "Feature", "properties": { "year": 2026.0, "month": "April", "route": 1.0, "stop_id": "805964", "stop_name": "Marshall Avenue at Trader Lane", "total_boardings": 338, "pct_total_boardings": 0.0021202122721399089, "pct_route_boardings": 0.0090992300651483345, "latitude": 44.44518, "longitude": -73.1158 }, "geometry": { "type": "Point", "coordinates": [ -73.1158, 44.44518 ] } },
{ "type": "Feature", "properties": { "year": 2026.0, "month": "April", "route": 1.0, "stop_id": "805973", "stop_name": "Marshall Avenue at Hannafords", "total_boardings": 39, "pct_total_boardings": 0.00024463987755460488, "pct_route_boardings": 0.0010499111613632693, "latitude": 44.445047, "longitude": -73.114986 }, "geometry": { "type": "Point", "coordinates": [ -73.114986, 44.445047 ] } },
{ "type": "Feature", "properties": { "year": 2026.0, "month": "April", "route": 1.0, "stop_id": "805974", "stop_name": "Walmart", "total_boardings": 1697, "pct_total_boardings": 0.01064497108231191, "pct_route_boardings": 0.045684595918806872, "latitude": 44.442322707648174, "longitude": -73.121237928214981 }, "geometry": { "type": "Point", "coordinates": [ -73.121237928214981, 44.442322707648174 ] } },
{ "type": "Feature", "properties": { "year": 2026.0, "month": "April", "route": 1.0, "stop_id": "805975", "stop_name": "Williston Road at HoHum Motel", "total_boardings": 187, "pct_total_boardings": 0.0011730168487874644, "pct_route_boardings": 0.00503418941474183, "latitude": 44.464255, "longitude": -73.158906 }, "geometry": { "type": "Point", "coordinates": [ -73.158906, 44.464255 ] } },
{ "type": "Feature", "properties": { "year": 2026.0, "month": "April", "route": 1.0, "stop_id": "805976", "stop_name": "Williston Road at Thrifty", "total_boardings": 324, "pct_total_boardings": 0.0020323928289151792, "pct_route_boardings": 0.0087223388790179292, "latitude": 44.46355, "longitude": -73.1558 }, "geometry": { "type": "Point", "coordinates": [ -73.1558, 44.46355 ] } },
{ "type": "Feature", "properties": { "year": 2026.0, "month": "April", "route": 1.0, "stop_id": "805977", "stop_name": "Williston Road at Victory Drive", "total_boardings": 65, "pct_total_boardings": 0.00040773312925767479, "pct_route_boardings": 0.0017498519356054488, "latitude": 44.465096, "longitude": -73.162601 }, "geometry": { "type": "Point", "coordinates": [ -73.162601, 44.465096 ] } },
{ "type": "Feature", "properties": { "year": 2026.0, "month": "April", "route": 1.0, "stop_id": "805978", "stop_name": "Williston Road at Pillsbury Manor", "total_boardings": 87, "pct_total_boardings": 0.00054573511146796473, "pct_route_boardings": 0.0023421095138103699, "latitude": 44.465579, "longitude": -73.164727 }, "geometry": { "type": "Point", "coordinates": [ -73.164727, 44.465579 ] } },
{ "type": "Feature", "properties": { "year": 2026.0, "month": "April", "route": 1.0, "stop_id": "805996", "stop_name": "Williston Road at Helena Drive", "total_boardings": 685, "pct_total_boardings": 0.0042968799006385724, "pct_route_boardings": 0.018440747321380499, "latitude": 44.45038, "longitude": -73.11262 }, "geometry": { "type": "Point", "coordinates": [ -73.11262, 44.45038 ] } },
{ "type": "Feature", "properties": { "year": 2026.0, "month": "April", "route": 1.0, "stop_id": "805997", "stop_name": "Williston Road at Blair Park Road", "total_boardings": 493, "pct_total_boardings": 0.0030924989649851334, "pct_route_boardings": 0.013271953911592096, "latitude": 44.45255, "longitude": -73.11755 }, "geometry": { "type": "Point", "coordinates": [ -73.11755, 44.45255 ] } },
{ "type": "Feature", "properties": { "year": 2026.0, "month": "April", "route": 1.0, "stop_id": "806045", "stop_name": "Williston Road at Williston Liquidation Center", "total_boardings": 48, "pct_total_boardings": 0.00030109523391335985, "pct_route_boardings": 0.0012921983524471006, "latitude": 44.45728, "longitude": -73.12797 }, "geometry": { "type": "Point", "coordinates": [ -73.12797, 44.45728 ] } },
{ "type": "Feature", "properties": { "year": 2026.0, "month": "April", "route": 1.0, "stop_id": "806064", "stop_name": "Williston Road at Aviation Avenue", "total_boardings": 25, "pct_total_boardings": 0.00015682043432987491, "pct_route_boardings": 0.00067301997523286491, "latitude": 44.46058, "longitude": -73.14902 }, "geometry": { "type": "Point", "coordinates": [ -73.14902, 44.46058 ] } },
{ "type": "Feature", "properties": { "year": 2026.0, "month": "April", "route": 1.0, "stop_id": "806069", "stop_name": "University Mall at Sears", "total_boardings": 663, "pct_total_boardings": 0.0041588779184282831, "pct_route_boardings": 0.017848489743175579, "latitude": 44.463197, "longitude": -73.18201 }, "geometry": { "type": "Point", "coordinates": [ -73.18201, 44.463197 ] } },
{ "type": "Feature", "properties": { "year": 2026.0, "month": "April", "route": 1.0, "stop_id": "806078", "stop_name": "Williston Road at VT Tire", "total_boardings": 14, "pct_total_boardings": 8.7819443224729956e-05, "pct_route_boardings": 0.00037689118613040435, "latitude": 44.462, "longitude": -73.15225 }, "geometry": { "type": "Point", "coordinates": [ -73.15225, 44.462 ] } },
{ "type": "Feature", "properties": { "year": 2026.0, "month": "April", "route": 1.0, "stop_id": "806079", "stop_name": "Williston Road at Ace Hardware", "total_boardings": 11, "pct_total_boardings": 6.9000991105144959e-05, "pct_route_boardings": 0.00029612878910246056, "latitude": 44.46055, "longitude": -73.1492 }, "geometry": { "type": "Point", "coordinates": [ -73.1492, 44.46055 ] } },
{ "type": "Feature", "properties": { "year": 2026.0, "month": "April", "route": 1.0, "stop_id": "806080", "stop_name": "Williston Road at Talent Skate Park", "total_boardings": 4, "pct_total_boardings": 2.5091269492779987e-05, "pct_route_boardings": 0.00010768319603725839, "latitude": 44.45882, "longitude": -73.14568 }, "geometry": { "type": "Point", "coordinates": [ -73.14568, 44.45882 ] } },
{ "type": "Feature", "properties": { "year": 2026.0, "month": "April", "route": 1.0, "stop_id": "806081", "stop_name": "Williston Road at Shunpike Road", "total_boardings": 4, "pct_total_boardings": 2.5091269492779987e-05, "pct_route_boardings": 0.00010768319603725839, "latitude": 44.45842, "longitude": -73.1429 }, "geometry": { "type": "Point", "coordinates": [ -73.1429, 44.45842 ] } },
{ "type": "Feature", "properties": { "year": 2026.0, "month": "April", "route": 1.0, "stop_id": "806082", "stop_name": "Williston Road at Engineers Drive", "total_boardings": 22, "pct_total_boardings": 0.00013800198221028992, "pct_route_boardings": 0.00059225757820492112, "latitude": 44.4582, "longitude": -73.1327 }, "geometry": { "type": "Point", "coordinates": [ -73.1327, 44.4582 ] } },
{ "type": "Feature", "properties": { "year": 2026.0, "month": "April", "route": 1.0, "stop_id": "806083", "stop_name": "Williston Road at Commerce Street", "total_boardings": 16, "pct_total_boardings": 0.00010036507797111995, "pct_route_boardings": 0.00043073278414903354, "latitude": 44.45337, "longitude": -73.11968 }, "geometry": { "type": "Point", "coordinates": [ -73.11968, 44.45337 ] } },
{ "type": "Feature", "properties": { "year": 2026.0, "month": "April", "route": 1.0, "stop_id": "806084", "stop_name": "Williston Road at Harvest Lane", "total_boardings": 30, "pct_total_boardings": 0.00018818452119584989, "pct_route_boardings": 0.00080762397027943789, "latitude": 44.4521, "longitude": -73.11688 }, "geometry": { "type": "Point", "coordinates": [ -73.11688, 44.4521 ] } },
{ "type": "Feature", "properties": { "year": 2026.0, "month": "April", "route": 1.0, "stop_id": "806085", "stop_name": "Williston Road at VT 2A", "total_boardings": 45, "pct_total_boardings": 0.00028227678179377488, "pct_route_boardings": 0.0012114359554191568, "latitude": 44.45023, "longitude": -73.11262 }, "geometry": { "type": "Point", "coordinates": [ -73.11262, 44.45023 ] } },
{ "type": "Feature", "properties": { "year": 2026.0, "month": "April", "route": 1.0, "stop_id": "806086", "stop_name": "VT 2A at Key Bank", "total_boardings": 14, "pct_total_boardings": 8.7819443224729956e-05, "pct_route_boardings": 0.00037689118613040435, "latitude": 44.44872, "longitude": -73.11095 }, "geometry": { "type": "Point", "coordinates": [ -73.11095, 44.44872 ] } },
{ "type": "Feature", "properties": { "year": 2026.0, "month": "April", "route": 1.0, "stop_id": "806087", "stop_name": "VT 2A at Wright Avenue", "total_boardings": 24, "pct_total_boardings": 0.00015054761695667992, "pct_route_boardings": 0.00064609917622355031, "latitude": 44.44722, "longitude": -73.11105 }, "geometry": { "type": "Point", "coordinates": [ -73.11105, 44.44722 ] } },
{ "type": "Feature", "properties": { "year": 2026.0, "month": "April", "route": 1.0, "stop_id": "806088", "stop_name": "VT 2A at Marshall Avenue (Ponderosa)", "total_boardings": 29, "pct_total_boardings": 0.0001819117038226549, "pct_route_boardings": 0.0007807031712701233, "latitude": 44.444733, "longitude": -73.112287 }, "geometry": { "type": "Point", "coordinates": [ -73.112287, 44.444733 ] } },
{ "type": "Feature", "properties": { "year": 2026.0, "month": "April", "route": 1.0, "stop_id": "806096", "stop_name": "VT 2A at Connor Way", "total_boardings": 1096, "pct_total_boardings": 0.0068750078410217165, "pct_route_boardings": 0.029505195714208798, "latitude": 44.446816, "longitude": -73.110949 }, "geometry": { "type": "Point", "coordinates": [ -73.110949, 44.446816 ] } },
{ "type": "Feature", "properties": { "year": 2026.0, "month": "April", "route": 1.0, "stop_id": "806112", "stop_name": "Williston Road at Miller Lane", "total_boardings": 109, "pct_total_boardings": 0.00068373709367825462, "pct_route_boardings": 0.002934367092015291, "latitude": 44.45833, "longitude": -73.13283 }, "geometry": { "type": "Point", "coordinates": [ -73.13283, 44.45833 ] } },
{ "type": "Feature", "properties": { "year": 2026.0, "month": "April", "route": 1.0, "stop_id": "806113", "stop_name": "Williston Rd. at Valley Rd", "total_boardings": 151, "pct_total_boardings": 0.00094719542335244453, "pct_route_boardings": 0.0040650406504065045, "latitude": 44.45853, "longitude": -73.142534 }, "geometry": { "type": "Point", "coordinates": [ -73.142534, 44.45853 ] } },
{ "type": "Feature", "properties": { "year": 2026.0, "month": "April", "route": 1.0, "stop_id": "806114", "stop_name": "Williston Road at Contact Communication", "total_boardings": 42, "pct_total_boardings": 0.00026345832967418985, "pct_route_boardings": 0.0011306735583912131, "latitude": 44.45962, "longitude": -73.14707 }, "geometry": { "type": "Point", "coordinates": [ -73.14707, 44.45962 ] } },
{ "type": "Feature", "properties": { "year": 2026.0, "month": "April", "route": 1.0, "stop_id": "806115", "stop_name": "Williston Road at Kennedy Drive", "total_boardings": 47, "pct_total_boardings": 0.00029482241654016486, "pct_route_boardings": 0.001265277553437786, "latitude": 44.46202, "longitude": -73.15193 }, "geometry": { "type": "Point", "coordinates": [ -73.15193, 44.46202 ] } },
{ "type": "Feature", "properties": { "year": 2026.0, "month": "April", "route": 1.0, "stop_id": "806116", "stop_name": "Williston Road at Stone House Commons", "total_boardings": 92, "pct_total_boardings": 0.00057709919833393974, "pct_route_boardings": 0.0024767135088569429, "latitude": 44.466486, "longitude": -73.168721 }, "geometry": { "type": "Point", "coordinates": [ -73.168721, 44.466486 ] } },
{ "type": "Feature", "properties": { "year": 2026.0, "month": "April", "route": 2.0, "stop_id": "2562322", "stop_name": "Downtown Transit Center", "total_boardings": 7391, "pct_total_boardings": 0.046362393205284222, "pct_route_boardings": 0.19319340251457251, "latitude": 44.479731, "longitude": -73.214298 }, "geometry": { "type": "Point", "coordinates": [ -73.214298, 44.479731 ] } },
{ "type": "Feature", "properties": { "year": 2026.0, "month": "April", "route": 2.0, "stop_id": "4209790", "stop_name": "E Allen Street at Hillside Park", "total_boardings": 163, "pct_total_boardings": 0.0010224692318307844, "pct_route_boardings": 0.0042606581802023162, "latitude": 44.493028716232203, "longitude": -73.175863613391599 }, "geometry": { "type": "Point", "coordinates": [ -73.175863613391599, 44.493028716232203 ] } },
{ "type": "Feature", "properties": { "year": 2026.0, "month": "April", "route": 2.0, "stop_id": "805752", "stop_name": "Pearl Street at Hungerford Terrace", "total_boardings": 1648, "pct_total_boardings": 0.010337603031025355, "pct_route_boardings": 0.043077083932352246, "latitude": 44.480581, "longitude": -73.207105 }, "geometry": { "type": "Point", "coordinates": [ -73.207105, 44.480581 ] } },
{ "type": "Feature", "properties": { "year": 2026.0, "month": "April", "route": 2.0, "stop_id": "805753", "stop_name": "Pearl Street at S. Willard Street", "total_boardings": 655, "pct_total_boardings": 0.0041086953794427228, "pct_route_boardings": 0.017121049742530779, "latitude": 44.480612, "longitude": -73.205833 }, "geometry": { "type": "Point", "coordinates": [ -73.205833, 44.480612 ] } },
{ "type": "Feature", "properties": { "year": 2026.0, "month": "April", "route": 2.0, "stop_id": "805754", "stop_name": "Pearl Street at S Prospect Street (UHC)", "total_boardings": 610, "pct_total_boardings": 0.003826418597648948, "pct_route_boardings": 0.015944794416708052, "latitude": 44.480731, "longitude": -73.201381 }, "geometry": { "type": "Point", "coordinates": [ -73.201381, 44.480731 ] } },
{ "type": "Feature", "properties": { "year": 2026.0, "month": "April", "route": 2.0, "stop_id": "805755", "stop_name": "Colchester Avenue at Mansfield House", "total_boardings": 657, "pct_total_boardings": 0.0041212410141891129, "pct_route_boardings": 0.017173327757011789, "latitude": 44.480579, "longitude": -73.198914 }, "geometry": { "type": "Point", "coordinates": [ -73.198914, 44.480579 ] } },
{ "type": "Feature", "properties": { "year": 2026.0, "month": "April", "route": 2.0, "stop_id": "805756", "stop_name": "Colchester Avenue at Fleming Museum", "total_boardings": 328, "pct_total_boardings": 0.0020574840984079589, "pct_route_boardings": 0.008573594374885642, "latitude": 44.480591262595297, "longitude": -73.196866524096293 }, "geometry": { "type": "Point", "coordinates": [ -73.196866524096293, 44.480591262595297 ] } },
{ "type": "Feature", "properties": { "year": 2026.0, "month": "April", "route": 2.0, "stop_id": "805757", "stop_name": "UVM Medical Center", "total_boardings": 5274, "pct_total_boardings": 0.033082838826230414, "pct_route_boardings": 0.1378571241864234, "latitude": 44.478656664110503, "longitude": -73.193969644180299 }, "geometry": { "type": "Point", "coordinates": [ -73.193969644180299, 44.478656664110503 ] } },
{ "type": "Feature", "properties": { "year": 2026.0, "month": "April", "route": 2.0, "stop_id": "805758", "stop_name": "Colchester Avenue at Latham Court", "total_boardings": 113, "pct_total_boardings": 0.00070882836317103469, "pct_route_boardings": 0.0029537078181770655, "latitude": 44.482512, "longitude": -73.191938 }, "geometry": { "type": "Point", "coordinates": [ -73.191938, 44.482512 ] } },
{ "type": "Feature", "properties": { "year": 2026.0, "month": "April", "route": 2.0, "stop_id": "805759", "stop_name": "Colchester Avenue at Thibault Parkway", "total_boardings": 87, "pct_total_boardings": 0.00054573511146796473, "pct_route_boardings": 0.0022740936299239355, "latitude": 44.483129, "longitude": -73.190514 }, "geometry": { "type": "Point", "coordinates": [ -73.190514, 44.483129 ] } },
{ "type": "Feature", "properties": { "year": 2026.0, "month": "April", "route": 2.0, "stop_id": "805760", "stop_name": "Colchester Avenue at 339", "total_boardings": 35, "pct_total_boardings": 0.0002195486080618249, "pct_route_boardings": 0.00091486525341767525, "latitude": 44.484018, "longitude": -73.188415 }, "geometry": { "type": "Point", "coordinates": [ -73.188415, 44.484018 ] } },
{ "type": "Feature", "properties": { "year": 2026.0, "month": "April", "route": 2.0, "stop_id": "805761", "stop_name": "Colchester Avenue at Chase Street", "total_boardings": 31, "pct_total_boardings": 0.00019445733856904491, "pct_route_boardings": 0.00081030922445565518, "latitude": 44.486436, "longitude": -73.186976 }, "geometry": { "type": "Point", "coordinates": [ -73.186976, 44.486436 ] } },
{ "type": "Feature", "properties": { "year": 2026.0, "month": "April", "route": 2.0, "stop_id": "805762", "stop_name": "Colchester Avenue at Barrett Street", "total_boardings": 56, "pct_total_boardings": 0.00035127777289891982, "pct_route_boardings": 0.0014637844054682804, "latitude": 44.487802, "longitude": -73.186696 }, "geometry": { "type": "Point", "coordinates": [ -73.186696, 44.487802 ] } },
{ "type": "Feature", "properties": { "year": 2026.0, "month": "April", "route": 2.0, "stop_id": "805763", "stop_name": "Winooski Falls/Champlain Mill", "total_boardings": 518, "pct_total_boardings": 0.0032493193993150082, "pct_route_boardings": 0.013540005750581592, "latitude": 44.49022, "longitude": -73.18437 }, "geometry": { "type": "Point", "coordinates": [ -73.18437, 44.49022 ] } },
{ "type": "Feature", "properties": { "year": 2026.0, "month": "April", "route": 2.0, "stop_id": "805765", "stop_name": "College Parkway at Opposite Florida Avenue", "total_boardings": 35, "pct_total_boardings": 0.0002195486080618249, "pct_route_boardings": 0.00091486525341767525, "latitude": 44.493226, "longitude": -73.170992 }, "geometry": { "type": "Point", "coordinates": [ -73.170992, 44.493226 ] } },
{ "type": "Feature", "properties": { "year": 2026.0, "month": "April", "route": 2.0, "stop_id": "805766", "stop_name": "Saint Michael's College", "total_boardings": 63, "pct_total_boardings": 0.00039518749451128481, "pct_route_boardings": 0.0016467574561518153, "latitude": 44.492973017248161, "longitude": -73.167726976286872 }, "geometry": { "type": "Point", "coordinates": [ -73.167726976286872, 44.492973017248161 ] } },
{ "type": "Feature", "properties": { "year": 2026.0, "month": "April", "route": 2.0, "stop_id": "805767", "stop_name": "College Parkway at Lime Kiln Road", "total_boardings": 45, "pct_total_boardings": 0.00028227678179377488, "pct_route_boardings": 0.0011762553258227253, "latitude": 44.492695, "longitude": -73.163626 }, "geometry": { "type": "Point", "coordinates": [ -73.163626, 44.492695 ] } },
{ "type": "Feature", "properties": { "year": 2026.0, "month": "April", "route": 2.0, "stop_id": "805768", "stop_name": "College Parkway at Fanny Allen Hospital", "total_boardings": 173, "pct_total_boardings": 0.0010851974055627344, "pct_route_boardings": 0.0045220482526073663, "latitude": 44.497364, "longitude": -73.158333 }, "geometry": { "type": "Point", "coordinates": [ -73.158333, 44.497364 ] } },
{ "type": "Feature", "properties": { "year": 2026.0, "month": "April", "route": 2.0, "stop_id": "805769", "stop_name": "Ethan Allen Avenue at University Lane", "total_boardings": 62, "pct_total_boardings": 0.00038891467713808982, "pct_route_boardings": 0.0016206184489113104, "latitude": 44.502994, "longitude": -73.151287 }, "geometry": { "type": "Point", "coordinates": [ -73.151287, 44.502994 ] } },
{ "type": "Feature", "properties": { "year": 2026.0, "month": "April", "route": 2.0, "stop_id": "805770", "stop_name": "Ethan Allen Avenue at Catamount Lane", "total_boardings": 53, "pct_total_boardings": 0.00033245932077933485, "pct_route_boardings": 0.0013853673837467652, "latitude": 44.503845, "longitude": -73.150689 }, "geometry": { "type": "Point", "coordinates": [ -73.150689, 44.503845 ] } },
{ "type": "Feature", "properties": { "year": 2026.0, "month": "April", "route": 2.0, "stop_id": "805771", "stop_name": "Ethan Allen Avenue at VT Public TV", "total_boardings": 63, "pct_total_boardings": 0.00039518749451128481, "pct_route_boardings": 0.0016467574561518153, "latitude": 44.50475, "longitude": -73.149892 }, "geometry": { "type": "Point", "coordinates": [ -73.149892, 44.50475 ] } },
{ "type": "Feature", "properties": { "year": 2026.0, "month": "April", "route": 2.0, "stop_id": "805775", "stop_name": "Ethan Allen Avenue at Opposite Green Mt. Nursing", "total_boardings": 65, "pct_total_boardings": 0.00040773312925767479, "pct_route_boardings": 0.0016990354706328255, "latitude": 44.506784, "longitude": -73.145364 }, "geometry": { "type": "Point", "coordinates": [ -73.145364, 44.506784 ] } },
{ "type": "Feature", "properties": { "year": 2026.0, "month": "April", "route": 2.0, "stop_id": "805776", "stop_name": "Ethan Allen Avenue at Essex Avenue (Bld. #310)", "total_boardings": 38, "pct_total_boardings": 0.00023836706018140987, "pct_route_boardings": 0.00099328227513919014, "latitude": 44.50543, "longitude": -73.143241 }, "geometry": { "type": "Point", "coordinates": [ -73.143241, 44.50543 ] } },
{ "type": "Feature", "properties": { "year": 2026.0, "month": "April", "route": 2.0, "stop_id": "805777", "stop_name": "Pearl Street at West Street Extension", "total_boardings": 57, "pct_total_boardings": 0.00035755059027211481, "pct_route_boardings": 0.0014899234127087853, "latitude": 44.499522824791669, "longitude": -73.130628243221167 }, "geometry": { "type": "Point", "coordinates": [ -73.130628243221167, 44.499522824791669 ] } },
{ "type": "Feature", "properties": { "year": 2026.0, "month": "April", "route": 2.0, "stop_id": "805778", "stop_name": "Pearl Street at Opposite Complex 159", "total_boardings": 25, "pct_total_boardings": 0.00015682043432987491, "pct_route_boardings": 0.00065347518101262518, "latitude": 44.497858, "longitude": -73.127775 }, "geometry": { "type": "Point", "coordinates": [ -73.127775, 44.497858 ] } },
{ "type": "Feature", "properties": { "year": 2026.0, "month": "April", "route": 2.0, "stop_id": "805779", "stop_name": "Pearl Street at Opposite Willey's Court", "total_boardings": 5, "pct_total_boardings": 3.1364086865974984e-05, "pct_route_boardings": 0.00013069503620252504, "latitude": 44.4968059911076, "longitude": -73.125413855270693 }, "geometry": { "type": "Point", "coordinates": [ -73.125413855270693, 44.4968059911076 ] } },
{ "type": "Feature", "properties": { "year": 2026.0, "month": "April", "route": 2.0, "stop_id": "805780", "stop_name": "Pearl Street at KFC", "total_boardings": 13, "pct_total_boardings": 8.1546625851534952e-05, "pct_route_boardings": 0.00033980709412656507, "latitude": 44.496383, "longitude": -73.124482 }, "geometry": { "type": "Point", "coordinates": [ -73.124482, 44.496383 ] } },
{ "type": "Feature", "properties": { "year": 2026.0, "month": "April", "route": 2.0, "stop_id": "805781", "stop_name": "Pearl Street at Capital Lincoln", "total_boardings": 57, "pct_total_boardings": 0.00035755059027211481, "pct_route_boardings": 0.0014899234127087853, "latitude": 44.495081, "longitude": -73.121634 }, "geometry": { "type": "Point", "coordinates": [ -73.121634, 44.495081 ] } },
{ "type": "Feature", "properties": { "year": 2026.0, "month": "April", "route": 2.0, "stop_id": "805782", "stop_name": "Pearl Street at Roscoe Court (Shopping Center)", "total_boardings": 61, "pct_total_boardings": 0.00038264185976489483, "pct_route_boardings": 0.0015944794416708054, "latitude": 44.494046, "longitude": -73.119419 }, "geometry": { "type": "Point", "coordinates": [ -73.119419, 44.494046 ] } },
{ "type": "Feature", "properties": { "year": 2026.0, "month": "April", "route": 2.0, "stop_id": "805783", "stop_name": "Pearl Street at Merchants Bank", "total_boardings": 15, "pct_total_boardings": 9.4092260597924946e-05, "pct_route_boardings": 0.00039208510860757511, "latitude": 44.492685, "longitude": -73.11657 }, "geometry": { "type": "Point", "coordinates": [ -73.11657, 44.492685 ] } },
{ "type": "Feature", "properties": { "year": 2026.0, "month": "April", "route": 2.0, "stop_id": "805792", "stop_name": "Amtrak", "total_boardings": 1962, "pct_total_boardings": 0.012307267686208583, "pct_route_boardings": 0.05128473220587082, "latitude": 44.4924, "longitude": -73.11022 }, "geometry": { "type": "Point", "coordinates": [ -73.11022, 44.4924 ] } },
{ "type": "Feature", "properties": { "year": 2026.0, "month": "April", "route": 2.0, "stop_id": "805793", "stop_name": "Lincoln Street at Brownell Library", "total_boardings": 488, "pct_total_boardings": 0.0030611348781191586, "pct_route_boardings": 0.012755835533366443, "latitude": 44.49122, "longitude": -73.11107 }, "geometry": { "type": "Point", "coordinates": [ -73.11107, 44.49122 ] } },
{ "type": "Feature", "properties": { "year": 2026.0, "month": "April", "route": 2.0, "stop_id": "805794", "stop_name": "Pearl Street at Summit Street", "total_boardings": 73, "pct_total_boardings": 0.00045791566824323476, "pct_route_boardings": 0.0019081475285568654, "latitude": 44.492274, "longitude": -73.1155 }, "geometry": { "type": "Point", "coordinates": [ -73.1155, 44.492274 ] } },
{ "type": "Feature", "properties": { "year": 2026.0, "month": "April", "route": 2.0, "stop_id": "805795", "stop_name": "Pearl Street at Hillcrest Road (Jiffy Lube)", "total_boardings": 149, "pct_total_boardings": 0.00093464978860605455, "pct_route_boardings": 0.0038947120788352459, "latitude": 44.493225, "longitude": -73.117389 }, "geometry": { "type": "Point", "coordinates": [ -73.117389, 44.493225 ] } },
{ "type": "Feature", "properties": { "year": 2026.0, "month": "April", "route": 2.0, "stop_id": "805796", "stop_name": "Pearl Street at Essex Junction Shopping Center.", "total_boardings": 606, "pct_total_boardings": 0.0038013273281561682, "pct_route_boardings": 0.015840238387746033, "latitude": 44.494521, "longitude": -73.120046 }, "geometry": { "type": "Point", "coordinates": [ -73.120046, 44.494521 ] } },
{ "type": "Feature", "properties": { "year": 2026.0, "month": "April", "route": 2.0, "stop_id": "805797", "stop_name": "Pearl Street at Gate A Fairgrounds", "total_boardings": 459, "pct_total_boardings": 0.0028792231742965036, "pct_route_boardings": 0.011997804323391797, "latitude": 44.4956, "longitude": -73.122406 }, "geometry": { "type": "Point", "coordinates": [ -73.122406, 44.4956 ] } },
{ "type": "Feature", "properties": { "year": 2026.0, "month": "April", "route": 2.0, "stop_id": "805798", "stop_name": "Pearl Street at Willey's Court", "total_boardings": 167, "pct_total_boardings": 0.0010475605013235644, "pct_route_boardings": 0.0043652142091643361, "latitude": 44.49691, "longitude": -73.125335 }, "geometry": { "type": "Point", "coordinates": [ -73.125335, 44.49691 ] } },
{ "type": "Feature", "properties": { "year": 2026.0, "month": "April", "route": 2.0, "stop_id": "805799", "stop_name": "Pearl Street at Complex 159", "total_boardings": 77, "pct_total_boardings": 0.00048300693773601478, "pct_route_boardings": 0.0020127035575188855, "latitude": 44.497953, "longitude": -73.127588 }, "geometry": { "type": "Point", "coordinates": [ -73.127588, 44.497953 ] } },
{ "type": "Feature", "properties": { "year": 2026.0, "month": "April", "route": 2.0, "stop_id": "805800", "stop_name": "Pearl Street at West Street (U-Turn)", "total_boardings": 99, "pct_total_boardings": 0.00062100891994630472, "pct_route_boardings": 0.0025877617168099955, "latitude": 44.499922, "longitude": -73.130796 }, "geometry": { "type": "Point", "coordinates": [ -73.130796, 44.499922 ] } },
{ "type": "Feature", "properties": { "year": 2026.0, "month": "April", "route": 2.0, "stop_id": "805801", "stop_name": "Pearl Street at 197 Pearl Inc.", "total_boardings": 64, "pct_total_boardings": 0.0004014603118844798, "pct_route_boardings": 0.0016728964633923203, "latitude": 44.50076, "longitude": -73.132168 }, "geometry": { "type": "Point", "coordinates": [ -73.132168, 44.50076 ] } },
{ "type": "Feature", "properties": { "year": 2026.0, "month": "April", "route": 2.0, "stop_id": "805802", "stop_name": "Pearl Street at Contois Music", "total_boardings": 72, "pct_total_boardings": 0.00045164285087003977, "pct_route_boardings": 0.0018820085213163604, "latitude": 44.501798, "longitude": -73.133839 }, "geometry": { "type": "Point", "coordinates": [ -73.133839, 44.501798 ] } },
{ "type": "Feature", "properties": { "year": 2026.0, "month": "April", "route": 2.0, "stop_id": "805803", "stop_name": "Pearl Street at 241 Pearl Apartments", "total_boardings": 146, "pct_total_boardings": 0.00091583133648646953, "pct_route_boardings": 0.0038162950571137308, "latitude": 44.502877, "longitude": -73.135618 }, "geometry": { "type": "Point", "coordinates": [ -73.135618, 44.502877 ] } },
{ "type": "Feature", "properties": { "year": 2026.0, "month": "April", "route": 2.0, "stop_id": "805804", "stop_name": "Pearl Street at Susie Wilson Road", "total_boardings": 424, "pct_total_boardings": 0.0026596745662346788, "pct_route_boardings": 0.011082939069974122, "latitude": 44.504157, "longitude": -73.139286 }, "geometry": { "type": "Point", "coordinates": [ -73.139286, 44.504157 ] } },
{ "type": "Feature", "properties": { "year": 2026.0, "month": "April", "route": 2.0, "stop_id": "805805", "stop_name": "Ethan Allen Avenue at Laurette Drive", "total_boardings": 219, "pct_total_boardings": 0.0013737470047297043, "pct_route_boardings": 0.0057244425856705959, "latitude": 44.504828, "longitude": -73.142164 }, "geometry": { "type": "Point", "coordinates": [ -73.142164, 44.504828 ] } },
{ "type": "Feature", "properties": { "year": 2026.0, "month": "April", "route": 2.0, "stop_id": "805806", "stop_name": "Ethan Allen Avenue at Green Mtn. Nursing", "total_boardings": 108, "pct_total_boardings": 0.00067746427630505969, "pct_route_boardings": 0.0028230127819745404, "latitude": 44.506969, "longitude": -73.145567 }, "geometry": { "type": "Point", "coordinates": [ -73.145567, 44.506969 ] } },
{ "type": "Feature", "properties": { "year": 2026.0, "month": "April", "route": 2.0, "stop_id": "805808", "stop_name": "Ethan Allen Avenue at Sloane Hall", "total_boardings": 128, "pct_total_boardings": 0.0008029206237689596, "pct_route_boardings": 0.0033457929267846406, "latitude": 44.504656870888162, "longitude": -73.150176640958136 }, "geometry": { "type": "Point", "coordinates": [ -73.150176640958136, 44.504656870888162 ] } },
{ "type": "Feature", "properties": { "year": 2026.0, "month": "April", "route": 2.0, "stop_id": "805809", "stop_name": "Ethan Allen Avenue at Catamount Lane", "total_boardings": 208, "pct_total_boardings": 0.0013047460136245592, "pct_route_boardings": 0.0054369135060250411, "latitude": 44.503856, "longitude": -73.150807 }, "geometry": { "type": "Point", "coordinates": [ -73.150807, 44.503856 ] } },
{ "type": "Feature", "properties": { "year": 2026.0, "month": "April", "route": 2.0, "stop_id": "805810", "stop_name": "Ethan Allen Avenue at Barnes Avenue", "total_boardings": 401, "pct_total_boardings": 0.0025153997666511937, "pct_route_boardings": 0.010481741903442508, "latitude": 44.502712, "longitude": -73.15154 }, "geometry": { "type": "Point", "coordinates": [ -73.15154, 44.502712 ] } },
{ "type": "Feature", "properties": { "year": 2026.0, "month": "April", "route": 2.0, "stop_id": "805811", "stop_name": "College Parkway at Cumberland Farms", "total_boardings": 230, "pct_total_boardings": 0.0014427479958348493, "pct_route_boardings": 0.0060119716653161516, "latitude": 44.497571, "longitude": -73.158398 }, "geometry": { "type": "Point", "coordinates": [ -73.158398, 44.497571 ] } },
{ "type": "Feature", "properties": { "year": 2026.0, "month": "April", "route": 2.0, "stop_id": "805812", "stop_name": "College Parkway at Johnson Avenue", "total_boardings": 177, "pct_total_boardings": 0.0011102886750555144, "pct_route_boardings": 0.0046266042815693862, "latitude": 44.496917, "longitude": -73.15976 }, "geometry": { "type": "Point", "coordinates": [ -73.15976, 44.496917 ] } },
{ "type": "Feature", "properties": { "year": 2026.0, "month": "April", "route": 2.0, "stop_id": "805813", "stop_name": "College Parkway at Campus Rd. (Saint Mikes East Entrance)", "total_boardings": 114, "pct_total_boardings": 0.00071510118054422963, "pct_route_boardings": 0.0029798468254175706, "latitude": 44.494898125355199, "longitude": -73.161820025549602 }, "geometry": { "type": "Point", "coordinates": [ -73.161820025549602, 44.494898125355199 ] } },
{ "type": "Feature", "properties": { "year": 2026.0, "month": "April", "route": 2.0, "stop_id": "805814", "stop_name": "Saint Michael's College", "total_boardings": 83, "pct_total_boardings": 0.00052064384197518477, "pct_route_boardings": 0.0021695376009619157, "latitude": 44.493464544027219, "longitude": -73.162882690763865 }, "geometry": { "type": "Point", "coordinates": [ -73.162882690763865, 44.493464544027219 ] } },
{ "type": "Feature", "properties": { "year": 2026.0, "month": "April", "route": 2.0, "stop_id": "805815", "stop_name": "College Parkway at Campus Rd. (Saint Mikes West Entrance)", "total_boardings": 604, "pct_total_boardings": 0.0037887816934097781, "pct_route_boardings": 0.015787960373265023, "latitude": 44.493114, "longitude": -73.166998 }, "geometry": { "type": "Point", "coordinates": [ -73.166998, 44.493114 ] } },
{ "type": "Feature", "properties": { "year": 2026.0, "month": "April", "route": 2.0, "stop_id": "805816", "stop_name": "College Parkway at Florida Avenue", "total_boardings": 148, "pct_total_boardings": 0.00092837697123285951, "pct_route_boardings": 0.0038685730715947407, "latitude": 44.493376, "longitude": -73.171038 }, "geometry": { "type": "Point", "coordinates": [ -73.171038, 44.493376 ] } },
{ "type": "Feature", "properties": { "year": 2026.0, "month": "April", "route": 2.0, "stop_id": "805817", "stop_name": "E Allen Street at Dion Street", "total_boardings": 384, "pct_total_boardings": 0.0024087618713068788, "pct_route_boardings": 0.010037378780353922, "latitude": 44.493224275131503, "longitude": -73.175639204609297 }, "geometry": { "type": "Point", "coordinates": [ -73.175639204609297, 44.493224275131503 ] } },
{ "type": "Feature", "properties": { "year": 2026.0, "month": "April", "route": 2.0, "stop_id": "805819", "stop_name": "Spinner Place/ Champlain Mill", "total_boardings": 3945, "pct_total_boardings": 0.024746264537254262, "pct_route_boardings": 0.10311838356379224, "latitude": 44.490307565759402, "longitude": -73.184893183145903 }, "geometry": { "type": "Point", "coordinates": [ -73.184893183145903, 44.490307565759402 ] } },
{ "type": "Feature", "properties": { "year": 2026.0, "month": "April", "route": 2.0, "stop_id": "805820", "stop_name": "Colchester Avenue at Barrett Street", "total_boardings": 724, "pct_total_boardings": 0.0045415197781931774, "pct_route_boardings": 0.018924641242125624, "latitude": 44.48766, "longitude": -73.186825 }, "geometry": { "type": "Point", "coordinates": [ -73.186825, 44.48766 ] } },
{ "type": "Feature", "properties": { "year": 2026.0, "month": "April", "route": 2.0, "stop_id": "805821", "stop_name": "Colchester Avenue at Opposite Chase Street", "total_boardings": 683, "pct_total_boardings": 0.0042843342658921832, "pct_route_boardings": 0.017852941945264919, "latitude": 44.486574, "longitude": -73.187045 }, "geometry": { "type": "Point", "coordinates": [ -73.187045, 44.486574 ] } },
{ "type": "Feature", "properties": { "year": 2026.0, "month": "April", "route": 2.0, "stop_id": "805822", "stop_name": "Colchester Avenue at Nash Place", "total_boardings": 257, "pct_total_boardings": 0.0016121140649111142, "pct_route_boardings": 0.0067177248608097867, "latitude": 44.483724, "longitude": -73.189341 }, "geometry": { "type": "Point", "coordinates": [ -73.189341, 44.483724 ] } },
{ "type": "Feature", "properties": { "year": 2026.0, "month": "April", "route": 2.0, "stop_id": "805823", "stop_name": "Colchester Avenue at UVM Trinty Campus", "total_boardings": 418, "pct_total_boardings": 0.0026220376619955086, "pct_route_boardings": 0.010926105026531092, "latitude": 44.482849, "longitude": -73.191372 }, "geometry": { "type": "Point", "coordinates": [ -73.191372, 44.482849 ] } },
{ "type": "Feature", "properties": { "year": 2026.0, "month": "April", "route": 2.0, "stop_id": "805824", "stop_name": "Colchester Avenue at Mansfield Avenue", "total_boardings": 387, "pct_total_boardings": 0.0024275803234264639, "pct_route_boardings": 0.010115795802075438, "latitude": 44.480697, "longitude": -73.198467 }, "geometry": { "type": "Point", "coordinates": [ -73.198467, 44.480697 ] } },
{ "type": "Feature", "properties": { "year": 2026.0, "month": "April", "route": 2.0, "stop_id": "805825", "stop_name": "Pearl Street at N. Prospect Street", "total_boardings": 361, "pct_total_boardings": 0.0022644870717233936, "pct_route_boardings": 0.0094361816138223073, "latitude": 44.480722, "longitude": -73.200124 }, "geometry": { "type": "Point", "coordinates": [ -73.200124, 44.480722 ] } },
{ "type": "Feature", "properties": { "year": 2026.0, "month": "April", "route": 2.0, "stop_id": "805826", "stop_name": "Pearl Street at N. Williams Street", "total_boardings": 77, "pct_total_boardings": 0.00048300693773601478, "pct_route_boardings": 0.0020127035575188855, "latitude": 44.480754, "longitude": -73.203485 }, "geometry": { "type": "Point", "coordinates": [ -73.203485, 44.480754 ] } },
{ "type": "Feature", "properties": { "year": 2026.0, "month": "April", "route": 2.0, "stop_id": "805827", "stop_name": "Pearl Street at N. Willard Street", "total_boardings": 40, "pct_total_boardings": 0.00025091269492779987, "pct_route_boardings": 0.0010455602896202003, "latitude": 44.480709, "longitude": -73.205423 }, "geometry": { "type": "Point", "coordinates": [ -73.205423, 44.480709 ] } },
{ "type": "Feature", "properties": { "year": 2026.0, "month": "April", "route": 2.0, "stop_id": "805828", "stop_name": "Pearl Street at Greene Street", "total_boardings": 21, "pct_total_boardings": 0.00013172916483709493, "pct_route_boardings": 0.00054891915205060511, "latitude": 44.480637, "longitude": -73.207642 }, "geometry": { "type": "Point", "coordinates": [ -73.207642, 44.480637 ] } },
{ "type": "Feature", "properties": { "year": 2026.0, "month": "April", "route": 2.0, "stop_id": "805829", "stop_name": "Pearl Street at N Union Street", "total_boardings": 26, "pct_total_boardings": 0.0001630932517030699, "pct_route_boardings": 0.00067961418825313014, "latitude": 44.480617, "longitude": -73.209172 }, "geometry": { "type": "Point", "coordinates": [ -73.209172, 44.480617 ] } },
{ "type": "Feature", "properties": { "year": 2026.0, "month": "April", "route": 2.0, "stop_id": "805886", "stop_name": "Pearl Street at Hillcrest Road", "total_boardings": 52, "pct_total_boardings": 0.00032618650340613981, "pct_route_boardings": 0.0013592283765062603, "latitude": 44.49273, "longitude": -73.116386 }, "geometry": { "type": "Point", "coordinates": [ -73.116386, 44.49273 ] } },
{ "type": "Feature", "properties": { "year": 2026.0, "month": "April", "route": 2.0, "stop_id": "805954", "stop_name": "Pearl Street at N Winooski Avenue", "total_boardings": 2979, "pct_total_boardings": 0.018686722954747895, "pct_route_boardings": 0.077868102569464415, "latitude": 44.48046, "longitude": -73.21053 }, "geometry": { "type": "Point", "coordinates": [ -73.21053, 44.48046 ] } },
{ "type": "Feature", "properties": { "year": 2026.0, "month": "April", "route": 2.0, "stop_id": "805957", "stop_name": "Global Foundries", "total_boardings": 78, "pct_total_boardings": 0.00048927975510920977, "pct_route_boardings": 0.0020388425647593906, "latitude": 44.478670216891103, "longitude": -73.100922195877502 }, "geometry": { "type": "Point", "coordinates": [ -73.100922195877502, 44.478670216891103 ] } },
{ "type": "Feature", "properties": { "year": 2026.0, "month": "April", "route": 2.0, "stop_id": "806001", "stop_name": "Colchester Avenue at VAS Clinic", "total_boardings": 300, "pct_total_boardings": 0.001881845211958499, "pct_route_boardings": 0.0078417021721515021, "latitude": 44.480738, "longitude": -73.197324 }, "geometry": { "type": "Point", "coordinates": [ -73.197324, 44.480738 ] } },
{ "type": "Feature", "properties": { "year": 2026.0, "month": "April", "route": 2.0, "stop_id": "806013", "stop_name": "College Parkway at Camp Johnson", "total_boardings": 168, "pct_total_boardings": 0.0010538333186967594, "pct_route_boardings": 0.0043913532164048408, "latitude": 44.498803485158739, "longitude": -73.155983532624703 }, "geometry": { "type": "Point", "coordinates": [ -73.155983532624703, 44.498803485158739 ] } },
{ "type": "Feature", "properties": { "year": 2026.0, "month": "April", "route": 2.0, "stop_id": "806027", "stop_name": "Fort Ethan Allen/Elly-Long Music Building", "total_boardings": 174, "pct_total_boardings": 0.0010914702229359295, "pct_route_boardings": 0.0045481872598478711, "latitude": 44.505446, "longitude": -73.149362 }, "geometry": { "type": "Point", "coordinates": [ -73.149362, 44.505446 ] } },
{ "type": "Feature", "properties": { "year": 2026.0, "month": "April", "route": 2.0, "stop_id": "806031", "stop_name": "Abenaki Way at CCV", "total_boardings": 415, "pct_total_boardings": 0.0026032192098759239, "pct_route_boardings": 0.010847688004809578, "latitude": 44.4914, "longitude": -73.18188 }, "geometry": { "type": "Point", "coordinates": [ -73.18188, 44.4914 ] } },
{ "type": "Feature", "properties": { "year": 2026.0, "month": "April", "route": 2.0, "stop_id": "806048", "stop_name": "Ethan Allen Avenue at Winooski Road (#310)", "total_boardings": 148, "pct_total_boardings": 0.00092837697123285951, "pct_route_boardings": 0.0038685730715947407, "latitude": 44.505670615403503, "longitude": -73.143589963389005 }, "geometry": { "type": "Point", "coordinates": [ -73.143589963389005, 44.505670615403503 ] } },
{ "type": "Feature", "properties": { "year": 2026.0, "month": "April", "route": 2.0, "stop_id": "806067", "stop_name": "E Allen Street at Gadues Dry Cleaning", "total_boardings": 551, "pct_total_boardings": 0.0034563223726304434, "pct_route_boardings": 0.014402592989518258, "latitude": 44.492057, "longitude": -73.180731 }, "geometry": { "type": "Point", "coordinates": [ -73.180731, 44.492057 ] } },
{ "type": "Feature", "properties": { "year": 2026.0, "month": "April", "route": 2.0, "stop_id": "806068", "stop_name": "Abenaki Way at Opposite CCV", "total_boardings": 353, "pct_total_boardings": 0.0022143045327378337, "pct_route_boardings": 0.0092270695558982676, "latitude": 44.490575542884017, "longitude": -73.182068265415651 }, "geometry": { "type": "Point", "coordinates": [ -73.182068265415651, 44.490575542884017 ] } },
{ "type": "Feature", "properties": { "year": 2026.0, "month": "April", "route": 2.0, "stop_id": "806130", "stop_name": "Ethan Allen Avenue at Rt. 15", "total_boardings": 114, "pct_total_boardings": 0.00071510118054422963, "pct_route_boardings": 0.0029798468254175706, "latitude": 44.504827, "longitude": -73.142277 }, "geometry": { "type": "Point", "coordinates": [ -73.142277, 44.504827 ] } },
{ "type": "Feature", "properties": { "year": 2026.0, "month": "April", "route": 4.0, "stop_id": "805792", "stop_name": "Amtrak", "total_boardings": 186, "pct_total_boardings": 0.0011667440314142693, "pct_route_boardings": 0.27232796486090777, "latitude": 44.4924, "longitude": -73.11022 }, "geometry": { "type": "Point", "coordinates": [ -73.11022, 44.4924 ] } },
{ "type": "Feature", "properties": { "year": 2026.0, "month": "April", "route": 4.0, "stop_id": "805830", "stop_name": "Main Street at Densmore Drive", "total_boardings": 5, "pct_total_boardings": 3.1364086865974984e-05, "pct_route_boardings": 0.007320644216691069, "latitude": 44.49475, "longitude": -73.10395 }, "geometry": { "type": "Point", "coordinates": [ -73.10395, 44.49475 ] } },
{ "type": "Feature", "properties": { "year": 2026.0, "month": "April", "route": 4.0, "stop_id": "805831", "stop_name": "Main Street at #141", "total_boardings": 6, "pct_total_boardings": 3.7636904239169981e-05, "pct_route_boardings": 0.0087847730600292828, "latitude": 44.49757, "longitude": -73.09973 }, "geometry": { "type": "Point", "coordinates": [ -73.09973, 44.49757 ] } },
{ "type": "Feature", "properties": { "year": 2026.0, "month": "April", "route": 4.0, "stop_id": "805832", "stop_name": "Main Street at Fairview Drive", "total_boardings": 4, "pct_total_boardings": 2.5091269492779987e-05, "pct_route_boardings": 0.0058565153733528552, "latitude": 44.49922, "longitude": -73.09823 }, "geometry": { "type": "Point", "coordinates": [ -73.09823, 44.49922 ] } },
{ "type": "Feature", "properties": { "year": 2026.0, "month": "April", "route": 4.0, "stop_id": "805833", "stop_name": "Main Street at #25", "total_boardings": 1, "pct_total_boardings": 6.2728173731949969e-06, "pct_route_boardings": 0.0014641288433382138, "latitude": 44.503347, "longitude": -73.093617 }, "geometry": { "type": "Point", "coordinates": [ -73.093617, 44.503347 ] } },
{ "type": "Feature", "properties": { "year": 2026.0, "month": "April", "route": 4.0, "stop_id": "805835", "stop_name": "Essex Way at Post Office", "total_boardings": 25, "pct_total_boardings": 0.00015682043432987491, "pct_route_boardings": 0.036603221083455345, "latitude": 44.507432, "longitude": -73.078932 }, "geometry": { "type": "Point", "coordinates": [ -73.078932, 44.507432 ] } },
{ "type": "Feature", "properties": { "year": 2026.0, "month": "April", "route": 4.0, "stop_id": "805836", "stop_name": "Center Road at Essex Way", "total_boardings": 16, "pct_total_boardings": 0.00010036507797111995, "pct_route_boardings": 0.023426061493411421, "latitude": 44.510195, "longitude": -73.078172 }, "geometry": { "type": "Point", "coordinates": [ -73.078172, 44.510195 ] } },
{ "type": "Feature", "properties": { "year": 2026.0, "month": "April", "route": 4.0, "stop_id": "805837", "stop_name": "Route 15 at Saybrook Road", "total_boardings": 4, "pct_total_boardings": 2.5091269492779987e-05, "pct_route_boardings": 0.0058565153733528552, "latitude": 44.510361, "longitude": -73.074694 }, "geometry": { "type": "Point", "coordinates": [ -73.074694, 44.510361 ] } },
{ "type": "Feature", "properties": { "year": 2026.0, "month": "April", "route": 4.0, "stop_id": "805838", "stop_name": "Route 15 at Sunset Drive", "total_boardings": 10, "pct_total_boardings": 6.2728173731949969e-05, "pct_route_boardings": 0.014641288433382138, "latitude": 44.51062, "longitude": -73.06947 }, "geometry": { "type": "Point", "coordinates": [ -73.06947, 44.51062 ] } },
{ "type": "Feature", "properties": { "year": 2026.0, "month": "April", "route": 4.0, "stop_id": "805839", "stop_name": "Route 15 at Opposite Essex Square", "total_boardings": 14, "pct_total_boardings": 8.7819443224729956e-05, "pct_route_boardings": 0.020497803806734993, "latitude": 44.51078, "longitude": -73.06588 }, "geometry": { "type": "Point", "coordinates": [ -73.06588, 44.51078 ] } },
{ "type": "Feature", "properties": { "year": 2026.0, "month": "April", "route": 4.0, "stop_id": "805840", "stop_name": "Essex Center", "total_boardings": 12, "pct_total_boardings": 7.5273808478339962e-05, "pct_route_boardings": 0.017569546120058566, "latitude": 44.51147, "longitude": -73.06085 }, "geometry": { "type": "Point", "coordinates": [ -73.06085, 44.51147 ] } },
{ "type": "Feature", "properties": { "year": 2026.0, "month": "April", "route": 4.0, "stop_id": "805841", "stop_name": "Route 15 at Essex Town Public Works", "total_boardings": 11, "pct_total_boardings": 6.9000991105144959e-05, "pct_route_boardings": 0.016105417276720352, "latitude": 44.51088, "longitude": -73.05813 }, "geometry": { "type": "Point", "coordinates": [ -73.05813, 44.51088 ] } },
{ "type": "Feature", "properties": { "year": 2026.0, "month": "April", "route": 4.0, "stop_id": "805842", "stop_name": "Sand Hill Road at Opposite Champlain Farms", "total_boardings": 10, "pct_total_boardings": 6.2728173731949969e-05, "pct_route_boardings": 0.014641288433382138, "latitude": 44.50812, "longitude": -73.05488 }, "geometry": { "type": "Point", "coordinates": [ -73.05488, 44.50812 ] } },
{ "type": "Feature", "properties": { "year": 2026.0, "month": "April", "route": 4.0, "stop_id": "805843", "stop_name": "Sand Hill Road at Essex Town Park", "total_boardings": 5, "pct_total_boardings": 3.1364086865974984e-05, "pct_route_boardings": 0.007320644216691069, "latitude": 44.50738, "longitude": -73.05433 }, "geometry": { "type": "Point", "coordinates": [ -73.05433, 44.50738 ] } },
{ "type": "Feature", "properties": { "year": 2026.0, "month": "April", "route": 4.0, "stop_id": "805844", "stop_name": "Sand Hill Road at Cemetery Road", "total_boardings": 13, "pct_total_boardings": 8.1546625851534952e-05, "pct_route_boardings": 0.019033674963396779, "latitude": 44.506594, "longitude": -73.05374 }, "geometry": { "type": "Point", "coordinates": [ -73.05374, 44.506594 ] } },
{ "type": "Feature", "properties": { "year": 2026.0, "month": "April", "route": 4.0, "stop_id": "805845", "stop_name": "Sand Hill Road at Foster Road", "total_boardings": 50, "pct_total_boardings": 0.00031364086865974983, "pct_route_boardings": 0.07320644216691069, "latitude": 44.504439, "longitude": -73.052051 }, "geometry": { "type": "Point", "coordinates": [ -73.052051, 44.504439 ] } },
{ "type": "Feature", "properties": { "year": 2026.0, "month": "April", "route": 4.0, "stop_id": "805846", "stop_name": "Sand Hill Road at Founders Road", "total_boardings": 12, "pct_total_boardings": 7.5273808478339962e-05, "pct_route_boardings": 0.017569546120058566, "latitude": 44.5021, "longitude": -73.05018 }, "geometry": { "type": "Point", "coordinates": [ -73.05018, 44.5021 ] } },
{ "type": "Feature", "properties": { "year": 2026.0, "month": "April", "route": 4.0, "stop_id": "805847", "stop_name": "Sand Hill Road at Opposite Maple Lawn Drive", "total_boardings": 2, "pct_total_boardings": 1.2545634746389994e-05, "pct_route_boardings": 0.0029282576866764276, "latitude": 44.50037, "longitude": -73.04912 }, "geometry": { "type": "Point", "coordinates": [ -73.04912, 44.50037 ] } },
{ "type": "Feature", "properties": { "year": 2026.0, "month": "April", "route": 4.0, "stop_id": "805849", "stop_name": "Sand Hill Road at Allen Martin Drive", "total_boardings": 3, "pct_total_boardings": 1.8818452119584991e-05, "pct_route_boardings": 0.0043923865300146414, "latitude": 44.494563772833857, "longitude": -73.049604009444522 }, "geometry": { "type": "Point", "coordinates": [ -73.049604009444522, 44.494563772833857 ] } },
{ "type": "Feature", "properties": { "year": 2026.0, "month": "April", "route": 4.0, "stop_id": "805850", "stop_name": "Sand Hill Road at Allen Martin Parkway", "total_boardings": 1, "pct_total_boardings": 6.2728173731949969e-06, "pct_route_boardings": 0.0014641288433382138, "latitude": 44.49185, "longitude": -73.0501 }, "geometry": { "type": "Point", "coordinates": [ -73.0501, 44.49185 ] } },
{ "type": "Feature", "properties": { "year": 2026.0, "month": "April", "route": 4.0, "stop_id": "805851", "stop_name": "Sand Hill Road at Opposite Offset House", "total_boardings": 2, "pct_total_boardings": 1.2545634746389994e-05, "pct_route_boardings": 0.0029282576866764276, "latitude": 44.4912, "longitude": -73.05018 }, "geometry": { "type": "Point", "coordinates": [ -73.05018, 44.4912 ] } },
{ "type": "Feature", "properties": { "year": 2026.0, "month": "April", "route": 4.0, "stop_id": "805852", "stop_name": "Sand Hill Road at Oak Park", "total_boardings": 8, "pct_total_boardings": 5.0182538985559975e-05, "pct_route_boardings": 0.01171303074670571, "latitude": 44.489246030595808, "longitude": -73.050329150999119 }, "geometry": { "type": "Point", "coordinates": [ -73.050329150999119, 44.489246030595808 ] } },
{ "type": "Feature", "properties": { "year": 2026.0, "month": "April", "route": 4.0, "stop_id": "805854", "stop_name": "River Road at #213", "total_boardings": 2, "pct_total_boardings": 1.2545634746389994e-05, "pct_route_boardings": 0.0029282576866764276, "latitude": 44.47903, "longitude": -73.05348 }, "geometry": { "type": "Point", "coordinates": [ -73.05348, 44.47903 ] } },
{ "type": "Feature", "properties": { "year": 2026.0, "month": "April", "route": 4.0, "stop_id": "805855", "stop_name": "River Road at #195", "total_boardings": 11, "pct_total_boardings": 6.9000991105144959e-05, "pct_route_boardings": 0.016105417276720352, "latitude": 44.47912, "longitude": -73.05692 }, "geometry": { "type": "Point", "coordinates": [ -73.05692, 44.47912 ] } },
{ "type": "Feature", "properties": { "year": 2026.0, "month": "April", "route": 4.0, "stop_id": "805856", "stop_name": "River Road at Greenfield Road", "total_boardings": 17, "pct_total_boardings": 0.00010663789534431494, "pct_route_boardings": 0.024890190336749635, "latitude": 44.47912, "longitude": -73.0587 }, "geometry": { "type": "Point", "coordinates": [ -73.0587, 44.47912 ] } },
{ "type": "Feature", "properties": { "year": 2026.0, "month": "April", "route": 4.0, "stop_id": "805857", "stop_name": "River Road at #157", "total_boardings": 4, "pct_total_boardings": 2.5091269492779987e-05, "pct_route_boardings": 0.0058565153733528552, "latitude": 44.47962, "longitude": -73.0638 }, "geometry": { "type": "Point", "coordinates": [ -73.0638, 44.47962 ] } },
{ "type": "Feature", "properties": { "year": 2026.0, "month": "April", "route": 4.0, "stop_id": "805858", "stop_name": "River Road at Pinewood Drive", "total_boardings": 2, "pct_total_boardings": 1.2545634746389994e-05, "pct_route_boardings": 0.0029282576866764276, "latitude": 44.48332, "longitude": -73.07422 }, "geometry": { "type": "Point", "coordinates": [ -73.07422, 44.48332 ] } },
{ "type": "Feature", "properties": { "year": 2026.0, "month": "April", "route": 4.0, "stop_id": "805860", "stop_name": "River Road at Valleyview Drive", "total_boardings": 1, "pct_total_boardings": 6.2728173731949969e-06, "pct_route_boardings": 0.0014641288433382138, "latitude": 44.483526, "longitude": -73.079358 }, "geometry": { "type": "Point", "coordinates": [ -73.079358, 44.483526 ] } },
{ "type": "Feature", "properties": { "year": 2026.0, "month": "April", "route": 4.0, "stop_id": "805861", "stop_name": "Maple Street at Rivendell Drive", "total_boardings": 4, "pct_total_boardings": 2.5091269492779987e-05, "pct_route_boardings": 0.0058565153733528552, "latitude": 44.484747, "longitude": -73.096712 }, "geometry": { "type": "Point", "coordinates": [ -73.096712, 44.484747 ] } },
{ "type": "Feature", "properties": { "year": 2026.0, "month": "April", "route": 4.0, "stop_id": "805866", "stop_name": "Maple Street at Railroad Street (Bushey's Sunoco)", "total_boardings": 21, "pct_total_boardings": 0.00013172916483709493, "pct_route_boardings": 0.03074670571010249, "latitude": 44.49012, "longitude": -73.10942 }, "geometry": { "type": "Point", "coordinates": [ -73.10942, 44.49012 ] } },
{ "type": "Feature", "properties": { "year": 2026.0, "month": "April", "route": 4.0, "stop_id": "805887", "stop_name": "Sand Hill Road at Greenbriar Road", "total_boardings": 4, "pct_total_boardings": 2.5091269492779987e-05, "pct_route_boardings": 0.0058565153733528552, "latitude": 44.485313462223864, "longitude": -73.049922543893217 }, "geometry": { "type": "Point", "coordinates": [ -73.049922543893217, 44.485313462223864 ] } },
{ "type": "Feature", "properties": { "year": 2026.0, "month": "April", "route": 4.0, "stop_id": "805913", "stop_name": "Educational Drive at Main Street", "total_boardings": 25, "pct_total_boardings": 0.00015682043432987491, "pct_route_boardings": 0.036603221083455345, "latitude": 44.494117, "longitude": -73.106157 }, "geometry": { "type": "Point", "coordinates": [ -73.106157, 44.494117 ] } },
{ "type": "Feature", "properties": { "year": 2026.0, "month": "April", "route": 4.0, "stop_id": "805914", "stop_name": "Essex Experience at McDonalds", "total_boardings": 18, "pct_total_boardings": 0.00011291071271750994, "pct_route_boardings": 0.026354319180087848, "latitude": 44.507626739029298, "longitude": -73.086064655136695 }, "geometry": { "type": "Point", "coordinates": [ -73.086064655136695, 44.507626739029298 ] } },
{ "type": "Feature", "properties": { "year": 2026.0, "month": "April", "route": 4.0, "stop_id": "805915", "stop_name": "Sand Hill Road at Tanglewood Road", "total_boardings": 19, "pct_total_boardings": 0.00011918353009070493, "pct_route_boardings": 0.027818448023426062, "latitude": 44.5057, "longitude": -73.053 }, "geometry": { "type": "Point", "coordinates": [ -73.053, 44.5057 ] } },
{ "type": "Feature", "properties": { "year": 2026.0, "month": "April", "route": 4.0, "stop_id": "805916", "stop_name": "River Road at Pinewood Plaza", "total_boardings": 5, "pct_total_boardings": 3.1364086865974984e-05, "pct_route_boardings": 0.007320644216691069, "latitude": 44.483401306291363, "longitude": -73.081518382145873 }, "geometry": { "type": "Point", "coordinates": [ -73.081518382145873, 44.483401306291363 ] } },
{ "type": "Feature", "properties": { "year": 2026.0, "month": "April", "route": 4.0, "stop_id": "806006", "stop_name": "Essex Experience", "total_boardings": 42, "pct_total_boardings": 0.00026345832967418985, "pct_route_boardings": 0.06149341142020498, "latitude": 44.507, "longitude": -73.08072 }, "geometry": { "type": "Point", "coordinates": [ -73.08072, 44.507 ] } },
{ "type": "Feature", "properties": { "year": 2026.0, "month": "April", "route": 4.0, "stop_id": "806007", "stop_name": "Route 15 at Lyon Lane", "total_boardings": 12, "pct_total_boardings": 7.5273808478339962e-05, "pct_route_boardings": 0.017569546120058566, "latitude": 44.51048, "longitude": -73.0726 }, "geometry": { "type": "Point", "coordinates": [ -73.0726, 44.51048 ] } },
{ "type": "Feature", "properties": { "year": 2026.0, "month": "April", "route": 4.0, "stop_id": "806012", "stop_name": "River Road at Citgo", "total_boardings": 3, "pct_total_boardings": 1.8818452119584991e-05, "pct_route_boardings": 0.0043923865300146414, "latitude": 44.483426, "longitude": -73.084564 }, "geometry": { "type": "Point", "coordinates": [ -73.084564, 44.483426 ] } },
{ "type": "Feature", "properties": { "year": 2026.0, "month": "April", "route": 4.0, "stop_id": "806037", "stop_name": "Main Street at Brickyard Road", "total_boardings": 10, "pct_total_boardings": 6.2728173731949969e-05, "pct_route_boardings": 0.014641288433382138, "latitude": 44.495989, "longitude": -73.102014 }, "geometry": { "type": "Point", "coordinates": [ -73.102014, 44.495989 ] } },
{ "type": "Feature", "properties": { "year": 2026.0, "month": "April", "route": 4.0, "stop_id": "806038", "stop_name": "River Road at Maple Street", "total_boardings": 12, "pct_total_boardings": 7.5273808478339962e-05, "pct_route_boardings": 0.017569546120058566, "latitude": 44.48417, "longitude": -73.09515 }, "geometry": { "type": "Point", "coordinates": [ -73.09515, 44.48417 ] } },
{ "type": "Feature", "properties": { "year": 2026.0, "month": "April", "route": 4.0, "stop_id": "806070", "stop_name": "River Road at Opposite #30", "total_boardings": 11, "pct_total_boardings": 6.9000991105144959e-05, "pct_route_boardings": 0.016105417276720352, "latitude": 44.48357, "longitude": -73.08663 }, "geometry": { "type": "Point", "coordinates": [ -73.08663, 44.48357 ] } },
{ "type": "Feature", "properties": { "year": 2026.0, "month": "April", "route": 4.0, "stop_id": "812017", "stop_name": "Essex Experience-Hannaford", "total_boardings": 60, "pct_total_boardings": 0.00037636904239169978, "pct_route_boardings": 0.087847730600292828, "latitude": 44.506631, "longitude": -73.084664 }, "geometry": { "type": "Point", "coordinates": [ -73.084664, 44.506631 ] } },
{ "type": "Feature", "properties": { "year": 2026.0, "month": "April", "route": 5.0, "stop_id": "2562322", "stop_name": "Downtown Transit Center", "total_boardings": 2027, "pct_total_boardings": 0.012715000815466259, "pct_route_boardings": 0.38252500471787132, "latitude": 44.479731, "longitude": -73.214298 }, "geometry": { "type": "Point", "coordinates": [ -73.214298, 44.479731 ] } },
{ "type": "Feature", "properties": { "year": 2026.0, "month": "April", "route": 5.0, "stop_id": "2573649", "stop_name": "194 St Paul Street (Eagles Landing)", "total_boardings": 70, "pct_total_boardings": 0.00043909721612364979, "pct_route_boardings": 0.013210039630118891, "latitude": 44.474220989280326, "longitude": -73.213814207177123 }, "geometry": { "type": "Point", "coordinates": [ -73.213814207177123, 44.474220989280326 ] } },
{ "type": "Feature", "properties": { "year": 2026.0, "month": "April", "route": 5.0, "stop_id": "4251888", "stop_name": "Champlain Parkway at Home Ave", "total_boardings": 369, "pct_total_boardings": 0.002314669610708954, "pct_route_boardings": 0.069635780335912431, "latitude": 44.45162405, "longitude": -73.217689578000005 }, "geometry": { "type": "Point", "coordinates": [ -73.217689578, 44.45162405 ] } },
{ "type": "Feature", "properties": { "year": 2026.0, "month": "April", "route": 5.0, "stop_id": "4251889", "stop_name": "Champlain Parkway at Flynn Ave", "total_boardings": 216, "pct_total_boardings": 0.0013549285526101194, "pct_route_boardings": 0.040762408001509716, "latitude": 44.455390432999998, "longitude": -73.217056133 }, "geometry": { "type": "Point", "coordinates": [ -73.217056133, 44.455390433 ] } },
{ "type": "Feature", "properties": { "year": 2026.0, "month": "April", "route": 5.0, "stop_id": "4251891", "stop_name": "Pine Street at Kilburn Street", "total_boardings": 87, "pct_total_boardings": 0.00054573511146796473, "pct_route_boardings": 0.016418192111719191, "latitude": 44.470969443000001, "longitude": -73.21518026 }, "geometry": { "type": "Point", "coordinates": [ -73.21518026, 44.470969443 ] } },
{ "type": "Feature", "properties": { "year": 2026.0, "month": "April", "route": 5.0, "stop_id": "805484", "stop_name": "S. Winooski Avenue at Bank Street", "total_boardings": 217, "pct_total_boardings": 0.0013612013699833142, "pct_route_boardings": 0.040951122853368563, "latitude": 44.478387, "longitude": -73.211225 }, "geometry": { "type": "Point", "coordinates": [ -73.211225, 44.478387 ] } },
{ "type": "Feature", "properties": { "year": 2026.0, "month": "April", "route": 5.0, "stop_id": "805536", "stop_name": "Main Street at Pine Street", "total_boardings": 19, "pct_total_boardings": 0.00011918353009070493, "pct_route_boardings": 0.0035855821853179844, "latitude": 44.47588, "longitude": -73.2159 }, "geometry": { "type": "Point", "coordinates": [ -73.2159, 44.47588 ] } },
{ "type": "Feature", "properties": { "year": 2026.0, "month": "April", "route": 5.0, "stop_id": "805537", "stop_name": "Battery Street at College Street", "total_boardings": 18, "pct_total_boardings": 0.00011291071271750994, "pct_route_boardings": 0.0033968673334591431, "latitude": 44.4766, "longitude": -73.21867 }, "geometry": { "type": "Point", "coordinates": [ -73.21867, 44.4766 ] } },
{ "type": "Feature", "properties": { "year": 2026.0, "month": "April", "route": 5.0, "stop_id": "805538", "stop_name": "Battery Street at Cherry Street", "total_boardings": 5, "pct_total_boardings": 3.1364086865974984e-05, "pct_route_boardings": 0.00094357425929420642, "latitude": 44.478999736300089, "longitude": -73.218831904062654 }, "geometry": { "type": "Point", "coordinates": [ -73.218831904062654, 44.478999736300089 ] } },
{ "type": "Feature", "properties": { "year": 2026.0, "month": "April", "route": 5.0, "stop_id": "805665", "stop_name": "Maple Street at St Paul Street", "total_boardings": 110, "pct_total_boardings": 0.00069000991105144967, "pct_route_boardings": 0.020758633704472541, "latitude": 44.473688, "longitude": -73.213657 }, "geometry": { "type": "Point", "coordinates": [ -73.213657, 44.473688 ] } },
{ "type": "Feature", "properties": { "year": 2026.0, "month": "April", "route": 5.0, "stop_id": "805724", "stop_name": "Opposite 230 St Paul Street", "total_boardings": 117, "pct_total_boardings": 0.00073391963266381465, "pct_route_boardings": 0.022079637667484431, "latitude": 44.472575866378598, "longitude": -73.213879426506651 }, "geometry": { "type": "Point", "coordinates": [ -73.213879426506651, 44.472575866378598 ] } },
{ "type": "Feature", "properties": { "year": 2026.0, "month": "April", "route": 5.0, "stop_id": "805726", "stop_name": "Pine Street Opposite Pine Place (Old Greyhound)", "total_boardings": 40, "pct_total_boardings": 0.00025091269492779987, "pct_route_boardings": 0.0075485940743536513, "latitude": 44.469792, "longitude": -73.215209 }, "geometry": { "type": "Point", "coordinates": [ -73.215209, 44.469792 ] } },
{ "type": "Feature", "properties": { "year": 2026.0, "month": "April", "route": 5.0, "stop_id": "805727", "stop_name": "Pine Street at Opposite Howard Street", "total_boardings": 46, "pct_total_boardings": 0.00028854959916696987, "pct_route_boardings": 0.0086808831855066989, "latitude": 44.46707, "longitude": -73.215043 }, "geometry": { "type": "Point", "coordinates": [ -73.215043, 44.46707 ] } },
{ "type": "Feature", "properties": { "year": 2026.0, "month": "April", "route": 5.0, "stop_id": "805728", "stop_name": "Pine Street at Burlington Electric Dept.", "total_boardings": 79, "pct_total_boardings": 0.0004955525724824047, "pct_route_boardings": 0.014908473296848463, "latitude": 44.463529, "longitude": -73.214778 }, "geometry": { "type": "Point", "coordinates": [ -73.214778, 44.463529 ] } },
{ "type": "Feature", "properties": { "year": 2026.0, "month": "April", "route": 5.0, "stop_id": "805729", "stop_name": "Pine Street at Opposite Birchcliff Parkway", "total_boardings": 45, "pct_total_boardings": 0.00028227678179377488, "pct_route_boardings": 0.0084921683336478589, "latitude": 44.459138, "longitude": -73.214493 }, "geometry": { "type": "Point", "coordinates": [ -73.214493, 44.459138 ] } },
{ "type": "Feature", "properties": { "year": 2026.0, "month": "April", "route": 5.0, "stop_id": "805730", "stop_name": "Pine Street at Long Trail Phys. Therapy", "total_boardings": 50, "pct_total_boardings": 0.00031364086865974983, "pct_route_boardings": 0.0094357425929420639, "latitude": 44.457489, "longitude": -73.214395 }, "geometry": { "type": "Point", "coordinates": [ -73.214395, 44.457489 ] } },
{ "type": "Feature", "properties": { "year": 2026.0, "month": "April", "route": 5.0, "stop_id": "805731", "stop_name": "Howard Center", "total_boardings": 90, "pct_total_boardings": 0.00056455356358754976, "pct_route_boardings": 0.016984336667295718, "latitude": 44.455878051784822, "longitude": -73.214332365078349 }, "geometry": { "type": "Point", "coordinates": [ -73.214332365078349, 44.455878051784822 ] } },
{ "type": "Feature", "properties": { "year": 2026.0, "month": "April", "route": 5.0, "stop_id": "805732", "stop_name": "Pine Street at Lyman Avenue", "total_boardings": 57, "pct_total_boardings": 0.00035755059027211481, "pct_route_boardings": 0.010756746555953954, "latitude": 44.453353, "longitude": -73.214448 }, "geometry": { "type": "Point", "coordinates": [ -73.214448, 44.453353 ] } },
{ "type": "Feature", "properties": { "year": 2026.0, "month": "April", "route": 5.0, "stop_id": "805733", "stop_name": "Pine Street at Home Avenue", "total_boardings": 122, "pct_total_boardings": 0.00076528371952978966, "pct_route_boardings": 0.023023211926778638, "latitude": 44.451123, "longitude": -73.214484 }, "geometry": { "type": "Point", "coordinates": [ -73.214484, 44.451123 ] } },
{ "type": "Feature", "properties": { "year": 2026.0, "month": "April", "route": 5.0, "stop_id": "805734", "stop_name": "Green Mountain Transit Office", "total_boardings": 2, "pct_total_boardings": 1.2545634746389994e-05, "pct_route_boardings": 0.00037742970371768258, "latitude": 44.450385, "longitude": -73.219485 }, "geometry": { "type": "Point", "coordinates": [ -73.219485, 44.450385 ] } },
{ "type": "Feature", "properties": { "year": 2026.0, "month": "April", "route": 5.0, "stop_id": "805738", "stop_name": "Opposite Howard Center", "total_boardings": 164, "pct_total_boardings": 0.0010287420492039795, "pct_route_boardings": 0.030949235704849972, "latitude": 44.456046, "longitude": -73.214158 }, "geometry": { "type": "Point", "coordinates": [ -73.214158, 44.456046 ] } },
{ "type": "Feature", "properties": { "year": 2026.0, "month": "April", "route": 5.0, "stop_id": "805739", "stop_name": "Champlain School (Pine Street)", "total_boardings": 117, "pct_total_boardings": 0.00073391963266381465, "pct_route_boardings": 0.022079637667484431, "latitude": 44.456953744271289, "longitude": -73.214221960164764 }, "geometry": { "type": "Point", "coordinates": [ -73.214221960164764, 44.456953744271289 ] } },
{ "type": "Feature", "properties": { "year": 2026.0, "month": "April", "route": 5.0, "stop_id": "805740", "stop_name": "Pine Street at Birchcliff Parkway", "total_boardings": 156, "pct_total_boardings": 0.00097855951021841954, "pct_route_boardings": 0.029439516889979242, "latitude": 44.459553, "longitude": -73.214401 }, "geometry": { "type": "Point", "coordinates": [ -73.214401, 44.459553 ] } },
{ "type": "Feature", "properties": { "year": 2026.0, "month": "April", "route": 5.0, "stop_id": "805745", "stop_name": "Pine Street at Locust Street", "total_boardings": 520, "pct_total_boardings": 0.0032618650340613983, "pct_route_boardings": 0.098131722966597473, "latitude": 44.462799, "longitude": -73.214615 }, "geometry": { "type": "Point", "coordinates": [ -73.214615, 44.462799 ] } },
{ "type": "Feature", "properties": { "year": 2026.0, "month": "April", "route": 5.0, "stop_id": "805746", "stop_name": "Pine Street at Howard Street", "total_boardings": 152, "pct_total_boardings": 0.00095346824072563947, "pct_route_boardings": 0.028684657482543875, "latitude": 44.467066, "longitude": -73.214898 }, "geometry": { "type": "Point", "coordinates": [ -73.214898, 44.467066 ] } },
{ "type": "Feature", "properties": { "year": 2026.0, "month": "April", "route": 5.0, "stop_id": "805747", "stop_name": "230 St Paul Street", "total_boardings": 238, "pct_total_boardings": 0.0014929305348204093, "pct_route_boardings": 0.04491413474240423, "latitude": 44.472639, "longitude": -73.213734 }, "geometry": { "type": "Point", "coordinates": [ -73.213734, 44.472639 ] } },
{ "type": "Feature", "properties": { "year": 2026.0, "month": "April", "route": 5.0, "stop_id": "805906", "stop_name": "S. Winooski Avenue at King Street", "total_boardings": 121, "pct_total_boardings": 0.00075901090215659461, "pct_route_boardings": 0.022834497074919795, "latitude": 44.475317956005064, "longitude": -73.21098945119671 }, "geometry": { "type": "Point", "coordinates": [ -73.21098945119671, 44.475317956005064 ] } },
{ "type": "Feature", "properties": { "year": 2026.0, "month": "April", "route": 5.0, "stop_id": "805918", "stop_name": "Pine Street at Lakeside Avenue (Cumberland Farms)", "total_boardings": 44, "pct_total_boardings": 0.00027600396442057983, "pct_route_boardings": 0.0083034534817890172, "latitude": 44.460789, "longitude": -73.214604 }, "geometry": { "type": "Point", "coordinates": [ -73.214604, 44.460789 ] } },
{ "type": "Feature", "properties": { "year": 2026.0, "month": "April", "route": 5.0, "stop_id": "806011", "stop_name": "Cherry Street at Opposite 3 Cathedral Square", "total_boardings": 1, "pct_total_boardings": 6.2728173731949969e-06, "pct_route_boardings": 0.00018871485185884129, "latitude": 44.479106, "longitude": -73.217703 }, "geometry": { "type": "Point", "coordinates": [ -73.217703, 44.479106 ] } },
{ "type": "Feature", "properties": { "year": 2026.0, "month": "April", "route": 6.0, "stop_id": "2562322", "stop_name": "Downtown Transit Center", "total_boardings": 5756, "pct_total_boardings": 0.036106336800110404, "pct_route_boardings": 0.29554323269665228, "latitude": 44.479731, "longitude": -73.214298 }, "geometry": { "type": "Point", "coordinates": [ -73.214298, 44.479731 ] } },
{ "type": "Feature", "properties": { "year": 2026.0, "month": "April", "route": 6.0, "stop_id": "2745400", "stop_name": "Price Chopper", "total_boardings": 118, "pct_total_boardings": 0.00074019245003700959, "pct_route_boardings": 0.0060587389607722327, "latitude": 44.4490348047539, "longitude": -73.210493265239066 }, "geometry": { "type": "Point", "coordinates": [ -73.210493265239066, 44.4490348047539 ] } },
{ "type": "Feature", "properties": { "year": 2026.0, "month": "April", "route": 6.0, "stop_id": "4209791", "stop_name": "Shelburne Road at Harrington Ave", "total_boardings": 246, "pct_total_boardings": 0.0015431130738059692, "pct_route_boardings": 0.012630930375847197, "latitude": 44.383345920995978, "longitude": -73.226394096927336 }, "geometry": { "type": "Point", "coordinates": [ -73.226394096927336, 44.383345920995978 ] } },
{ "type": "Feature", "properties": { "year": 2026.0, "month": "April", "route": 6.0, "stop_id": "4254393", "stop_name": "Shelburne Road at Opposite Prospect Parkway", "total_boardings": 41, "pct_total_boardings": 0.00025718551230099486, "pct_route_boardings": 0.0021051550626411996, "latitude": 44.457376, "longitude": -73.20848 }, "geometry": { "type": "Point", "coordinates": [ -73.20848, 44.457376 ] } },
{ "type": "Feature", "properties": { "year": 2026.0, "month": "April", "route": 6.0, "stop_id": "4259665", "stop_name": "5138 Shelburne Road", "total_boardings": 21, "pct_total_boardings": 0.00013172916483709493, "pct_route_boardings": 0.0010782501540357362, "latitude": 44.382721, "longitude": -73.226898 }, "geometry": { "type": "Point", "coordinates": [ -73.226898, 44.382721 ] } },
{ "type": "Feature", "properties": { "year": 2026.0, "month": "April", "route": 6.0, "stop_id": "805484", "stop_name": "S. Winooski Avenue at Bank Street", "total_boardings": 936, "pct_total_boardings": 0.0058713570613105172, "pct_route_boardings": 0.048059149722735672, "latitude": 44.478387, "longitude": -73.211225 }, "geometry": { "type": "Point", "coordinates": [ -73.211225, 44.478387 ] } },
{ "type": "Feature", "properties": { "year": 2026.0, "month": "April", "route": 6.0, "stop_id": "805534", "stop_name": "Main Street at S Union Street", "total_boardings": 12, "pct_total_boardings": 7.5273808478339962e-05, "pct_route_boardings": 0.00061614294516327791, "latitude": 44.47612, "longitude": -73.20933 }, "geometry": { "type": "Point", "coordinates": [ -73.20933, 44.47612 ] } },
{ "type": "Feature", "properties": { "year": 2026.0, "month": "April", "route": 6.0, "stop_id": "805535", "stop_name": "Main Street at Church Street", "total_boardings": 27, "pct_total_boardings": 0.00016936606907626492, "pct_route_boardings": 0.0013863216266173752, "latitude": 44.47602, "longitude": -73.21237 }, "geometry": { "type": "Point", "coordinates": [ -73.21237, 44.47602 ] } },
{ "type": "Feature", "properties": { "year": 2026.0, "month": "April", "route": 6.0, "stop_id": "805536", "stop_name": "Main Street at Pine Street", "total_boardings": 15, "pct_total_boardings": 9.4092260597924946e-05, "pct_route_boardings": 0.0007701786814540973, "latitude": 44.47588, "longitude": -73.2159 }, "geometry": { "type": "Point", "coordinates": [ -73.2159, 44.47588 ] } },
{ "type": "Feature", "properties": { "year": 2026.0, "month": "April", "route": 6.0, "stop_id": "805537", "stop_name": "Battery Street at College Street", "total_boardings": 40, "pct_total_boardings": 0.00025091269492779987, "pct_route_boardings": 0.0020538098172109263, "latitude": 44.4766, "longitude": -73.21867 }, "geometry": { "type": "Point", "coordinates": [ -73.21867, 44.4766 ] } },
{ "type": "Feature", "properties": { "year": 2026.0, "month": "April", "route": 6.0, "stop_id": "805538", "stop_name": "Battery Street at Cherry Street", "total_boardings": 6, "pct_total_boardings": 3.7636904239169981e-05, "pct_route_boardings": 0.00030807147258163895, "latitude": 44.478999736300089, "longitude": -73.218831904062654 }, "geometry": { "type": "Point", "coordinates": [ -73.218831904062654, 44.478999736300089 ] } },
{ "type": "Feature", "properties": { "year": 2026.0, "month": "April", "route": 6.0, "stop_id": "805539", "stop_name": "S Union Street at Adams Street", "total_boardings": 106, "pct_total_boardings": 0.00066491864155866971, "pct_route_boardings": 0.0054425960156089543, "latitude": 44.47232, "longitude": -73.20881 }, "geometry": { "type": "Point", "coordinates": [ -73.20881, 44.47232 ] } },
{ "type": "Feature", "properties": { "year": 2026.0, "month": "April", "route": 6.0, "stop_id": "805540", "stop_name": "S Union Street at Spruce Street", "total_boardings": 79, "pct_total_boardings": 0.0004955525724824047, "pct_route_boardings": 0.0040562743889915797, "latitude": 44.470663162357646, "longitude": -73.208743716160484 }, "geometry": { "type": "Point", "coordinates": [ -73.208743716160484, 44.470663162357646 ] } },
{ "type": "Feature", "properties": { "year": 2026.0, "month": "April", "route": 6.0, "stop_id": "805541", "stop_name": "S Union Street at Howard Street", "total_boardings": 107, "pct_total_boardings": 0.00067119145893186464, "pct_route_boardings": 0.005493941261039228, "latitude": 44.467451748434605, "longitude": -73.208074077993217 }, "geometry": { "type": "Point", "coordinates": [ -73.208074077993217, 44.467451748434605 ] } },
{ "type": "Feature", "properties": { "year": 2026.0, "month": "April", "route": 6.0, "stop_id": "805542", "stop_name": "S Union Street at St Paul Street", "total_boardings": 85, "pct_total_boardings": 0.00053318947672157475, "pct_route_boardings": 0.0043643458615732185, "latitude": 44.465256, "longitude": -73.207703 }, "geometry": { "type": "Point", "coordinates": [ -73.207703, 44.465256 ] } },
{ "type": "Feature", "properties": { "year": 2026.0, "month": "April", "route": 6.0, "stop_id": "805544", "stop_name": "Shelburne Road at Opposite Hoover Street", "total_boardings": 98, "pct_total_boardings": 0.00061473610257310968, "pct_route_boardings": 0.005031834052166769, "latitude": 44.46058, "longitude": -73.20817 }, "geometry": { "type": "Point", "coordinates": [ -73.20817, 44.46058 ] } },
{ "type": "Feature", "properties": { "year": 2026.0, "month": "April", "route": 6.0, "stop_id": "805545", "stop_name": "Shelburne Road at Birchcliff Parkway", "total_boardings": 38, "pct_total_boardings": 0.00023836706018140987, "pct_route_boardings": 0.00195111932635038, "latitude": 44.45862, "longitude": -73.208362 }, "geometry": { "type": "Point", "coordinates": [ -73.208362, 44.45862 ] } },
{ "type": "Feature", "properties": { "year": 2026.0, "month": "April", "route": 6.0, "stop_id": "805546", "stop_name": "Shelburne Road at Burlington Subaru", "total_boardings": 20, "pct_total_boardings": 0.00012545634746389994, "pct_route_boardings": 0.0010269049086054631, "latitude": 44.456321, "longitude": -73.20858 }, "geometry": { "type": "Point", "coordinates": [ -73.20858, 44.456321 ] } },
{ "type": "Feature", "properties": { "year": 2026.0, "month": "April", "route": 6.0, "stop_id": "805547", "stop_name": "Shelburne Road at Ferguson Avenue", "total_boardings": 16, "pct_total_boardings": 0.00010036507797111995, "pct_route_boardings": 0.00082152392688437047, "latitude": 44.453955, "longitude": -73.208797 }, "geometry": { "type": "Point", "coordinates": [ -73.208797, 44.453955 ] } },
{ "type": "Feature", "properties": { "year": 2026.0, "month": "April", "route": 6.0, "stop_id": "805548", "stop_name": "Shelburne Road at Lyman Avenue", "total_boardings": 18, "pct_total_boardings": 0.00011291071271750994, "pct_route_boardings": 0.00092421441774491681, "latitude": 44.45298, "longitude": -73.20883 }, "geometry": { "type": "Point", "coordinates": [ -73.20883, 44.45298 ] } },
{ "type": "Feature", "properties": { "year": 2026.0, "month": "April", "route": 6.0, "stop_id": "805549", "stop_name": "Shelburne Road at Scarff Avenue", "total_boardings": 67, "pct_total_boardings": 0.00042027876400406477, "pct_route_boardings": 0.0034401314438283013, "latitude": 44.451904, "longitude": -73.208988 }, "geometry": { "type": "Point", "coordinates": [ -73.208988, 44.451904 ] } },
{ "type": "Feature", "properties": { "year": 2026.0, "month": "April", "route": 6.0, "stop_id": "805550", "stop_name": "Shelburne Road at Home Avenue", "total_boardings": 607, "pct_total_boardings": 0.0038076001455293633, "pct_route_boardings": 0.031166563976175805, "latitude": 44.450357, "longitude": -73.209121 }, "geometry": { "type": "Point", "coordinates": [ -73.209121, 44.450357 ] } },
{ "type": "Feature", "properties": { "year": 2026.0, "month": "April", "route": 6.0, "stop_id": "805551", "stop_name": "Shelburne Road at Queen City Parkway", "total_boardings": 57, "pct_total_boardings": 0.00035755059027211481, "pct_route_boardings": 0.0029266789895255698, "latitude": 44.445006, "longitude": -73.209668 }, "geometry": { "type": "Point", "coordinates": [ -73.209668, 44.445006 ] } },
{ "type": "Feature", "properties": { "year": 2026.0, "month": "April", "route": 6.0, "stop_id": "805552", "stop_name": "Shelburne Road at Opposite Brewer Parkway", "total_boardings": 123, "pct_total_boardings": 0.00077155653690298459, "pct_route_boardings": 0.0063154651879235987, "latitude": 44.44257, "longitude": -73.20993 }, "geometry": { "type": "Point", "coordinates": [ -73.20993, 44.44257 ] } },
{ "type": "Feature", "properties": { "year": 2026.0, "month": "April", "route": 6.0, "stop_id": "805553", "stop_name": "Shelburne Road at Fayette Road", "total_boardings": 168, "pct_total_boardings": 0.0010538333186967594, "pct_route_boardings": 0.0086260012322858896, "latitude": 44.436915, "longitude": -73.210534 }, "geometry": { "type": "Point", "coordinates": [ -73.210534, 44.436915 ] } },
{ "type": "Feature", "properties": { "year": 2026.0, "month": "April", "route": 6.0, "stop_id": "805554", "stop_name": "Shelburne Road at Holmes Road", "total_boardings": 43, "pct_total_boardings": 0.00026973114704738484, "pct_route_boardings": 0.0022078455535017457, "latitude": 44.43293, "longitude": -73.211 }, "geometry": { "type": "Point", "coordinates": [ -73.211, 44.43293 ] } },
{ "type": "Feature", "properties": { "year": 2026.0, "month": "April", "route": 6.0, "stop_id": "805555", "stop_name": "Shelburne Road at Bartlett Bay Road", "total_boardings": 10, "pct_total_boardings": 6.2728173731949969e-05, "pct_route_boardings": 0.00051345245430273157, "latitude": 44.42803, "longitude": -73.21152 }, "geometry": { "type": "Point", "coordinates": [ -73.21152, 44.42803 ] } },
{ "type": "Feature", "properties": { "year": 2026.0, "month": "April", "route": 6.0, "stop_id": "805556", "stop_name": "Shelburne Road at Harbor View Road", "total_boardings": 34, "pct_total_boardings": 0.00021327579068862988, "pct_route_boardings": 0.0017457383446292873, "latitude": 44.42382, "longitude": -73.21195 }, "geometry": { "type": "Point", "coordinates": [ -73.21195, 44.42382 ] } },
{ "type": "Feature", "properties": { "year": 2026.0, "month": "April", "route": 6.0, "stop_id": "805557", "stop_name": "Shelburne Road at Opposite Allen Road", "total_boardings": 24, "pct_total_boardings": 0.00015054761695667992, "pct_route_boardings": 0.0012322858903265558, "latitude": 44.42202, "longitude": -73.21215 }, "geometry": { "type": "Point", "coordinates": [ -73.21215, 44.42202 ] } },
{ "type": "Feature", "properties": { "year": 2026.0, "month": "April", "route": 6.0, "stop_id": "805558", "stop_name": "Shelburne Road at Pine Haven Shores Road", "total_boardings": 25, "pct_total_boardings": 0.00015682043432987491, "pct_route_boardings": 0.0012836311357568289, "latitude": 44.4188, "longitude": -73.2127 }, "geometry": { "type": "Point", "coordinates": [ -73.2127, 44.4188 ] } },
{ "type": "Feature", "properties": { "year": 2026.0, "month": "April", "route": 6.0, "stop_id": "805559", "stop_name": "Shelburne Road at Opposite Martindale", "total_boardings": 29, "pct_total_boardings": 0.0001819117038226549, "pct_route_boardings": 0.0014890121174779215, "latitude": 44.4167, "longitude": -73.2134 }, "geometry": { "type": "Point", "coordinates": [ -73.2134, 44.4167 ] } },
{ "type": "Feature", "properties": { "year": 2026.0, "month": "April", "route": 6.0, "stop_id": "805560", "stop_name": "Shelburne Road at Palmer Court", "total_boardings": 19, "pct_total_boardings": 0.00011918353009070493, "pct_route_boardings": 0.00097555966317518998, "latitude": 44.41318, "longitude": -73.21455 }, "geometry": { "type": "Point", "coordinates": [ -73.21455, 44.41318 ] } },
{ "type": "Feature", "properties": { "year": 2026.0, "month": "April", "route": 6.0, "stop_id": "805561", "stop_name": "Shelburne Road at Lakeview Drive", "total_boardings": 48, "pct_total_boardings": 0.00030109523391335985, "pct_route_boardings": 0.0024645717806531116, "latitude": 44.41193, "longitude": -73.21497 }, "geometry": { "type": "Point", "coordinates": [ -73.21497, 44.41193 ] } },
{ "type": "Feature", "properties": { "year": 2026.0, "month": "April", "route": 6.0, "stop_id": "805563", "stop_name": "Shelburne Road at Bay Road", "total_boardings": 45, "pct_total_boardings": 0.00028227678179377488, "pct_route_boardings": 0.0023105360443622922, "latitude": 44.4057, "longitude": -73.21698 }, "geometry": { "type": "Point", "coordinates": [ -73.21698, 44.4057 ] } },
{ "type": "Feature", "properties": { "year": 2026.0, "month": "April", "route": 6.0, "stop_id": "805564", "stop_name": "Shelburne Road at Green Mountain Kenworth", "total_boardings": 20, "pct_total_boardings": 0.00012545634746389994, "pct_route_boardings": 0.0010269049086054631, "latitude": 44.40277, "longitude": -73.2179 }, "geometry": { "type": "Point", "coordinates": [ -73.2179, 44.40277 ] } },
{ "type": "Feature", "properties": { "year": 2026.0, "month": "April", "route": 6.0, "stop_id": "805565", "stop_name": "Shelburne Road at Tenneybrook Square", "total_boardings": 13, "pct_total_boardings": 8.1546625851534952e-05, "pct_route_boardings": 0.00066748819059355108, "latitude": 44.40097, "longitude": -73.21848 }, "geometry": { "type": "Point", "coordinates": [ -73.21848, 44.40097 ] } },
{ "type": "Feature", "properties": { "year": 2026.0, "month": "April", "route": 6.0, "stop_id": "805566", "stop_name": "Shelburne Road at Opposite Longmeadow Drive (The Commons)", "total_boardings": 32, "pct_total_boardings": 0.0002007301559422399, "pct_route_boardings": 0.0016430478537687409, "latitude": 44.395907084193801, "longitude": -73.220143316304899 }, "geometry": { "type": "Point", "coordinates": [ -73.220143316304899, 44.395907084193801 ] } },
{ "type": "Feature", "properties": { "year": 2026.0, "month": "April", "route": 6.0, "stop_id": "805568", "stop_name": "Shelburne Road at Town Office", "total_boardings": 60, "pct_total_boardings": 0.00037636904239169978, "pct_route_boardings": 0.0030807147258163892, "latitude": 44.37908, "longitude": -73.22825 }, "geometry": { "type": "Point", "coordinates": [ -73.22825, 44.37908 ] } },
{ "type": "Feature", "properties": { "year": 2026.0, "month": "April", "route": 6.0, "stop_id": "805569", "stop_name": "Shelburne Museum", "total_boardings": 81, "pct_total_boardings": 0.00050809820722879479, "pct_route_boardings": 0.0041589648798521254, "latitude": 44.37672, "longitude": -73.22913 }, "geometry": { "type": "Point", "coordinates": [ -73.22913, 44.37672 ] } },
{ "type": "Feature", "properties": { "year": 2026.0, "month": "April", "route": 6.0, "stop_id": "805570", "stop_name": "Shelburne Road at Museum Main Gate", "total_boardings": 38, "pct_total_boardings": 0.00023836706018140987, "pct_route_boardings": 0.00195111932635038, "latitude": 44.37188, "longitude": -73.23092 }, "geometry": { "type": "Point", "coordinates": [ -73.23092, 44.37188 ] } },
{ "type": "Feature", "properties": { "year": 2026.0, "month": "April", "route": 6.0, "stop_id": "805571", "stop_name": "Marsett Road at Green Hills Drive", "total_boardings": 45, "pct_total_boardings": 0.00028227678179377488, "pct_route_boardings": 0.0023105360443622922, "latitude": 44.36972, "longitude": -73.22888 }, "geometry": { "type": "Point", "coordinates": [ -73.22888, 44.36972 ] } },
{ "type": "Feature", "properties": { "year": 2026.0, "month": "April", "route": 6.0, "stop_id": "805572", "stop_name": "Marsett Road at Maplewood Drive", "total_boardings": 35, "pct_total_boardings": 0.0002195486080618249, "pct_route_boardings": 0.0017970835900595606, "latitude": 44.36992, "longitude": -73.22743 }, "geometry": { "type": "Point", "coordinates": [ -73.22743, 44.36992 ] } },
{ "type": "Feature", "properties": { "year": 2026.0, "month": "April", "route": 6.0, "stop_id": "805573", "stop_name": "Marsett Road at Falls Roadd", "total_boardings": 16, "pct_total_boardings": 0.00010036507797111995, "pct_route_boardings": 0.00082152392688437047, "latitude": 44.370314, "longitude": -73.224723 }, "geometry": { "type": "Point", "coordinates": [ -73.224723, 44.370314 ] } },
{ "type": "Feature", "properties": { "year": 2026.0, "month": "April", "route": 6.0, "stop_id": "805574", "stop_name": "Falls Road at Shelburne Shopping Park", "total_boardings": 240, "pct_total_boardings": 0.0015054761695667991, "pct_route_boardings": 0.012322858903265557, "latitude": 44.37948, "longitude": -73.22692 }, "geometry": { "type": "Point", "coordinates": [ -73.22692, 44.37948 ] } },
{ "type": "Feature", "properties": { "year": 2026.0, "month": "April", "route": 6.0, "stop_id": "805576", "stop_name": "Shelburne Road at Webster Road", "total_boardings": 74, "pct_total_boardings": 0.00046418848561642975, "pct_route_boardings": 0.0037995481618402138, "latitude": 44.38762, "longitude": -73.22465 }, "geometry": { "type": "Point", "coordinates": [ -73.22465, 44.38762 ] } },
{ "type": "Feature", "properties": { "year": 2026.0, "month": "April", "route": 6.0, "stop_id": "805577", "stop_name": "Shelburne Road at Dutch Mill", "total_boardings": 167, "pct_total_boardings": 0.0010475605013235644, "pct_route_boardings": 0.0085746559868556168, "latitude": 44.3937, "longitude": -73.22055 }, "geometry": { "type": "Point", "coordinates": [ -73.22055, 44.3937 ] } },
{ "type": "Feature", "properties": { "year": 2026.0, "month": "April", "route": 6.0, "stop_id": "805578", "stop_name": "Shelburne Road at Longmeadow Drive", "total_boardings": 146, "pct_total_boardings": 0.00091583133648646953, "pct_route_boardings": 0.007496405832819881, "latitude": 44.39648, "longitude": -73.21962 }, "geometry": { "type": "Point", "coordinates": [ -73.21962, 44.39648 ] } },
{ "type": "Feature", "properties": { "year": 2026.0, "month": "April", "route": 6.0, "stop_id": "805579", "stop_name": "Shelburne Road at Opposite Tenneybrook", "total_boardings": 25, "pct_total_boardings": 0.00015682043432987491, "pct_route_boardings": 0.0012836311357568289, "latitude": 44.40157, "longitude": -73.218 }, "geometry": { "type": "Point", "coordinates": [ -73.218, 44.40157 ] } },
{ "type": "Feature", "properties": { "year": 2026.0, "month": "April", "route": 6.0, "stop_id": "805580", "stop_name": "Shelburne Road at Opposite Shed Sales Antiques", "total_boardings": 34, "pct_total_boardings": 0.00021327579068862988, "pct_route_boardings": 0.0017457383446292873, "latitude": 44.40338, "longitude": -73.21745 }, "geometry": { "type": "Point", "coordinates": [ -73.21745, 44.40338 ] } },
{ "type": "Feature", "properties": { "year": 2026.0, "month": "April", "route": 6.0, "stop_id": "805581", "stop_name": "Shelburne Road at Executive Drive", "total_boardings": 383, "pct_total_boardings": 0.0024024890539336837, "pct_route_boardings": 0.019665228999794618, "latitude": 44.40637, "longitude": -73.2165 }, "geometry": { "type": "Point", "coordinates": [ -73.2165, 44.40637 ] } },
{ "type": "Feature", "properties": { "year": 2026.0, "month": "April", "route": 6.0, "stop_id": "805583", "stop_name": "Shelburne Road at Hullcrest Road", "total_boardings": 290, "pct_total_boardings": 0.001819117038226549, "pct_route_boardings": 0.014890121174779215, "latitude": 44.41257684917089, "longitude": -73.214456435941372 }, "geometry": { "type": "Point", "coordinates": [ -73.214456435941372, 44.41257684917089 ] } },
{ "type": "Feature", "properties": { "year": 2026.0, "month": "April", "route": 6.0, "stop_id": "805584", "stop_name": "Shelburne Road at Juniper Ridge", "total_boardings": 120, "pct_total_boardings": 0.00075273808478339957, "pct_route_boardings": 0.0061614294516327784, "latitude": 44.41375, "longitude": -73.21407 }, "geometry": { "type": "Point", "coordinates": [ -73.21407, 44.41375 ] } },
{ "type": "Feature", "properties": { "year": 2026.0, "month": "April", "route": 6.0, "stop_id": "805585", "stop_name": "Shelburne Road at Martindale Road", "total_boardings": 170, "pct_total_boardings": 0.0010663789534431495, "pct_route_boardings": 0.0087286917231464371, "latitude": 44.41737, "longitude": -73.21288 }, "geometry": { "type": "Point", "coordinates": [ -73.21288, 44.41737 ] } },
{ "type": "Feature", "properties": { "year": 2026.0, "month": "April", "route": 6.0, "stop_id": "805586", "stop_name": "Shelburne Road at Locust Hill", "total_boardings": 218, "pct_total_boardings": 0.0013674741873565092, "pct_route_boardings": 0.011193263503799547, "latitude": 44.41945, "longitude": -73.21218 }, "geometry": { "type": "Point", "coordinates": [ -73.21218, 44.41945 ] } },
{ "type": "Feature", "properties": { "year": 2026.0, "month": "April", "route": 6.0, "stop_id": "805587", "stop_name": "Shelburne Road at Allen Road", "total_boardings": 505, "pct_total_boardings": 0.0031677727734634735, "pct_route_boardings": 0.025929348942287943, "latitude": 44.4227, "longitude": -73.21175 }, "geometry": { "type": "Point", "coordinates": [ -73.21175, 44.4227 ] } },
{ "type": "Feature", "properties": { "year": 2026.0, "month": "April", "route": 6.0, "stop_id": "805588", "stop_name": "Shelburne Road at Green Mtn. Drive", "total_boardings": 154, "pct_total_boardings": 0.00096601387547202956, "pct_route_boardings": 0.0079071677962620664, "latitude": 44.42875, "longitude": -73.21112 }, "geometry": { "type": "Point", "coordinates": [ -73.21112, 44.42875 ] } },
{ "type": "Feature", "properties": { "year": 2026.0, "month": "April", "route": 6.0, "stop_id": "805589", "stop_name": "Shelburne Road at IDX Drive", "total_boardings": 165, "pct_total_boardings": 0.0010350148665771745, "pct_route_boardings": 0.0084719654959950711, "latitude": 44.43377, "longitude": -73.21058 }, "geometry": { "type": "Point", "coordinates": [ -73.21058, 44.43377 ] } },
{ "type": "Feature", "properties": { "year": 2026.0, "month": "April", "route": 6.0, "stop_id": "805590", "stop_name": "Shelburne Road at Sleepquarters", "total_boardings": 100, "pct_total_boardings": 0.00062728173731949966, "pct_route_boardings": 0.0051345245430273155, "latitude": 44.4351, "longitude": -73.21048 }, "geometry": { "type": "Point", "coordinates": [ -73.21048, 44.4351 ] } },
{ "type": "Feature", "properties": { "year": 2026.0, "month": "April", "route": 6.0, "stop_id": "805591", "stop_name": "Shelburne Road at MacIntosh Drive", "total_boardings": 251, "pct_total_boardings": 0.0015744771606719442, "pct_route_boardings": 0.012887656602998562, "latitude": 44.43715, "longitude": -73.21028 }, "geometry": { "type": "Point", "coordinates": [ -73.21028, 44.43715 ] } },
{ "type": "Feature", "properties": { "year": 2026.0, "month": "April", "route": 6.0, "stop_id": "805592", "stop_name": "Shelburne Road at Baldwin Avenue", "total_boardings": 414, "pct_total_boardings": 0.0025969463925027288, "pct_route_boardings": 0.021256931608133085, "latitude": 44.438626, "longitude": -73.210108 }, "geometry": { "type": "Point", "coordinates": [ -73.210108, 44.438626 ] } },
{ "type": "Feature", "properties": { "year": 2026.0, "month": "April", "route": 6.0, "stop_id": "805593", "stop_name": "Shelburne Road at Laurel Hill Drive", "total_boardings": 366, "pct_total_boardings": 0.0022958511585893689, "pct_route_boardings": 0.018792359827479975, "latitude": 44.441249, "longitude": -73.20983 }, "geometry": { "type": "Point", "coordinates": [ -73.20983, 44.441249 ] } },
{ "type": "Feature", "properties": { "year": 2026.0, "month": "April", "route": 6.0, "stop_id": "805594", "stop_name": "Shelburne Road at Lindenwood Drive", "total_boardings": 536, "pct_total_boardings": 0.0033622301120325182, "pct_route_boardings": 0.02752105155062641, "latitude": 44.444169, "longitude": -73.209501 }, "geometry": { "type": "Point", "coordinates": [ -73.209501, 44.444169 ] } },
{ "type": "Feature", "properties": { "year": 2026.0, "month": "April", "route": 6.0, "stop_id": "805595", "stop_name": "Shelburne Road at Farrell Street", "total_boardings": 2057, "pct_total_boardings": 0.012903185336662109, "pct_route_boardings": 0.10561716985007188, "latitude": 44.450421, "longitude": -73.208905 }, "geometry": { "type": "Point", "coordinates": [ -73.208905, 44.450421 ] } },
{ "type": "Feature", "properties": { "year": 2026.0, "month": "April", "route": 6.0, "stop_id": "805596", "stop_name": "Shelburne Road at Hadley Road", "total_boardings": 308, "pct_total_boardings": 0.0019320277509440591, "pct_route_boardings": 0.015814335592524133, "latitude": 44.452346, "longitude": -73.208731 }, "geometry": { "type": "Point", "coordinates": [ -73.208731, 44.452346 ] } },
{ "type": "Feature", "properties": { "year": 2026.0, "month": "April", "route": 6.0, "stop_id": "805597", "stop_name": "Shelburne Road at Proctor Avenue", "total_boardings": 217, "pct_total_boardings": 0.0013612013699833142, "pct_route_boardings": 0.011141918258369275, "latitude": 44.454962514117597, "longitude": -73.208439575486196 }, "geometry": { "type": "Point", "coordinates": [ -73.208439575486196, 44.454962514117597 ] } },
{ "type": "Feature", "properties": { "year": 2026.0, "month": "April", "route": 6.0, "stop_id": "805598", "stop_name": "Shelburne Road at Kinney Drugs", "total_boardings": 177, "pct_total_boardings": 0.0011102886750555144, "pct_route_boardings": 0.0090881084411583487, "latitude": 44.456778, "longitude": -73.208325 }, "geometry": { "type": "Point", "coordinates": [ -73.208325, 44.456778 ] } },
{ "type": "Feature", "properties": { "year": 2026.0, "month": "April", "route": 6.0, "stop_id": "805599", "stop_name": "Shelburne Road at Clymer Street", "total_boardings": 101, "pct_total_boardings": 0.0006335545546926947, "pct_route_boardings": 0.0051858697884575892, "latitude": 44.458365, "longitude": -73.208201 }, "geometry": { "type": "Point", "coordinates": [ -73.208201, 44.458365 ] } },
{ "type": "Feature", "properties": { "year": 2026.0, "month": "April", "route": 6.0, "stop_id": "805600", "stop_name": "Shelburne Road at Adams Court", "total_boardings": 214, "pct_total_boardings": 0.0013423829178637293, "pct_route_boardings": 0.010987882522078456, "latitude": 44.4615, "longitude": -73.20788 }, "geometry": { "type": "Point", "coordinates": [ -73.20788, 44.4615 ] } },
{ "type": "Feature", "properties": { "year": 2026.0, "month": "April", "route": 6.0, "stop_id": "805601", "stop_name": "South Union Street at Opposite Saint Paul Street", "total_boardings": 140, "pct_total_boardings": 0.00087819443224729959, "pct_route_boardings": 0.0071883343602382422, "latitude": 44.465356, "longitude": -73.207568 }, "geometry": { "type": "Point", "coordinates": [ -73.207568, 44.465356 ] } },
{ "type": "Feature", "properties": { "year": 2026.0, "month": "April", "route": 6.0, "stop_id": "805602", "stop_name": "S Union Street at Howard Street", "total_boardings": 98, "pct_total_boardings": 0.00061473610257310968, "pct_route_boardings": 0.005031834052166769, "latitude": 44.4672, "longitude": -73.20783 }, "geometry": { "type": "Point", "coordinates": [ -73.20783, 44.4672 ] } },
{ "type": "Feature", "properties": { "year": 2026.0, "month": "April", "route": 6.0, "stop_id": "805603", "stop_name": "S Union Street at Bayview Court", "total_boardings": 94, "pct_total_boardings": 0.00058964483308032972, "pct_route_boardings": 0.0048264530704456767, "latitude": 44.46843, "longitude": -73.20813 }, "geometry": { "type": "Point", "coordinates": [ -73.20813, 44.46843 ] } },
{ "type": "Feature", "properties": { "year": 2026.0, "month": "April", "route": 6.0, "stop_id": "805604", "stop_name": "S Union Street at Spruce Street", "total_boardings": 59, "pct_total_boardings": 0.00037009622501850479, "pct_route_boardings": 0.0030293694803861164, "latitude": 44.470452, "longitude": -73.208604 }, "geometry": { "type": "Point", "coordinates": [ -73.208604, 44.470452 ] } },
{ "type": "Feature", "properties": { "year": 2026.0, "month": "April", "route": 6.0, "stop_id": "805605", "stop_name": "S Union Street at Maple Street", "total_boardings": 11, "pct_total_boardings": 6.9000991105144959e-05, "pct_route_boardings": 0.00056479769973300474, "latitude": 44.47378, "longitude": -73.2088 }, "geometry": { "type": "Point", "coordinates": [ -73.2088, 44.47378 ] } },
{ "type": "Feature", "properties": { "year": 2026.0, "month": "April", "route": 6.0, "stop_id": "805606", "stop_name": "S Union Street at Opposite King Street", "total_boardings": 4, "pct_total_boardings": 2.5091269492779987e-05, "pct_route_boardings": 0.00020538098172109262, "latitude": 44.47498, "longitude": -73.20885 }, "geometry": { "type": "Point", "coordinates": [ -73.20885, 44.47498 ] } },
{ "type": "Feature", "properties": { "year": 2026.0, "month": "April", "route": 6.0, "stop_id": "805871", "stop_name": "Shelburne Road at Flynn Avenue", "total_boardings": 37, "pct_total_boardings": 0.00023209424280821488, "pct_route_boardings": 0.0018997740809201069, "latitude": 44.455267466135794, "longitude": -73.208617658786977 }, "geometry": { "type": "Point", "coordinates": [ -73.208617658786977, 44.455267466135794 ] } },
{ "type": "Feature", "properties": { "year": 2026.0, "month": "April", "route": 6.0, "stop_id": "805872", "stop_name": "Shelburne Road at Hannaford Drive (Olive Garden)", "total_boardings": 85, "pct_total_boardings": 0.00053318947672157475, "pct_route_boardings": 0.0043643458615732185, "latitude": 44.440723, "longitude": -73.210134 }, "geometry": { "type": "Point", "coordinates": [ -73.210134, 44.440723 ] } },
{ "type": "Feature", "properties": { "year": 2026.0, "month": "April", "route": 6.0, "stop_id": "805873", "stop_name": "Shelburne Road at Opposite Baldwin Avenue", "total_boardings": 57, "pct_total_boardings": 0.00035755059027211481, "pct_route_boardings": 0.0029266789895255698, "latitude": 44.438538, "longitude": -73.210366 }, "geometry": { "type": "Point", "coordinates": [ -73.210366, 44.438538 ] } },
{ "type": "Feature", "properties": { "year": 2026.0, "month": "April", "route": 6.0, "stop_id": "805876", "stop_name": "S Union Street at Opposite Bayview Street", "total_boardings": 109, "pct_total_boardings": 0.00068373709367825462, "pct_route_boardings": 0.0055966317518997737, "latitude": 44.4685615194674, "longitude": -73.208303755418299 }, "geometry": { "type": "Point", "coordinates": [ -73.208303755418299, 44.4685615194674 ] } },
{ "type": "Feature", "properties": { "year": 2026.0, "month": "April", "route": 6.0, "stop_id": "805889", "stop_name": "Falls Road at LaPlatte Circle", "total_boardings": 79, "pct_total_boardings": 0.0004955525724824047, "pct_route_boardings": 0.0040562743889915797, "latitude": 44.3722, "longitude": -73.22502 }, "geometry": { "type": "Point", "coordinates": [ -73.22502, 44.3722 ] } },
{ "type": "Feature", "properties": { "year": 2026.0, "month": "April", "route": 6.0, "stop_id": "805906", "stop_name": "S. Winooski Avenue at King Street", "total_boardings": 747, "pct_total_boardings": 0.0046857945777766625, "pct_route_boardings": 0.038354898336414048, "latitude": 44.475317956005064, "longitude": -73.21098945119671 }, "geometry": { "type": "Point", "coordinates": [ -73.21098945119671, 44.475317956005064 ] } },
{ "type": "Feature", "properties": { "year": 2026.0, "month": "April", "route": 6.0, "stop_id": "805907", "stop_name": "Shelburne Road at Harbor Road", "total_boardings": 26, "pct_total_boardings": 0.0001630932517030699, "pct_route_boardings": 0.0013349763811871022, "latitude": 44.380805, "longitude": -73.227544 }, "geometry": { "type": "Point", "coordinates": [ -73.227544, 44.380805 ] } },
{ "type": "Feature", "properties": { "year": 2026.0, "month": "April", "route": 6.0, "stop_id": "805908", "stop_name": "Maple Street at Union Street", "total_boardings": 700, "pct_total_boardings": 0.004390972161236498, "pct_route_boardings": 0.035941671801191212, "latitude": 44.47377, "longitude": -73.20912 }, "geometry": { "type": "Point", "coordinates": [ -73.20912, 44.47377 ] } },
{ "type": "Feature", "properties": { "year": 2026.0, "month": "April", "route": 6.0, "stop_id": "805911", "stop_name": "Shelburne Road at Alfred Street", "total_boardings": 180, "pct_total_boardings": 0.0011291071271750995, "pct_route_boardings": 0.009242144177449169, "latitude": 44.459642, "longitude": -73.20808 }, "geometry": { "type": "Point", "coordinates": [ -73.20808, 44.459642 ] } },
{ "type": "Feature", "properties": { "year": 2026.0, "month": "April", "route": 6.0, "stop_id": "805912", "stop_name": "Vermont Teddy Bear Factory", "total_boardings": 10, "pct_total_boardings": 6.2728173731949969e-05, "pct_route_boardings": 0.00051345245430273157, "latitude": 44.36152, "longitude": -73.23055 }, "geometry": { "type": "Point", "coordinates": [ -73.23055, 44.36152 ] } },
{ "type": "Feature", "properties": { "year": 2026.0, "month": "April", "route": 6.0, "stop_id": "806025", "stop_name": "Shelburne Road at Bostwick Road", "total_boardings": 96, "pct_total_boardings": 0.0006021904678267197, "pct_route_boardings": 0.0049291435613062233, "latitude": 44.36995, "longitude": -73.23162 }, "geometry": { "type": "Point", "coordinates": [ -73.23162, 44.36995 ] } },
{ "type": "Feature", "properties": { "year": 2026.0, "month": "April", "route": 6.0, "stop_id": "806028", "stop_name": "Shelburne Road at Opposite Webster Road (Office Park)", "total_boardings": 7, "pct_total_boardings": 4.3909721612364978e-05, "pct_route_boardings": 0.00035941671801191212, "latitude": 44.38795, "longitude": -73.22467 }, "geometry": { "type": "Point", "coordinates": [ -73.22467, 44.38795 ] } },
{ "type": "Feature", "properties": { "year": 2026.0, "month": "April", "route": 6.0, "stop_id": "806041", "stop_name": "5224 Shelburne Road", "total_boardings": 20, "pct_total_boardings": 0.00012545634746389994, "pct_route_boardings": 0.0010269049086054631, "latitude": 44.381457, "longitude": -73.227305 }, "geometry": { "type": "Point", "coordinates": [ -73.227305, 44.381457 ] } },
{ "type": "Feature", "properties": { "year": 2026.0, "month": "April", "route": 6.0, "stop_id": "820638", "stop_name": "Shelburne Road at Locust Street", "total_boardings": 61, "pct_total_boardings": 0.00038264185976489483, "pct_route_boardings": 0.0031320599712466625, "latitude": 44.463741453424014, "longitude": -73.207865710359897 }, "geometry": { "type": "Point", "coordinates": [ -73.207865710359897, 44.463741453424014 ] } },
{ "type": "Feature", "properties": { "year": 2026.0, "month": "April", "route": 7.0, "stop_id": "2530430", "stop_name": "Northgate", "total_boardings": 116, "pct_total_boardings": 0.00072764681529061961, "pct_route_boardings": 0.0055467890785635731, "latitude": 44.520183531733551, "longitude": -73.264744240753956 }, "geometry": { "type": "Point", "coordinates": [ -73.264744240753956, 44.520183531733551 ] } },
{ "type": "Feature", "properties": { "year": 2026.0, "month": "April", "route": 7.0, "stop_id": "2562322", "stop_name": "Downtown Transit Center", "total_boardings": 5992, "pct_total_boardings": 0.037586721700184421, "pct_route_boardings": 0.28652034619614591, "latitude": 44.479731, "longitude": -73.214298 }, "geometry": { "type": "Point", "coordinates": [ -73.214298, 44.479731 ] } },
{ "type": "Feature", "properties": { "year": 2026.0, "month": "April", "route": 7.0, "stop_id": "2734696", "stop_name": "Downtown BHS", "total_boardings": 746, "pct_total_boardings": 0.0046795217604034675, "pct_route_boardings": 0.035671591832831251, "latitude": 44.479136394041511, "longitude": -73.216444672632022 }, "geometry": { "type": "Point", "coordinates": [ -73.216444672632022, 44.479136394041511 ] } },
{ "type": "Feature", "properties": { "year": 2026.0, "month": "April", "route": 7.0, "stop_id": "805607", "stop_name": "Pearl Street at Elmwood Avenue", "total_boardings": 38, "pct_total_boardings": 0.00023836706018140987, "pct_route_boardings": 0.0018170515947018601, "latitude": 44.480451, "longitude": -73.213722 }, "geometry": { "type": "Point", "coordinates": [ -73.213722, 44.480451 ] } },
{ "type": "Feature", "properties": { "year": 2026.0, "month": "April", "route": 7.0, "stop_id": "805610", "stop_name": "North Street at Elmwood Avenue", "total_boardings": 271, "pct_total_boardings": 0.0016999335081358442, "pct_route_boardings": 0.012958446899058002, "latitude": 44.48478, "longitude": -73.21363 }, "geometry": { "type": "Point", "coordinates": [ -73.21363, 44.48478 ] } },
{ "type": "Feature", "properties": { "year": 2026.0, "month": "April", "route": 7.0, "stop_id": "805669", "stop_name": "North Street at Opposite Murray Street", "total_boardings": 266, "pct_total_boardings": 0.0016685694212698692, "pct_route_boardings": 0.01271936116291302, "latitude": 44.48468, "longitude": -73.21585 }, "geometry": { "type": "Point", "coordinates": [ -73.21585, 44.48468 ] } },
{ "type": "Feature", "properties": { "year": 2026.0, "month": "April", "route": 7.0, "stop_id": "805670", "stop_name": "North Street at N. Champlain Street", "total_boardings": 244, "pct_total_boardings": 0.0015305674390595793, "pct_route_boardings": 0.011667383923875101, "latitude": 44.48464, "longitude": -73.21755 }, "geometry": { "type": "Point", "coordinates": [ -73.21755, 44.48464 ] } },
{ "type": "Feature", "properties": { "year": 2026.0, "month": "April", "route": 7.0, "stop_id": "805671", "stop_name": "North Street at Blodgett Street", "total_boardings": 199, "pct_total_boardings": 0.0012482906572658043, "pct_route_boardings": 0.0095156122985702671, "latitude": 44.48448, "longitude": -73.22113 }, "geometry": { "type": "Point", "coordinates": [ -73.22113, 44.48448 ] } },
{ "type": "Feature", "properties": { "year": 2026.0, "month": "April", "route": 7.0, "stop_id": "805672", "stop_name": "North Avenue at Strong Street", "total_boardings": 128, "pct_total_boardings": 0.0008029206237689596, "pct_route_boardings": 0.0061205948453115291, "latitude": 44.48555, "longitude": -73.22318 }, "geometry": { "type": "Point", "coordinates": [ -73.22318, 44.48555 ] } },
{ "type": "Feature", "properties": { "year": 2026.0, "month": "April", "route": 7.0, "stop_id": "805673", "stop_name": "North Avenue at Washington Street", "total_boardings": 143, "pct_total_boardings": 0.0008970128843668845, "pct_route_boardings": 0.0068378520537464736, "latitude": 44.48783, "longitude": -73.22497 }, "geometry": { "type": "Point", "coordinates": [ -73.22497, 44.48783 ] } },
{ "type": "Feature", "properties": { "year": 2026.0, "month": "April", "route": 7.0, "stop_id": "805675", "stop_name": "North Ave at Opposite Cambrian Rise", "total_boardings": 197, "pct_total_boardings": 0.0012357450225194144, "pct_route_boardings": 0.0094199780041122755, "latitude": 44.490374789966715, "longitude": -73.226944982909245 }, "geometry": { "type": "Point", "coordinates": [ -73.226944982909245, 44.490374789966715 ] } },
{ "type": "Feature", "properties": { "year": 2026.0, "month": "April", "route": 7.0, "stop_id": "805676", "stop_name": "North Avenue at Opposite Lakeview Cem.", "total_boardings": 62, "pct_total_boardings": 0.00038891467713808982, "pct_route_boardings": 0.0029646631281977716, "latitude": 44.49305, "longitude": -73.22907 }, "geometry": { "type": "Point", "coordinates": [ -73.22907, 44.49305 ] } },
{ "type": "Feature", "properties": { "year": 2026.0, "month": "April", "route": 7.0, "stop_id": "805677", "stop_name": "Opposite Burlington High School", "total_boardings": 306, "pct_total_boardings": 0.001919482116197669, "pct_route_boardings": 0.014632047052072873, "latitude": 44.49637, "longitude": -73.23165 }, "geometry": { "type": "Point", "coordinates": [ -73.23165, 44.49637 ] } },
{ "type": "Feature", "properties": { "year": 2026.0, "month": "April", "route": 7.0, "stop_id": "805678", "stop_name": "North Avenue at Beltline", "total_boardings": 22, "pct_total_boardings": 0.00013800198221028992, "pct_route_boardings": 0.001051977239037919, "latitude": 44.50003, "longitude": -73.23538 }, "geometry": { "type": "Point", "coordinates": [ -73.23538, 44.50003 ] } },
{ "type": "Feature", "properties": { "year": 2026.0, "month": "April", "route": 7.0, "stop_id": "805679", "stop_name": "North Avenue at Saratoga Avenue", "total_boardings": 24, "pct_total_boardings": 0.00015054761695667992, "pct_route_boardings": 0.0011476115334959117, "latitude": 44.502521, "longitude": -73.238743 }, "geometry": { "type": "Point", "coordinates": [ -73.238743, 44.502521 ] } },
{ "type": "Feature", "properties": { "year": 2026.0, "month": "April", "route": 7.0, "stop_id": "805680", "stop_name": "North Avenue at Village Green", "total_boardings": 33, "pct_total_boardings": 0.00020700297331543489, "pct_route_boardings": 0.0015779658585568786, "latitude": 44.503302, "longitude": -73.239826 }, "geometry": { "type": "Point", "coordinates": [ -73.239826, 44.503302 ] } },
{ "type": "Feature", "properties": { "year": 2026.0, "month": "April", "route": 7.0, "stop_id": "805681", "stop_name": "North Avenue at Rite Aid", "total_boardings": 109, "pct_total_boardings": 0.00068373709367825462, "pct_route_boardings": 0.0052120690479605988, "latitude": 44.50468, "longitude": -73.24163 }, "geometry": { "type": "Point", "coordinates": [ -73.24163, 44.50468 ] } },
{ "type": "Feature", "properties": { "year": 2026.0, "month": "April", "route": 7.0, "stop_id": "805682", "stop_name": "Opposite Ethan Allen Shopping Center", "total_boardings": 484, "pct_total_boardings": 0.0030360436086263785, "pct_route_boardings": 0.023143499258834219, "latitude": 44.506693071031577, "longitude": -73.244366678573783 }, "geometry": { "type": "Point", "coordinates": [ -73.244366678573783, 44.506693071031577 ] } },
{ "type": "Feature", "properties": { "year": 2026.0, "month": "April", "route": 7.0, "stop_id": "805683", "stop_name": "North Avenue at Poirier Place", "total_boardings": 187, "pct_total_boardings": 0.0011730168487874644, "pct_route_boardings": 0.0089418065318223119, "latitude": 44.508373, "longitude": -73.2467 }, "geometry": { "type": "Point", "coordinates": [ -73.2467, 44.508373 ] } },
{ "type": "Feature", "properties": { "year": 2026.0, "month": "April", "route": 7.0, "stop_id": "805684", "stop_name": "North Avenue at Heineberg Road", "total_boardings": 129, "pct_total_boardings": 0.00080919344114215453, "pct_route_boardings": 0.006168411992540525, "latitude": 44.509442, "longitude": -73.248161 }, "geometry": { "type": "Point", "coordinates": [ -73.248161, 44.509442 ] } },
{ "type": "Feature", "properties": { "year": 2026.0, "month": "April", "route": 7.0, "stop_id": "805685", "stop_name": "North Avenue at Gosse Court", "total_boardings": 194, "pct_total_boardings": 0.0012169265703998295, "pct_route_boardings": 0.0092765265624252854, "latitude": 44.51062, "longitude": -73.24977 }, "geometry": { "type": "Point", "coordinates": [ -73.24977, 44.51062 ] } },
{ "type": "Feature", "properties": { "year": 2026.0, "month": "April", "route": 7.0, "stop_id": "805686", "stop_name": "North Avenue at Bessery Market", "total_boardings": 588, "pct_total_boardings": 0.0036884166154386583, "pct_route_boardings": 0.028116482570649835, "latitude": 44.51227, "longitude": -73.25198 }, "geometry": { "type": "Point", "coordinates": [ -73.25198, 44.51227 ] } },
{ "type": "Feature", "properties": { "year": 2026.0, "month": "April", "route": 7.0, "stop_id": "805687", "stop_name": "North Avenue at Edgemoor Drive", "total_boardings": 271, "pct_total_boardings": 0.0016999335081358442, "pct_route_boardings": 0.012958446899058002, "latitude": 44.51292, "longitude": -73.25287 }, "geometry": { "type": "Point", "coordinates": [ -73.25287, 44.51292 ] } },
{ "type": "Feature", "properties": { "year": 2026.0, "month": "April", "route": 7.0, "stop_id": "805688", "stop_name": "North Avenue at Cayuga Court", "total_boardings": 189, "pct_total_boardings": 0.0011855624835338545, "pct_route_boardings": 0.0090374408262803036, "latitude": 44.51372, "longitude": -73.25393 }, "geometry": { "type": "Point", "coordinates": [ -73.25393, 44.51372 ] } },
{ "type": "Feature", "properties": { "year": 2026.0, "month": "April", "route": 7.0, "stop_id": "805689", "stop_name": "North Avenue at Birch Court", "total_boardings": 313, "pct_total_boardings": 0.0019633918378100341, "pct_route_boardings": 0.014966767082675848, "latitude": 44.51433, "longitude": -73.25475 }, "geometry": { "type": "Point", "coordinates": [ -73.25475, 44.51433 ] } },
{ "type": "Feature", "properties": { "year": 2026.0, "month": "April", "route": 7.0, "stop_id": "805690", "stop_name": "North Avenue at Franklin Sq.", "total_boardings": 624, "pct_total_boardings": 0.0039142380408736781, "pct_route_boardings": 0.029837899870893702, "latitude": 44.515150248912775, "longitude": -73.25586414915972 }, "geometry": { "type": "Point", "coordinates": [ -73.25586414915972, 44.515150248912775 ] } },
{ "type": "Feature", "properties": { "year": 2026.0, "month": "April", "route": 7.0, "stop_id": "805692", "stop_name": "North Avenue at Morgan Street", "total_boardings": 82, "pct_total_boardings": 0.00051437102460198973, "pct_route_boardings": 0.0039210060727776982, "latitude": 44.52015, "longitude": -73.26265 }, "geometry": { "type": "Point", "coordinates": [ -73.26265, 44.52015 ] } },
{ "type": "Feature", "properties": { "year": 2026.0, "month": "April", "route": 7.0, "stop_id": "805693", "stop_name": "North Avenue at Forest Street", "total_boardings": 14, "pct_total_boardings": 8.7819443224729956e-05, "pct_route_boardings": 0.0006694400612059485, "latitude": 44.52082, "longitude": -73.26357 }, "geometry": { "type": "Point", "coordinates": [ -73.26357, 44.52082 ] } },
{ "type": "Feature", "properties": { "year": 2026.0, "month": "April", "route": 7.0, "stop_id": "805695", "stop_name": "North Avenue at Northgate Road", "total_boardings": 1107, "pct_total_boardings": 0.0069440088321268611, "pct_route_boardings": 0.052933581982498923, "latitude": 44.520598660747737, "longitude": -73.263431391254628 }, "geometry": { "type": "Point", "coordinates": [ -73.263431391254628, 44.520598660747737 ] } },
{ "type": "Feature", "properties": { "year": 2026.0, "month": "April", "route": 7.0, "stop_id": "805696", "stop_name": "North Avenue at Opposite Algird Street", "total_boardings": 349, "pct_total_boardings": 0.002189213263245054, "pct_route_boardings": 0.016688184382919715, "latitude": 44.51935, "longitude": -73.26173 }, "geometry": { "type": "Point", "coordinates": [ -73.26173, 44.51935 ] } },
{ "type": "Feature", "properties": { "year": 2026.0, "month": "April", "route": 7.0, "stop_id": "805697", "stop_name": "North Avenue at Browe Court", "total_boardings": 169, "pct_total_boardings": 0.0010601061360699545, "pct_route_boardings": 0.0080810978817003783, "latitude": 44.51855, "longitude": -73.26067 }, "geometry": { "type": "Point", "coordinates": [ -73.26067, 44.51855 ] } },
{ "type": "Feature", "properties": { "year": 2026.0, "month": "April", "route": 7.0, "stop_id": "805698", "stop_name": "North Avenue at Starr Farm Road", "total_boardings": 412, "pct_total_boardings": 0.0025844007577563387, "pct_route_boardings": 0.019700664658346485, "latitude": 44.5172, "longitude": -73.25882 }, "geometry": { "type": "Point", "coordinates": [ -73.25882, 44.5172 ] } },
{ "type": "Feature", "properties": { "year": 2026.0, "month": "April", "route": 7.0, "stop_id": "805699", "stop_name": "North Avenue at Loaldo Drive", "total_boardings": 227, "pct_total_boardings": 0.0014239295437152642, "pct_route_boardings": 0.010854492420982164, "latitude": 44.514866461736659, "longitude": -73.255756268423283 }, "geometry": { "type": "Point", "coordinates": [ -73.255756268423283, 44.514866461736659 ] } },
{ "type": "Feature", "properties": { "year": 2026.0, "month": "April", "route": 7.0, "stop_id": "805700", "stop_name": "North Avenue at Cross Parkway", "total_boardings": 128, "pct_total_boardings": 0.0008029206237689596, "pct_route_boardings": 0.0061205948453115291, "latitude": 44.513275913645238, "longitude": -73.2535893886282 }, "geometry": { "type": "Point", "coordinates": [ -73.2535893886282, 44.513275913645238 ] } },
{ "type": "Feature", "properties": { "year": 2026.0, "month": "April", "route": 7.0, "stop_id": "805701", "stop_name": "North Avenue at Staniford Road", "total_boardings": 196, "pct_total_boardings": 0.0012294722051462194, "pct_route_boardings": 0.0093721608568832788, "latitude": 44.512482637184064, "longitude": -73.252490889472824 }, "geometry": { "type": "Point", "coordinates": [ -73.252490889472824, 44.512482637184064 ] } },
{ "type": "Feature", "properties": { "year": 2026.0, "month": "April", "route": 7.0, "stop_id": "805702", "stop_name": "North Avenue at Woodbury Road", "total_boardings": 267, "pct_total_boardings": 0.0016748422386430642, "pct_route_boardings": 0.012767178310142017, "latitude": 44.51177, "longitude": -73.2515 }, "geometry": { "type": "Point", "coordinates": [ -73.2515, 44.51177 ] } },
{ "type": "Feature", "properties": { "year": 2026.0, "month": "April", "route": 7.0, "stop_id": "805703", "stop_name": "North Avenue at Dodds Court", "total_boardings": 178, "pct_total_boardings": 0.0011165614924287094, "pct_route_boardings": 0.0085114522067613451, "latitude": 44.510541541785194, "longitude": -73.249894477643181 }, "geometry": { "type": "Point", "coordinates": [ -73.249894477643181, 44.510541541785194 ] } },
{ "type": "Feature", "properties": { "year": 2026.0, "month": "April", "route": 7.0, "stop_id": "805704", "stop_name": "North Avenue at Shore Road", "total_boardings": 212, "pct_total_boardings": 0.0013298372831173394, "pct_route_boardings": 0.010137235212547219, "latitude": 44.509482, "longitude": -73.248476 }, "geometry": { "type": "Point", "coordinates": [ -73.248476, 44.509482 ] } },
{ "type": "Feature", "properties": { "year": 2026.0, "month": "April", "route": 7.0, "stop_id": "805705", "stop_name": "North Avenue at Dept. Motor Vehicles", "total_boardings": 390, "pct_total_boardings": 0.0024463987755460486, "pct_route_boardings": 0.018648687419308564, "latitude": 44.508268, "longitude": -73.246789 }, "geometry": { "type": "Point", "coordinates": [ -73.246789, 44.508268 ] } },
{ "type": "Feature", "properties": { "year": 2026.0, "month": "April", "route": 7.0, "stop_id": "805706", "stop_name": "Ethan Allen Shopping Center", "total_boardings": 818, "pct_total_boardings": 0.0051311646112735072, "pct_route_boardings": 0.039114426433318986, "latitude": 44.506523, "longitude": -73.244415 }, "geometry": { "type": "Point", "coordinates": [ -73.244415, 44.506523 ] } },
{ "type": "Feature", "properties": { "year": 2026.0, "month": "April", "route": 7.0, "stop_id": "805707", "stop_name": "North Avenue at Lakewood Parkway", "total_boardings": 332, "pct_total_boardings": 0.0020825753679007391, "pct_route_boardings": 0.015875292880026776, "latitude": 44.504869, "longitude": -73.242206 }, "geometry": { "type": "Point", "coordinates": [ -73.242206, 44.504869 ] } },
{ "type": "Feature", "properties": { "year": 2026.0, "month": "April", "route": 7.0, "stop_id": "805708", "stop_name": "North Avenue at Killarney Drive", "total_boardings": 202, "pct_total_boardings": 0.0012671091093853894, "pct_route_boardings": 0.0096590637402572555, "latitude": 44.503349, "longitude": -73.240156 }, "geometry": { "type": "Point", "coordinates": [ -73.240156, 44.503349 ] } },
{ "type": "Feature", "properties": { "year": 2026.0, "month": "April", "route": 7.0, "stop_id": "805709", "stop_name": "North Avenue at Oppostie Saratoga Ave. (Elk's Lodge)", "total_boardings": 84, "pct_total_boardings": 0.00052691665934837971, "pct_route_boardings": 0.0040166403672356908, "latitude": 44.50261, "longitude": -73.239132 }, "geometry": { "type": "Point", "coordinates": [ -73.239132, 44.50261 ] } },
{ "type": "Feature", "properties": { "year": 2026.0, "month": "April", "route": 7.0, "stop_id": "805710", "stop_name": "North Avenue at Route 127", "total_boardings": 37, "pct_total_boardings": 0.00023209424280821488, "pct_route_boardings": 0.0017692344474728638, "latitude": 44.501077, "longitude": -73.237206 }, "geometry": { "type": "Point", "coordinates": [ -73.237206, 44.501077 ] } },
{ "type": "Feature", "properties": { "year": 2026.0, "month": "April", "route": 7.0, "stop_id": "805711", "stop_name": "Burlington High School", "total_boardings": 276, "pct_total_boardings": 0.0017312975950018192, "pct_route_boardings": 0.013197532635202984, "latitude": 44.49689546757881, "longitude": -73.232354974159364 }, "geometry": { "type": "Point", "coordinates": [ -73.232354974159364, 44.49689546757881 ] } },
{ "type": "Feature", "properties": { "year": 2026.0, "month": "April", "route": 7.0, "stop_id": "805713", "stop_name": "North Ave at Cambrian Rise", "total_boardings": 481, "pct_total_boardings": 0.0030172251565067933, "pct_route_boardings": 0.023000047817147228, "latitude": 44.489779761483717, "longitude": -73.226694591317667 }, "geometry": { "type": "Point", "coordinates": [ -73.226694591317667, 44.489779761483717 ] } },
{ "type": "Feature", "properties": { "year": 2026.0, "month": "April", "route": 7.0, "stop_id": "805715", "stop_name": "North Avenue at Berry Street", "total_boardings": 104, "pct_total_boardings": 0.00065237300681227962, "pct_route_boardings": 0.004972983311815617, "latitude": 44.487623, "longitude": -73.224958 }, "geometry": { "type": "Point", "coordinates": [ -73.224958, 44.487623 ] } },
{ "type": "Feature", "properties": { "year": 2026.0, "month": "April", "route": 7.0, "stop_id": "805716", "stop_name": "North Avenue at Opposite Ward Street", "total_boardings": 46, "pct_total_boardings": 0.00028854959916696987, "pct_route_boardings": 0.0021995887725338305, "latitude": 44.486342, "longitude": -73.223938 }, "geometry": { "type": "Point", "coordinates": [ -73.223938, 44.486342 ] } },
{ "type": "Feature", "properties": { "year": 2026.0, "month": "April", "route": 7.0, "stop_id": "805717", "stop_name": "North Avenue at Canfield Street", "total_boardings": 91, "pct_total_boardings": 0.00057082638096074469, "pct_route_boardings": 0.0043513603978386651, "latitude": 44.48527, "longitude": -73.2231 }, "geometry": { "type": "Point", "coordinates": [ -73.2231, 44.48527 ] } },
{ "type": "Feature", "properties": { "year": 2026.0, "month": "April", "route": 7.0, "stop_id": "805718", "stop_name": "North Street at Front Street", "total_boardings": 118, "pct_total_boardings": 0.00074019245003700959, "pct_route_boardings": 0.0056424233730215656, "latitude": 44.484442, "longitude": -73.220842 }, "geometry": { "type": "Point", "coordinates": [ -73.220842, 44.484442 ] } },
{ "type": "Feature", "properties": { "year": 2026.0, "month": "April", "route": 7.0, "stop_id": "805719", "stop_name": "North Street at N. Champlain Street", "total_boardings": 42, "pct_total_boardings": 0.00026345832967418985, "pct_route_boardings": 0.0020083201836178454, "latitude": 44.484544914360399, "longitude": -73.218103611263416 }, "geometry": { "type": "Point", "coordinates": [ -73.218103611263416, 44.484544914360399 ] } },
{ "type": "Feature", "properties": { "year": 2026.0, "month": "April", "route": 7.0, "stop_id": "805720", "stop_name": "North Street at Murray Street", "total_boardings": 60, "pct_total_boardings": 0.00037636904239169978, "pct_route_boardings": 0.0028690288337397791, "latitude": 44.48462, "longitude": -73.216134 }, "geometry": { "type": "Point", "coordinates": [ -73.216134, 44.48462 ] } },
{ "type": "Feature", "properties": { "year": 2026.0, "month": "April", "route": 7.0, "stop_id": "805721", "stop_name": "North Street at Elmwood Avenue", "total_boardings": 69, "pct_total_boardings": 0.0004328243987504548, "pct_route_boardings": 0.0032993831588007459, "latitude": 44.484724, "longitude": -73.213421 }, "geometry": { "type": "Point", "coordinates": [ -73.213421, 44.484724 ] } },
{ "type": "Feature", "properties": { "year": 2026.0, "month": "April", "route": 7.0, "stop_id": "805722", "stop_name": "No. Winooski Avenue at Grant Street", "total_boardings": 38, "pct_total_boardings": 0.00023836706018140987, "pct_route_boardings": 0.0018170515947018601, "latitude": 44.48238, "longitude": -73.21138 }, "geometry": { "type": "Point", "coordinates": [ -73.21138, 44.48238 ] } },
{ "type": "Feature", "properties": { "year": 2026.0, "month": "April", "route": 7.0, "stop_id": "805879", "stop_name": "North Avenue at Algird Street", "total_boardings": 77, "pct_total_boardings": 0.00048300693773601478, "pct_route_boardings": 0.0036819203366327165, "latitude": 44.51945, "longitude": -73.26172 }, "geometry": { "type": "Point", "coordinates": [ -73.26172, 44.51945 ] } },
{ "type": "Feature", "properties": { "year": 2026.0, "month": "April", "route": 7.0, "stop_id": "805880", "stop_name": "North Avenue at Green Acres Drive", "total_boardings": 118, "pct_total_boardings": 0.00074019245003700959, "pct_route_boardings": 0.0056424233730215656, "latitude": 44.513835541321122, "longitude": -73.254339107193573 }, "geometry": { "type": "Point", "coordinates": [ -73.254339107193573, 44.513835541321122 ] } },
{ "type": "Feature", "properties": { "year": 2026.0, "month": "April", "route": 7.0, "stop_id": "805881", "stop_name": "North Street at N. Winooski Avenue", "total_boardings": 69, "pct_total_boardings": 0.0004328243987504548, "pct_route_boardings": 0.0032993831588007459, "latitude": 44.484763, "longitude": -73.21159 }, "geometry": { "type": "Point", "coordinates": [ -73.21159, 44.484763 ] } },
{ "type": "Feature", "properties": { "year": 2026.0, "month": "April", "route": 7.0, "stop_id": "805949", "stop_name": "N Union Street at Pearl Street", "total_boardings": 551, "pct_total_boardings": 0.0034563223726304434, "pct_route_boardings": 0.026347248123176972, "latitude": 44.48083, "longitude": -73.2093 }, "geometry": { "type": "Point", "coordinates": [ -73.2093, 44.48083 ] } },
{ "type": "Feature", "properties": { "year": 2026.0, "month": "April", "route": 7.0, "stop_id": "805950", "stop_name": "N Union Street at Loomis Street", "total_boardings": 188, "pct_total_boardings": 0.0011792896661606594, "pct_route_boardings": 0.0089896236790513086, "latitude": 44.48292, "longitude": -73.20945 }, "geometry": { "type": "Point", "coordinates": [ -73.20945, 44.48292 ] } },
{ "type": "Feature", "properties": { "year": 2026.0, "month": "April", "route": 7.0, "stop_id": "805951", "stop_name": "N Union Street at North Street", "total_boardings": 83, "pct_total_boardings": 0.00052064384197518477, "pct_route_boardings": 0.0039688232200066941, "latitude": 44.48458, "longitude": -73.20957 }, "geometry": { "type": "Point", "coordinates": [ -73.20957, 44.48458 ] } },
{ "type": "Feature", "properties": { "year": 2026.0, "month": "April", "route": 7.0, "stop_id": "805952", "stop_name": "North Street at N Winooski Avenue", "total_boardings": 110, "pct_total_boardings": 0.00069000991105144967, "pct_route_boardings": 0.0052598861951895946, "latitude": 44.48485, "longitude": -73.21115 }, "geometry": { "type": "Point", "coordinates": [ -73.21115, 44.48485 ] } },
{ "type": "Feature", "properties": { "year": 2026.0, "month": "April", "route": 7.0, "stop_id": "805953", "stop_name": "North Avenue at Barley Road", "total_boardings": 258, "pct_total_boardings": 0.0016183868822843091, "pct_route_boardings": 0.01233682398508105, "latitude": 44.51807, "longitude": -73.25985 }, "geometry": { "type": "Point", "coordinates": [ -73.25985, 44.51807 ] } },
{ "type": "Feature", "properties": { "year": 2026.0, "month": "April", "route": 7.0, "stop_id": "805954", "stop_name": "Pearl Street at N Winooski Avenue", "total_boardings": 275, "pct_total_boardings": 0.0017250247776286242, "pct_route_boardings": 0.013149715487973987, "latitude": 44.48046, "longitude": -73.21053 }, "geometry": { "type": "Point", "coordinates": [ -73.21053, 44.48046 ] } },
{ "type": "Feature", "properties": { "year": 2026.0, "month": "April", "route": 7.0, "stop_id": "805955", "stop_name": "Burlington High School Circle", "total_boardings": 65, "pct_total_boardings": 0.00040773312925767479, "pct_route_boardings": 0.0031081145698847608, "latitude": 44.4973299, "longitude": -73.233234 }, "geometry": { "type": "Point", "coordinates": [ -73.233234, 44.4973299 ] } },
{ "type": "Feature", "properties": { "year": 2026.0, "month": "April", "route": 7.0, "stop_id": "805956", "stop_name": "North Avenue at Tracy Drive", "total_boardings": 408, "pct_total_boardings": 0.0025593094882635586, "pct_route_boardings": 0.019509396069430498, "latitude": 44.515908420590399, "longitude": -73.257145737964436 }, "geometry": { "type": "Point", "coordinates": [ -73.257145737964436, 44.515908420590399 ] } },
{ "type": "Feature", "properties": { "year": 2026.0, "month": "April", "route": 7.0, "stop_id": "805993", "stop_name": "North Avenue at Lakeview Cemetery", "total_boardings": 81, "pct_total_boardings": 0.00050809820722879479, "pct_route_boardings": 0.003873188925548702, "latitude": 44.492721535987414, "longitude": -73.228979980701013 }, "geometry": { "type": "Point", "coordinates": [ -73.228979980701013, 44.492721535987414 ] } },
{ "type": "Feature", "properties": { "year": 2026.0, "month": "April", "route": 7.0, "stop_id": "805994", "stop_name": "North Street at Park Street", "total_boardings": 72, "pct_total_boardings": 0.00045164285087003977, "pct_route_boardings": 0.0034428346004877347, "latitude": 44.484472, "longitude": -73.21905 }, "geometry": { "type": "Point", "coordinates": [ -73.21905, 44.484472 ] } },
{ "type": "Feature", "properties": { "year": 2026.0, "month": "April", "route": 7.0, "stop_id": "806009", "stop_name": "Heineberg Housing", "total_boardings": 85, "pct_total_boardings": 0.00053318947672157475, "pct_route_boardings": 0.0040644575144646866, "latitude": 44.5107483, "longitude": -73.246847 }, "geometry": { "type": "Point", "coordinates": [ -73.246847, 44.5107483 ] } },
{ "type": "Feature", "properties": { "year": 2026.0, "month": "April", "route": 7.0, "stop_id": "806071", "stop_name": "North Avenue at N of Institute Road", "total_boardings": 69, "pct_total_boardings": 0.0004328243987504548, "pct_route_boardings": 0.0032993831588007459, "latitude": 44.498863877725697, "longitude": -73.23408881833916 }, "geometry": { "type": "Point", "coordinates": [ -73.23408881833916, 44.498863877725697 ] } },
{ "type": "Feature", "properties": { "year": 2026.0, "month": "April", "route": 8.0, "stop_id": "2556011", "stop_name": "N Champlain Street and Peru Street", "total_boardings": 19, "pct_total_boardings": 0.00011918353009070493, "pct_route_boardings": 0.0070214338507021438, "latitude": 44.482624633525489, "longitude": -73.217518524467962 }, "geometry": { "type": "Point", "coordinates": [ -73.217518524467962, 44.482624633525489 ] } },
{ "type": "Feature", "properties": { "year": 2026.0, "month": "April", "route": 8.0, "stop_id": "2562322", "stop_name": "Downtown Transit Center", "total_boardings": 723, "pct_total_boardings": 0.0045352469608199823, "pct_route_boardings": 0.26718403547671843, "latitude": 44.479731, "longitude": -73.214298 }, "geometry": { "type": "Point", "coordinates": [ -73.214298, 44.479731 ] } },
{ "type": "Feature", "properties": { "year": 2026.0, "month": "April", "route": 8.0, "stop_id": "4254428", "stop_name": "Pearl Street at Opposite North Champlain Street", "total_boardings": 6, "pct_total_boardings": 3.7636904239169981e-05, "pct_route_boardings": 0.0022172949002217295, "latitude": 44.480227, "longitude": -73.218169 }, "geometry": { "type": "Point", "coordinates": [ -73.218169, 44.480227 ] } },
{ "type": "Feature", "properties": { "year": 2026.0, "month": "April", "route": 8.0, "stop_id": "805537", "stop_name": "Battery Street at College Street", "total_boardings": 9, "pct_total_boardings": 5.6455356358754972e-05, "pct_route_boardings": 0.0033259423503325942, "latitude": 44.4766, "longitude": -73.21867 }, "geometry": { "type": "Point", "coordinates": [ -73.21867, 44.4766 ] } },
{ "type": "Feature", "properties": { "year": 2026.0, "month": "April", "route": 8.0, "stop_id": "805538", "stop_name": "Battery Street at Cherry Street", "total_boardings": 1, "pct_total_boardings": 6.2728173731949969e-06, "pct_route_boardings": 0.00036954915003695491, "latitude": 44.478999736300089, "longitude": -73.218831904062654 }, "geometry": { "type": "Point", "coordinates": [ -73.218831904062654, 44.478999736300089 ] } },
{ "type": "Feature", "properties": { "year": 2026.0, "month": "April", "route": 8.0, "stop_id": "805647", "stop_name": "Pearl Street at N. Champlain Street", "total_boardings": 31, "pct_total_boardings": 0.00019445733856904491, "pct_route_boardings": 0.011456023651145602, "latitude": 44.4804, "longitude": -73.21682 }, "geometry": { "type": "Point", "coordinates": [ -73.21682, 44.4804 ] } },
{ "type": "Feature", "properties": { "year": 2026.0, "month": "April", "route": 8.0, "stop_id": "805648", "stop_name": "N Union Street at N Winooski Avenue", "total_boardings": 160, "pct_total_boardings": 0.0010036507797111995, "pct_route_boardings": 0.059127864005912786, "latitude": 44.4861, "longitude": -73.20968 }, "geometry": { "type": "Point", "coordinates": [ -73.20968, 44.4861 ] } },
{ "type": "Feature", "properties": { "year": 2026.0, "month": "April", "route": 8.0, "stop_id": "805649", "stop_name": "N Winooski Avenue at Archibald Street", "total_boardings": 217, "pct_total_boardings": 0.0013612013699833142, "pct_route_boardings": 0.08019216555801921, "latitude": 44.48767, "longitude": -73.2081 }, "geometry": { "type": "Point", "coordinates": [ -73.2081, 44.48767 ] } },
{ "type": "Feature", "properties": { "year": 2026.0, "month": "April", "route": 8.0, "stop_id": "805650", "stop_name": "Archibald Street at N Willard Street", "total_boardings": 177, "pct_total_boardings": 0.0011102886750555144, "pct_route_boardings": 0.065410199556541024, "latitude": 44.488026, "longitude": -73.206167 }, "geometry": { "type": "Point", "coordinates": [ -73.206167, 44.488026 ] } },
{ "type": "Feature", "properties": { "year": 2026.0, "month": "April", "route": 8.0, "stop_id": "805651", "stop_name": "Archibald Street at N Prospect Street", "total_boardings": 24, "pct_total_boardings": 0.00015054761695667992, "pct_route_boardings": 0.008869179600886918, "latitude": 44.4877, "longitude": -73.20227 }, "geometry": { "type": "Point", "coordinates": [ -73.20227, 44.4877 ] } },
{ "type": "Feature", "properties": { "year": 2026.0, "month": "April", "route": 8.0, "stop_id": "805652", "stop_name": "N Prospect Street at Colonial Square", "total_boardings": 19, "pct_total_boardings": 0.00011918353009070493, "pct_route_boardings": 0.0070214338507021438, "latitude": 44.48697, "longitude": -73.20195 }, "geometry": { "type": "Point", "coordinates": [ -73.20195, 44.48697 ] } },
{ "type": "Feature", "properties": { "year": 2026.0, "month": "April", "route": 8.0, "stop_id": "805653", "stop_name": "N Prospect Street at Pearl Street", "total_boardings": 49, "pct_total_boardings": 0.00030736805128655484, "pct_route_boardings": 0.018107908351810791, "latitude": 44.48102, "longitude": -73.20082 }, "geometry": { "type": "Point", "coordinates": [ -73.20082, 44.48102 ] } },
{ "type": "Feature", "properties": { "year": 2026.0, "month": "April", "route": 8.0, "stop_id": "805654", "stop_name": "UHC Main Lobby", "total_boardings": 45, "pct_total_boardings": 0.00028227678179377488, "pct_route_boardings": 0.01662971175166297, "latitude": 44.479379819498597, "longitude": -73.200604582459704 }, "geometry": { "type": "Point", "coordinates": [ -73.200604582459704, 44.479379819498597 ] } },
{ "type": "Feature", "properties": { "year": 2026.0, "month": "April", "route": 8.0, "stop_id": "805655", "stop_name": "UVM Waterman Building", "total_boardings": 135, "pct_total_boardings": 0.00084683034538132458, "pct_route_boardings": 0.049889135254988913, "latitude": 44.478071432337174, "longitude": -73.200623308889419 }, "geometry": { "type": "Point", "coordinates": [ -73.200623308889419, 44.478071432337174 ] } },
{ "type": "Feature", "properties": { "year": 2026.0, "month": "April", "route": 8.0, "stop_id": "805656", "stop_name": "S Prospect Street at Maple Street", "total_boardings": 62, "pct_total_boardings": 0.00038891467713808982, "pct_route_boardings": 0.022912047302291204, "latitude": 44.47423, "longitude": -73.200632 }, "geometry": { "type": "Point", "coordinates": [ -73.200632, 44.47423 ] } },
{ "type": "Feature", "properties": { "year": 2026.0, "month": "April", "route": 8.0, "stop_id": "805660", "stop_name": "Maple Street at South Willard Street", "total_boardings": 20, "pct_total_boardings": 0.00012545634746389994, "pct_route_boardings": 0.0073909830007390983, "latitude": 44.474047415860184, "longitude": -73.205121369985747 }, "geometry": { "type": "Point", "coordinates": [ -73.205121369985747, 44.474047415860184 ] } },
{ "type": "Feature", "properties": { "year": 2026.0, "month": "April", "route": 8.0, "stop_id": "805662", "stop_name": "Maple Street at S. Union Street", "total_boardings": 2, "pct_total_boardings": 1.2545634746389994e-05, "pct_route_boardings": 0.00073909830007390983, "latitude": 44.473884, "longitude": -73.20868 }, "geometry": { "type": "Point", "coordinates": [ -73.20868, 44.473884 ] } },
{ "type": "Feature", "properties": { "year": 2026.0, "month": "April", "route": 8.0, "stop_id": "805663", "stop_name": "Maple Street at S. Winooski Avenue", "total_boardings": 13, "pct_total_boardings": 8.1546625851534952e-05, "pct_route_boardings": 0.0048041389504804143, "latitude": 44.47383, "longitude": -73.210641 }, "geometry": { "type": "Point", "coordinates": [ -73.210641, 44.47383 ] } },
{ "type": "Feature", "properties": { "year": 2026.0, "month": "April", "route": 8.0, "stop_id": "805664", "stop_name": "Maple Street at Church Street", "total_boardings": 12, "pct_total_boardings": 7.5273808478339962e-05, "pct_route_boardings": 0.004434589800443459, "latitude": 44.473771, "longitude": -73.212224 }, "geometry": { "type": "Point", "coordinates": [ -73.212224, 44.473771 ] } },
{ "type": "Feature", "properties": { "year": 2026.0, "month": "April", "route": 8.0, "stop_id": "805665", "stop_name": "Maple Street at St Paul Street", "total_boardings": 24, "pct_total_boardings": 0.00015054761695667992, "pct_route_boardings": 0.008869179600886918, "latitude": 44.473688, "longitude": -73.213657 }, "geometry": { "type": "Point", "coordinates": [ -73.213657, 44.473688 ] } },
{ "type": "Feature", "properties": { "year": 2026.0, "month": "April", "route": 8.0, "stop_id": "805666", "stop_name": "Maple Street at Pine Street", "total_boardings": 32, "pct_total_boardings": 0.0002007301559422399, "pct_route_boardings": 0.011825572801182557, "latitude": 44.473622, "longitude": -73.21523 }, "geometry": { "type": "Point", "coordinates": [ -73.21523, 44.473622 ] } },
{ "type": "Feature", "properties": { "year": 2026.0, "month": "April", "route": 8.0, "stop_id": "805667", "stop_name": "Maple Street at Battery St", "total_boardings": 66, "pct_total_boardings": 0.00041400594663086978, "pct_route_boardings": 0.024390243902439025, "latitude": 44.473558, "longitude": -73.217914 }, "geometry": { "type": "Point", "coordinates": [ -73.217914, 44.473558 ] } },
{ "type": "Feature", "properties": { "year": 2026.0, "month": "April", "route": 8.0, "stop_id": "805668", "stop_name": "Battery Street at King Street", "total_boardings": 8, "pct_total_boardings": 5.0182538985559975e-05, "pct_route_boardings": 0.0029563932002956393, "latitude": 44.474485, "longitude": -73.218508 }, "geometry": { "type": "Point", "coordinates": [ -73.218508, 44.474485 ] } },
{ "type": "Feature", "properties": { "year": 2026.0, "month": "April", "route": 8.0, "stop_id": "805720", "stop_name": "North Street at Murray Street", "total_boardings": 226, "pct_total_boardings": 0.0014176567263420694, "pct_route_boardings": 0.083518107908351805, "latitude": 44.48462, "longitude": -73.216134 }, "geometry": { "type": "Point", "coordinates": [ -73.216134, 44.48462 ] } },
{ "type": "Feature", "properties": { "year": 2026.0, "month": "April", "route": 8.0, "stop_id": "805721", "stop_name": "North Street at Elmwood Avenue", "total_boardings": 122, "pct_total_boardings": 0.00076528371952978966, "pct_route_boardings": 0.045084996304508497, "latitude": 44.484724, "longitude": -73.213421 }, "geometry": { "type": "Point", "coordinates": [ -73.213421, 44.484724 ] } },
{ "type": "Feature", "properties": { "year": 2026.0, "month": "April", "route": 8.0, "stop_id": "805877", "stop_name": "North Street at North Union Street", "total_boardings": 104, "pct_total_boardings": 0.00065237300681227962, "pct_route_boardings": 0.038433111603843315, "latitude": 44.484805, "longitude": -73.209904 }, "geometry": { "type": "Point", "coordinates": [ -73.209904, 44.484805 ] } },
{ "type": "Feature", "properties": { "year": 2026.0, "month": "April", "route": 8.0, "stop_id": "805878", "stop_name": "Battery Street at Main Street", "total_boardings": 8, "pct_total_boardings": 5.0182538985559975e-05, "pct_route_boardings": 0.0029563932002956393, "latitude": 44.47538, "longitude": -73.21857 }, "geometry": { "type": "Point", "coordinates": [ -73.21857, 44.47538 ] } },
{ "type": "Feature", "properties": { "year": 2026.0, "month": "April", "route": 8.0, "stop_id": "805881", "stop_name": "North Street at N. Winooski Avenue", "total_boardings": 74, "pct_total_boardings": 0.00046418848561642975, "pct_route_boardings": 0.027346637102734665, "latitude": 44.484763, "longitude": -73.21159 }, "geometry": { "type": "Point", "coordinates": [ -73.21159, 44.484763 ] } },
{ "type": "Feature", "properties": { "year": 2026.0, "month": "April", "route": 8.0, "stop_id": "805920", "stop_name": "N Prospect Street at Loomis Street", "total_boardings": 10, "pct_total_boardings": 6.2728173731949969e-05, "pct_route_boardings": 0.0036954915003695491, "latitude": 44.483159711608565, "longitude": -73.201238384539124 }, "geometry": { "type": "Point", "coordinates": [ -73.201238384539124, 44.483159711608565 ] } },
{ "type": "Feature", "properties": { "year": 2026.0, "month": "April", "route": 8.0, "stop_id": "805999", "stop_name": "N Prospect Street at North Street", "total_boardings": 18, "pct_total_boardings": 0.00011291071271750994, "pct_route_boardings": 0.0066518847006651885, "latitude": 44.485126, "longitude": -73.201598 }, "geometry": { "type": "Point", "coordinates": [ -73.201598, 44.485126 ] } },
{ "type": "Feature", "properties": { "year": 2026.0, "month": "April", "route": 8.0, "stop_id": "806005", "stop_name": "N Prospect Street at Henry Street", "total_boardings": 16, "pct_total_boardings": 0.00010036507797111995, "pct_route_boardings": 0.0059127864005912786, "latitude": 44.484314, "longitude": -73.201458 }, "geometry": { "type": "Point", "coordinates": [ -73.201458, 44.484314 ] } },
{ "type": "Feature", "properties": { "year": 2026.0, "month": "April", "route": 8.0, "stop_id": "806011", "stop_name": "Cherry Street at Opposite 3 Cathedral Square", "total_boardings": 1, "pct_total_boardings": 6.2728173731949969e-06, "pct_route_boardings": 0.00036954915003695491, "latitude": 44.479106, "longitude": -73.217703 }, "geometry": { "type": "Point", "coordinates": [ -73.217703, 44.479106 ] } },
{ "type": "Feature", "properties": { "year": 2026.0, "month": "April", "route": 8.0, "stop_id": "806029", "stop_name": "Fern Hill", "total_boardings": 110, "pct_total_boardings": 0.00069000991105144967, "pct_route_boardings": 0.04065040650406504, "latitude": 44.48710922696219, "longitude": -73.200809387731567 }, "geometry": { "type": "Point", "coordinates": [ -73.200809387731567, 44.48710922696219 ] } },
{ "type": "Feature", "properties": { "year": 2026.0, "month": "April", "route": 8.0, "stop_id": "806030", "stop_name": "McAuley Square", "total_boardings": 163, "pct_total_boardings": 0.0010224692318307844, "pct_route_boardings": 0.060236511456023649, "latitude": 44.48485932111906, "longitude": -73.197974635582 }, "geometry": { "type": "Point", "coordinates": [ -73.197974635582, 44.48485932111906 ] } },
{ "type": "Feature", "properties": { "year": 2026.0, "month": "April", "route": 9.0, "stop_id": "2535799", "stop_name": "Pine St at Hickock St", "total_boardings": 161, "pct_total_boardings": 0.0010099235970843945, "pct_route_boardings": 0.013978121201597499, "latitude": 44.497364, "longitude": -73.196294 }, "geometry": { "type": "Point", "coordinates": [ -73.196294, 44.497364 ] } },
{ "type": "Feature", "properties": { "year": 2026.0, "month": "April", "route": 9.0, "stop_id": "2562322", "stop_name": "Downtown Transit Center", "total_boardings": 4383, "pct_total_boardings": 0.027493758546713671, "pct_route_boardings": 0.38053481507206111, "latitude": 44.479731, "longitude": -73.214298 }, "geometry": { "type": "Point", "coordinates": [ -73.214298, 44.479731 ] } },
{ "type": "Feature", "properties": { "year": 2026.0, "month": "April", "route": 9.0, "stop_id": "2734696", "stop_name": "Downtown BHS", "total_boardings": 392, "pct_total_boardings": 0.0024589444102924387, "pct_route_boardings": 0.034033686403889561, "latitude": 44.479136394041511, "longitude": -73.216444672632022 }, "geometry": { "type": "Point", "coordinates": [ -73.216444672632022, 44.479136394041511 ] } },
{ "type": "Feature", "properties": { "year": 2026.0, "month": "April", "route": 9.0, "stop_id": "805607", "stop_name": "Pearl Street at Elmwood Avenue", "total_boardings": 27, "pct_total_boardings": 0.00016936606907626492, "pct_route_boardings": 0.002344156971696475, "latitude": 44.480451, "longitude": -73.213722 }, "geometry": { "type": "Point", "coordinates": [ -73.213722, 44.480451 ] } },
{ "type": "Feature", "properties": { "year": 2026.0, "month": "April", "route": 9.0, "stop_id": "805608", "stop_name": "Elmwood Avenue at Elmwood Center", "total_boardings": 60, "pct_total_boardings": 0.00037636904239169978, "pct_route_boardings": 0.0052092377148810556, "latitude": 44.48132, "longitude": -73.21352 }, "geometry": { "type": "Point", "coordinates": [ -73.21352, 44.48132 ] } },
{ "type": "Feature", "properties": { "year": 2026.0, "month": "April", "route": 9.0, "stop_id": "805609", "stop_name": "Elmwood Avenue at Opposite Peru Street", "total_boardings": 95, "pct_total_boardings": 0.00059591765045352465, "pct_route_boardings": 0.0082479597152283375, "latitude": 44.48258, "longitude": -73.21362 }, "geometry": { "type": "Point", "coordinates": [ -73.21362, 44.48258 ] } },
{ "type": "Feature", "properties": { "year": 2026.0, "month": "April", "route": 9.0, "stop_id": "805611", "stop_name": "Elmwood Avenue at Spring Street", "total_boardings": 31, "pct_total_boardings": 0.00019445733856904491, "pct_route_boardings": 0.0026914394860218789, "latitude": 44.487349, "longitude": -73.214014 }, "geometry": { "type": "Point", "coordinates": [ -73.214014, 44.487349 ] } },
{ "type": "Feature", "properties": { "year": 2026.0, "month": "April", "route": 9.0, "stop_id": "805612", "stop_name": "Archibald Street at Walnut Street", "total_boardings": 45, "pct_total_boardings": 0.00028227678179377488, "pct_route_boardings": 0.0039069282861607917, "latitude": 44.487673, "longitude": -73.213751 }, "geometry": { "type": "Point", "coordinates": [ -73.213751, 44.487673 ] } },
{ "type": "Feature", "properties": { "year": 2026.0, "month": "April", "route": 9.0, "stop_id": "805613", "stop_name": "Archibald Street at Intervale Avenue", "total_boardings": 53, "pct_total_boardings": 0.00033245932077933485, "pct_route_boardings": 0.0046014933148115994, "latitude": 44.48778, "longitude": -73.21147 }, "geometry": { "type": "Point", "coordinates": [ -73.21147, 44.48778 ] } },
{ "type": "Feature", "properties": { "year": 2026.0, "month": "April", "route": 9.0, "stop_id": "805614", "stop_name": "Intervale Avenue at Opposite Willow Street", "total_boardings": 61, "pct_total_boardings": 0.00038264185976489483, "pct_route_boardings": 0.0052960583434624063, "latitude": 44.48863, "longitude": -73.21042 }, "geometry": { "type": "Point", "coordinates": [ -73.21042, 44.48863 ] } },
{ "type": "Feature", "properties": { "year": 2026.0, "month": "April", "route": 9.0, "stop_id": "805615", "stop_name": "Intervale Avenue at Riverside Avenue", "total_boardings": 62, "pct_total_boardings": 0.00038891467713808982, "pct_route_boardings": 0.0053828789720437578, "latitude": 44.4893, "longitude": -73.20985 }, "geometry": { "type": "Point", "coordinates": [ -73.20985, 44.4893 ] } },
{ "type": "Feature", "properties": { "year": 2026.0, "month": "April", "route": 9.0, "stop_id": "805616", "stop_name": "Riverside Avenue at Bright Street", "total_boardings": 97, "pct_total_boardings": 0.00060846328519991474, "pct_route_boardings": 0.0084216009723910405, "latitude": 44.48947, "longitude": -73.20833 }, "geometry": { "type": "Point", "coordinates": [ -73.20833, 44.48947 ] } },
{ "type": "Feature", "properties": { "year": 2026.0, "month": "April", "route": 9.0, "stop_id": "805617", "stop_name": "Community Health Center", "total_boardings": 207, "pct_total_boardings": 0.0012984731962513644, "pct_route_boardings": 0.017971870116339644, "latitude": 44.489602490295084, "longitude": -73.206111207414722 }, "geometry": { "type": "Point", "coordinates": [ -73.206111207414722, 44.489602490295084 ] } },
{ "type": "Feature", "properties": { "year": 2026.0, "month": "April", "route": 9.0, "stop_id": "805618", "stop_name": "Riverside Avenue at N. Prospect Street", "total_boardings": 26, "pct_total_boardings": 0.0001630932517030699, "pct_route_boardings": 0.002257336343115124, "latitude": 44.48868651, "longitude": -73.20182517000001 }, "geometry": { "type": "Point", "coordinates": [ -73.20182517, 44.48868651 ] } },
{ "type": "Feature", "properties": { "year": 2026.0, "month": "April", "route": 9.0, "stop_id": "805619", "stop_name": "Riverside Avenue at Koffee Kup Bakery", "total_boardings": 18, "pct_total_boardings": 0.00011291071271750994, "pct_route_boardings": 0.0015627713144643167, "latitude": 44.488130016524465, "longitude": -73.198726322577954 }, "geometry": { "type": "Point", "coordinates": [ -73.198726322577954, 44.488130016524465 ] } },
{ "type": "Feature", "properties": { "year": 2026.0, "month": "April", "route": 9.0, "stop_id": "805620", "stop_name": "Riverside Avenue at Salmon Run", "total_boardings": 60, "pct_total_boardings": 0.00037636904239169978, "pct_route_boardings": 0.0052092377148810556, "latitude": 44.48641, "longitude": -73.191726 }, "geometry": { "type": "Point", "coordinates": [ -73.191726, 44.48641 ] } },
{ "type": "Feature", "properties": { "year": 2026.0, "month": "April", "route": 9.0, "stop_id": "805623", "stop_name": "Main Street at La Fountain Street", "total_boardings": 65, "pct_total_boardings": 0.00040773312925767479, "pct_route_boardings": 0.0056433408577878106, "latitude": 44.49665, "longitude": -73.18508 }, "geometry": { "type": "Point", "coordinates": [ -73.18508, 44.49665 ] } },
{ "type": "Feature", "properties": { "year": 2026.0, "month": "April", "route": 9.0, "stop_id": "805624", "stop_name": "E Spring Street at Spring Garden", "total_boardings": 118, "pct_total_boardings": 0.00074019245003700959, "pct_route_boardings": 0.01024483417259941, "latitude": 44.494627083702397, "longitude": -73.185111625456599 }, "geometry": { "type": "Point", "coordinates": [ -73.185111625456599, 44.494627083702397 ] } },
{ "type": "Feature", "properties": { "year": 2026.0, "month": "April", "route": 9.0, "stop_id": "805625", "stop_name": "Main Street at Burling Street", "total_boardings": 111, "pct_total_boardings": 0.0006962827284246446, "pct_route_boardings": 0.0096370897725299529, "latitude": 44.49802, "longitude": -73.18438 }, "geometry": { "type": "Point", "coordinates": [ -73.18438, 44.49802 ] } },
{ "type": "Feature", "properties": { "year": 2026.0, "month": "April", "route": 9.0, "stop_id": "805627", "stop_name": "Main Street at Normand Street", "total_boardings": 353, "pct_total_boardings": 0.0022143045327378337, "pct_route_boardings": 0.030647681889216877, "latitude": 44.50062909, "longitude": -73.18312749 }, "geometry": { "type": "Point", "coordinates": [ -73.18312749, 44.50062909 ] } },
{ "type": "Feature", "properties": { "year": 2026.0, "month": "April", "route": 9.0, "stop_id": "805628", "stop_name": "Weaver Street at Tigan Street", "total_boardings": 160, "pct_total_boardings": 0.0010036507797111995, "pct_route_boardings": 0.013891300573016149, "latitude": 44.50142, "longitude": -73.18435 }, "geometry": { "type": "Point", "coordinates": [ -73.18435, 44.50142 ] } },
{ "type": "Feature", "properties": { "year": 2026.0, "month": "April", "route": 9.0, "stop_id": "805629", "stop_name": "Weaver Street at St. Francis Xavier Cemetery", "total_boardings": 43, "pct_total_boardings": 0.00026973114704738484, "pct_route_boardings": 0.00373328702899809, "latitude": 44.498596705036597, "longitude": -73.185891753165293 }, "geometry": { "type": "Point", "coordinates": [ -73.185891753165293, 44.498596705036597 ] } },
{ "type": "Feature", "properties": { "year": 2026.0, "month": "April", "route": 9.0, "stop_id": "805630", "stop_name": "W. Spring Street at Our Lady of Providence", "total_boardings": 45, "pct_total_boardings": 0.00028227678179377488, "pct_route_boardings": 0.0039069282861607917, "latitude": 44.49518, "longitude": -73.18847 }, "geometry": { "type": "Point", "coordinates": [ -73.18847, 44.49518 ] } },
{ "type": "Feature", "properties": { "year": 2026.0, "month": "April", "route": 9.0, "stop_id": "805631", "stop_name": "W. Spring Street at North Street", "total_boardings": 52, "pct_total_boardings": 0.00032618650340613981, "pct_route_boardings": 0.0045146726862302479, "latitude": 44.495188730029568, "longitude": -73.189577659532233 }, "geometry": { "type": "Point", "coordinates": [ -73.189577659532233, 44.495188730029568 ] } },
{ "type": "Feature", "properties": { "year": 2026.0, "month": "April", "route": 9.0, "stop_id": "805632", "stop_name": "Hickok Street at Elm Street", "total_boardings": 189, "pct_total_boardings": 0.0011855624835338545, "pct_route_boardings": 0.016409098801875327, "latitude": 44.495502, "longitude": -73.194925 }, "geometry": { "type": "Point", "coordinates": [ -73.194925, 44.495502 ] } },
{ "type": "Feature", "properties": { "year": 2026.0, "month": "April", "route": 9.0, "stop_id": "805633", "stop_name": "West Lane at Malletts Bay Avenue", "total_boardings": 260, "pct_total_boardings": 0.0016309325170306992, "pct_route_boardings": 0.022573363431151242, "latitude": 44.49343, "longitude": -73.19125 }, "geometry": { "type": "Point", "coordinates": [ -73.19125, 44.49343 ] } },
{ "type": "Feature", "properties": { "year": 2026.0, "month": "April", "route": 9.0, "stop_id": "805634", "stop_name": "Mallets Bay Avenue at O'Brien Center", "total_boardings": 267, "pct_total_boardings": 0.0016748422386430642, "pct_route_boardings": 0.023181107831220699, "latitude": 44.492253713092303, "longitude": -73.189969313896896 }, "geometry": { "type": "Point", "coordinates": [ -73.189969313896896, 44.492253713092303 ] } },
{ "type": "Feature", "properties": { "year": 2026.0, "month": "April", "route": 9.0, "stop_id": "805635", "stop_name": "Riverside Avenue at Dunkin Donuts", "total_boardings": 47, "pct_total_boardings": 0.00029482241654016486, "pct_route_boardings": 0.0040805695433234939, "latitude": 44.488606614866669, "longitude": -73.200768283475668 }, "geometry": { "type": "Point", "coordinates": [ -73.200768283475668, 44.488606614866669 ] } },
{ "type": "Feature", "properties": { "year": 2026.0, "month": "April", "route": 9.0, "stop_id": "805636", "stop_name": "Riverside Avenue at Intervale Road", "total_boardings": 49, "pct_total_boardings": 0.00030736805128655484, "pct_route_boardings": 0.0042542108004861951, "latitude": 44.489038385620418, "longitude": -73.202188043399531 }, "geometry": { "type": "Point", "coordinates": [ -73.202188043399531, 44.489038385620418 ] } },
{ "type": "Feature", "properties": { "year": 2026.0, "month": "April", "route": 9.0, "stop_id": "805637", "stop_name": "Community Health Center", "total_boardings": 359, "pct_total_boardings": 0.002251941436977004, "pct_route_boardings": 0.031168605660704982, "latitude": 44.489674, "longitude": -73.206354 }, "geometry": { "type": "Point", "coordinates": [ -73.206354, 44.489674 ] } },
{ "type": "Feature", "properties": { "year": 2026.0, "month": "April", "route": 9.0, "stop_id": "805638", "stop_name": "Riverside Avenue at Intervale Avenue", "total_boardings": 145, "pct_total_boardings": 0.00090955851911327448, "pct_route_boardings": 0.012588991144295885, "latitude": 44.489485, "longitude": -73.209628 }, "geometry": { "type": "Point", "coordinates": [ -73.209628, 44.489485 ] } },
{ "type": "Feature", "properties": { "year": 2026.0, "month": "April", "route": 9.0, "stop_id": "805639", "stop_name": "Intervale Avenue at Willow Street", "total_boardings": 111, "pct_total_boardings": 0.0006962827284246446, "pct_route_boardings": 0.0096370897725299529, "latitude": 44.488718, "longitude": -73.210544 }, "geometry": { "type": "Point", "coordinates": [ -73.210544, 44.488718 ] } },
{ "type": "Feature", "properties": { "year": 2026.0, "month": "April", "route": 9.0, "stop_id": "805640", "stop_name": "Archibald Street at Walnut Street", "total_boardings": 59, "pct_total_boardings": 0.00037009622501850479, "pct_route_boardings": 0.005122417086299705, "latitude": 44.487786, "longitude": -73.213167 }, "geometry": { "type": "Point", "coordinates": [ -73.213167, 44.487786 ] } },
{ "type": "Feature", "properties": { "year": 2026.0, "month": "April", "route": 9.0, "stop_id": "805641", "stop_name": "Elmwood Avenue at Spring Street", "total_boardings": 52, "pct_total_boardings": 0.00032618650340613981, "pct_route_boardings": 0.0045146726862302479, "latitude": 44.48738, "longitude": -73.21415 }, "geometry": { "type": "Point", "coordinates": [ -73.21415, 44.48738 ] } },
{ "type": "Feature", "properties": { "year": 2026.0, "month": "April", "route": 9.0, "stop_id": "805642", "stop_name": "Elmwood Avenue at Cedar Street", "total_boardings": 75, "pct_total_boardings": 0.00047046130298962474, "pct_route_boardings": 0.0065115471436013195, "latitude": 44.48595, "longitude": -73.21402 }, "geometry": { "type": "Point", "coordinates": [ -73.21402, 44.48595 ] } },
{ "type": "Feature", "properties": { "year": 2026.0, "month": "April", "route": 9.0, "stop_id": "805643", "stop_name": "Elmwood Avenue at North Street", "total_boardings": 40, "pct_total_boardings": 0.00025091269492779987, "pct_route_boardings": 0.0034728251432540372, "latitude": 44.484847, "longitude": -73.213943 }, "geometry": { "type": "Point", "coordinates": [ -73.213943, 44.484847 ] } },
{ "type": "Feature", "properties": { "year": 2026.0, "month": "April", "route": 9.0, "stop_id": "805644", "stop_name": "Elmwood Avenue at Allen Street", "total_boardings": 6, "pct_total_boardings": 3.7636904239169981e-05, "pct_route_boardings": 0.00052092377148810556, "latitude": 44.483791587177642, "longitude": -73.213883867882998 }, "geometry": { "type": "Point", "coordinates": [ -73.213883867882998, 44.483791587177642 ] } },
{ "type": "Feature", "properties": { "year": 2026.0, "month": "April", "route": 9.0, "stop_id": "805645", "stop_name": "Grant Street at Clarke Street", "total_boardings": 16, "pct_total_boardings": 0.00010036507797111995, "pct_route_boardings": 0.0013891300573016148, "latitude": 44.4822, "longitude": -73.21252 }, "geometry": { "type": "Point", "coordinates": [ -73.21252, 44.4822 ] } },
{ "type": "Feature", "properties": { "year": 2026.0, "month": "April", "route": 9.0, "stop_id": "805763", "stop_name": "Winooski Falls/Champlain Mill", "total_boardings": 195, "pct_total_boardings": 0.0012231993877730243, "pct_route_boardings": 0.016930022573363433, "latitude": 44.49022, "longitude": -73.18437 }, "geometry": { "type": "Point", "coordinates": [ -73.18437, 44.49022 ] } },
{ "type": "Feature", "properties": { "year": 2026.0, "month": "April", "route": 9.0, "stop_id": "805819", "stop_name": "Spinner Place/ Champlain Mill", "total_boardings": 1013, "pct_total_boardings": 0.0063543639990465322, "pct_route_boardings": 0.087949296752908496, "latitude": 44.490307565759402, "longitude": -73.184893183145903 }, "geometry": { "type": "Point", "coordinates": [ -73.184893183145903, 44.490307565759402 ] } },
{ "type": "Feature", "properties": { "year": 2026.0, "month": "April", "route": 9.0, "stop_id": "805874", "stop_name": "Riverside Avenue at Hillside Terrace", "total_boardings": 39, "pct_total_boardings": 0.00024463987755460488, "pct_route_boardings": 0.0033860045146726862, "latitude": 44.48778622, "longitude": -73.19634542 }, "geometry": { "type": "Point", "coordinates": [ -73.19634542, 44.48778622 ] } },
{ "type": "Feature", "properties": { "year": 2026.0, "month": "April", "route": 9.0, "stop_id": "805958", "stop_name": "Elmwood Avenue at Cedar Street", "total_boardings": 65, "pct_total_boardings": 0.00040773312925767479, "pct_route_boardings": 0.0056433408577878106, "latitude": 44.48587, "longitude": -73.21387 }, "geometry": { "type": "Point", "coordinates": [ -73.21387, 44.48587 ] } },
{ "type": "Feature", "properties": { "year": 2026.0, "month": "April", "route": 9.0, "stop_id": "805987", "stop_name": "Riverside Avenue at Opposite Barrett Street", "total_boardings": 113, "pct_total_boardings": 0.00070882836317103469, "pct_route_boardings": 0.0098107310296926542, "latitude": 44.487832, "longitude": -73.187295 }, "geometry": { "type": "Point", "coordinates": [ -73.187295, 44.487832 ] } },
{ "type": "Feature", "properties": { "year": 2026.0, "month": "April", "route": 9.0, "stop_id": "805988", "stop_name": "Intervale Avenue at Archibald", "total_boardings": 68, "pct_total_boardings": 0.00042655158137725976, "pct_route_boardings": 0.0059038027435318633, "latitude": 44.487946, "longitude": -73.211161 }, "geometry": { "type": "Point", "coordinates": [ -73.211161, 44.487946 ] } },
{ "type": "Feature", "properties": { "year": 2026.0, "month": "April", "route": 9.0, "stop_id": "805989", "stop_name": "Courtyard", "total_boardings": 79, "pct_total_boardings": 0.0004955525724824047, "pct_route_boardings": 0.006858829657926723, "latitude": 44.4927114, "longitude": -73.181172 }, "geometry": { "type": "Point", "coordinates": [ -73.181172, 44.4927114 ] } },
{ "type": "Feature", "properties": { "year": 2026.0, "month": "April", "route": 9.0, "stop_id": "805990", "stop_name": "Weaver Street at St. Peter Street", "total_boardings": 29, "pct_total_boardings": 0.0001819117038226549, "pct_route_boardings": 0.0025177982288591767, "latitude": 44.4963640829017, "longitude": -73.187071517359897 }, "geometry": { "type": "Point", "coordinates": [ -73.187071517359897, 44.4963640829017 ] } },
{ "type": "Feature", "properties": { "year": 2026.0, "month": "April", "route": 9.0, "stop_id": "805991", "stop_name": "Mallets Bay Avenue at St. Peter Street", "total_boardings": 69, "pct_total_boardings": 0.0004328243987504548, "pct_route_boardings": 0.005990623372113214, "latitude": 44.49613, "longitude": -73.19353 }, "geometry": { "type": "Point", "coordinates": [ -73.19353, 44.49613 ] } },
{ "type": "Feature", "properties": { "year": 2026.0, "month": "April", "route": 9.0, "stop_id": "805992", "stop_name": "Elmwood Avenue at North Street", "total_boardings": 192, "pct_total_boardings": 0.0012043809356534394, "pct_route_boardings": 0.016669560687619378, "latitude": 44.48458, "longitude": -73.2138 }, "geometry": { "type": "Point", "coordinates": [ -73.2138, 44.48458 ] } },
{ "type": "Feature", "properties": { "year": 2026.0, "month": "April", "route": 9.0, "stop_id": "806000", "stop_name": "Riverside Avenue at Opposite #236", "total_boardings": 336, "pct_total_boardings": 0.0021076666373935188, "pct_route_boardings": 0.029171731203333912, "latitude": 44.48669, "longitude": -73.192724 }, "geometry": { "type": "Point", "coordinates": [ -73.192724, 44.48669 ] } },
{ "type": "Feature", "properties": { "year": 2026.0, "month": "April", "route": 9.0, "stop_id": "806004", "stop_name": "Riverside Avenue at Hillside Terrace", "total_boardings": 271, "pct_total_boardings": 0.0016999335081358442, "pct_route_boardings": 0.023528390345546102, "latitude": 44.48790773, "longitude": -73.19620594 }, "geometry": { "type": "Point", "coordinates": [ -73.19620594, 44.48790773 ] } },
{ "type": "Feature", "properties": { "year": 2026.0, "month": "April", "route": 9.0, "stop_id": "806015", "stop_name": "83 Barlow Street", "total_boardings": 159, "pct_total_boardings": 0.00099737796233800445, "pct_route_boardings": 0.013804479944434797, "latitude": 44.492849650063199, "longitude": -73.18398111017882 }, "geometry": { "type": "Point", "coordinates": [ -73.18398111017882, 44.492849650063199 ] } },
{ "type": "Feature", "properties": { "year": 2026.0, "month": "April", "route": 9.0, "stop_id": "806016", "stop_name": "Riverside Avenue at Opposite Bright Street", "total_boardings": 296, "pct_total_boardings": 0.001856753942465719, "pct_route_boardings": 0.025698906060079876, "latitude": 44.489529, "longitude": -73.208705 }, "geometry": { "type": "Point", "coordinates": [ -73.208705, 44.489529 ] } },
{ "type": "Feature", "properties": { "year": 2026.0, "month": "April", "route": 9.0, "stop_id": "806068", "stop_name": "Abenaki Way at Opposite CCV", "total_boardings": 6, "pct_total_boardings": 3.7636904239169981e-05, "pct_route_boardings": 0.00052092377148810556, "latitude": 44.490575542884017, "longitude": -73.182068265415651 }, "geometry": { "type": "Point", "coordinates": [ -73.182068265415651, 44.490575542884017 ] } },
{ "type": "Feature", "properties": { "year": 2026.0, "month": "April", "route": 9.0, "stop_id": "806150", "stop_name": "Hickock St at River Street (Chick's Market)", "total_boardings": 188, "pct_total_boardings": 0.0011792896661606594, "pct_route_boardings": 0.016322278173293975, "latitude": 44.493262, "longitude": -73.192766 }, "geometry": { "type": "Point", "coordinates": [ -73.192766, 44.493262 ] } },
{ "type": "Feature", "properties": { "year": 2026.0, "month": "April", "route": 11.0, "stop_id": "2562322", "stop_name": "Downtown Transit Center", "total_boardings": 2726, "pct_total_boardings": 0.017099700159329562, "pct_route_boardings": 0.20775855498818688, "latitude": 44.479731, "longitude": -73.214298 }, "geometry": { "type": "Point", "coordinates": [ -73.214298, 44.479731 ] } },
{ "type": "Feature", "properties": { "year": 2026.0, "month": "April", "route": 11.0, "stop_id": "4255578", "stop_name": "South Burlington City Center", "total_boardings": 555, "pct_total_boardings": 0.0034814136421232231, "pct_route_boardings": 0.042298605289231003, "latitude": 44.465916, "longitude": -73.178304 }, "geometry": { "type": "Point", "coordinates": [ -73.178304, 44.465916 ] } },
{ "type": "Feature", "properties": { "year": 2026.0, "month": "April", "route": 11.0, "stop_id": "4255596", "stop_name": "Hinesburg Road at Prouty Parkway", "total_boardings": 44, "pct_total_boardings": 0.00027600396442057983, "pct_route_boardings": 0.0033534029418489444, "latitude": 44.457897, "longitude": -73.169572 }, "geometry": { "type": "Point", "coordinates": [ -73.169572, 44.457897 ] } },
{ "type": "Feature", "properties": { "year": 2026.0, "month": "April", "route": 11.0, "stop_id": "4255597", "stop_name": "Hinesburg Road at Wright Court", "total_boardings": 35, "pct_total_boardings": 0.0002195486080618249, "pct_route_boardings": 0.0026674796128343878, "latitude": 44.459664, "longitude": -73.169867 }, "geometry": { "type": "Point", "coordinates": [ -73.169867, 44.459664 ] } },
{ "type": "Feature", "properties": { "year": 2026.0, "month": "April", "route": 11.0, "stop_id": "4255599", "stop_name": "Hinesburg Road at Opposite Iby Street", "total_boardings": 39, "pct_total_boardings": 0.00024463987755460488, "pct_route_boardings": 0.0029723344257297462, "latitude": 44.462676, "longitude": -73.170423 }, "geometry": { "type": "Point", "coordinates": [ -73.170423, 44.462676 ] } },
{ "type": "Feature", "properties": { "year": 2026.0, "month": "April", "route": 11.0, "stop_id": "4255600", "stop_name": "Market Street at Garden Street", "total_boardings": 920, "pct_total_boardings": 0.0057709919833393974, "pct_route_boardings": 0.070116606965932471, "latitude": 44.464424, "longitude": -73.175618 }, "geometry": { "type": "Point", "coordinates": [ -73.175618, 44.464424 ] } },
{ "type": "Feature", "properties": { "year": 2026.0, "month": "April", "route": 11.0, "stop_id": "4255601", "stop_name": "Market Street at Hinesburg Road", "total_boardings": 129, "pct_total_boardings": 0.00080919344114215453, "pct_route_boardings": 0.009831567715875315, "latitude": 44.46339, "longitude": -73.172066 }, "geometry": { "type": "Point", "coordinates": [ -73.172066, 44.46339 ] } },
{ "type": "Feature", "properties": { "year": 2026.0, "month": "April", "route": 11.0, "stop_id": "4255703", "stop_name": "620 Hinesburg Rd", "total_boardings": 83, "pct_total_boardings": 0.00052064384197518477, "pct_route_boardings": 0.0063257373675786903, "latitude": 44.454911, "longitude": -73.165713 }, "geometry": { "type": "Point", "coordinates": [ -73.165713, 44.454911 ] } },
{ "type": "Feature", "properties": { "year": 2026.0, "month": "April", "route": 11.0, "stop_id": "805484", "stop_name": "S. Winooski Avenue at Bank Street", "total_boardings": 688, "pct_total_boardings": 0.0043156983527581575, "pct_route_boardings": 0.052435027818001675, "latitude": 44.478387, "longitude": -73.211225 }, "geometry": { "type": "Point", "coordinates": [ -73.211225, 44.478387 ] } },
{ "type": "Feature", "properties": { "year": 2026.0, "month": "April", "route": 11.0, "stop_id": "805485", "stop_name": "Main Street at S. Winooski", "total_boardings": 590, "pct_total_boardings": 0.0037009622501850479, "pct_route_boardings": 0.044966084902065391, "latitude": 44.475929, "longitude": -73.21056 }, "geometry": { "type": "Point", "coordinates": [ -73.21056, 44.475929 ] } },
{ "type": "Feature", "properties": { "year": 2026.0, "month": "April", "route": 11.0, "stop_id": "805486", "stop_name": "Main Street at S. Union Street", "total_boardings": 603, "pct_total_boardings": 0.0037825088760365831, "pct_route_boardings": 0.04595686304397531, "latitude": 44.47603, "longitude": -73.20863 }, "geometry": { "type": "Point", "coordinates": [ -73.20863, 44.47603 ] } },
{ "type": "Feature", "properties": { "year": 2026.0, "month": "April", "route": 11.0, "stop_id": "805487", "stop_name": "Main Street at S. Willard Street", "total_boardings": 291, "pct_total_boardings": 0.001825389855599744, "pct_route_boardings": 0.022178187638137337, "latitude": 44.476129, "longitude": -73.205639 }, "geometry": { "type": "Point", "coordinates": [ -73.205639, 44.476129 ] } },
{ "type": "Feature", "properties": { "year": 2026.0, "month": "April", "route": 11.0, "stop_id": "805488", "stop_name": "Main Street at S. Prospect Street", "total_boardings": 152, "pct_total_boardings": 0.00095346824072563947, "pct_route_boardings": 0.011584482890023626, "latitude": 44.476288, "longitude": -73.200853 }, "geometry": { "type": "Point", "coordinates": [ -73.200853, 44.476288 ] } },
{ "type": "Feature", "properties": { "year": 2026.0, "month": "April", "route": 11.0, "stop_id": "805490", "stop_name": "University Heights", "total_boardings": 1997, "pct_total_boardings": 0.012526816294270408, "pct_route_boardings": 0.15219876533800777, "latitude": 44.47443, "longitude": -73.19472 }, "geometry": { "type": "Point", "coordinates": [ -73.19472, 44.47443 ] } },
{ "type": "Feature", "properties": { "year": 2026.0, "month": "April", "route": 11.0, "stop_id": "805492", "stop_name": "Dorset Street at Peoples United Bank", "total_boardings": 84, "pct_total_boardings": 0.00052691665934837971, "pct_route_boardings": 0.00640195107080253, "latitude": 44.46717, "longitude": -73.18152 }, "geometry": { "type": "Point", "coordinates": [ -73.18152, 44.46717 ] } },
{ "type": "Feature", "properties": { "year": 2026.0, "month": "April", "route": 11.0, "stop_id": "805495", "stop_name": "Dorset Street at The Pines", "total_boardings": 158, "pct_total_boardings": 0.00099110514496480941, "pct_route_boardings": 0.012041765109366664, "latitude": 44.457633283199272, "longitude": -73.179792740096786 }, "geometry": { "type": "Point", "coordinates": [ -73.179792740096786, 44.457633283199272 ] } },
{ "type": "Feature", "properties": { "year": 2026.0, "month": "April", "route": 11.0, "stop_id": "805496", "stop_name": "Dorset Street at Fire Station", "total_boardings": 121, "pct_total_boardings": 0.00075901090215659461, "pct_route_boardings": 0.0092218580900845972, "latitude": 44.454692892372208, "longitude": -73.179299893836401 }, "geometry": { "type": "Point", "coordinates": [ -73.179299893836401, 44.454692892372208 ] } },
{ "type": "Feature", "properties": { "year": 2026.0, "month": "April", "route": 11.0, "stop_id": "805497", "stop_name": "Kennedy Drive at Dorset Street", "total_boardings": 23, "pct_total_boardings": 0.00014427479958348493, "pct_route_boardings": 0.0017529151741483119, "latitude": 44.452867, "longitude": -73.177547 }, "geometry": { "type": "Point", "coordinates": [ -73.177547, 44.452867 ] } },
{ "type": "Feature", "properties": { "year": 2026.0, "month": "April", "route": 11.0, "stop_id": "805498", "stop_name": "Kennedy Drive at Twin Oaks Terrace", "total_boardings": 25, "pct_total_boardings": 0.00015682043432987491, "pct_route_boardings": 0.0019053425805959912, "latitude": 44.453148026331554, "longitude": -73.173946428169529 }, "geometry": { "type": "Point", "coordinates": [ -73.173946428169529, 44.453148026331554 ] } },
{ "type": "Feature", "properties": { "year": 2026.0, "month": "April", "route": 11.0, "stop_id": "805499", "stop_name": "Kennedy Drive at Timber Lane", "total_boardings": 476, "pct_total_boardings": 0.0029858610696408185, "pct_route_boardings": 0.036277722734547671, "latitude": 44.453916068790797, "longitude": -73.166720670860201 }, "geometry": { "type": "Point", "coordinates": [ -73.166720670860201, 44.453916068790797 ] } },
{ "type": "Feature", "properties": { "year": 2026.0, "month": "April", "route": 11.0, "stop_id": "805529", "stop_name": "Dorset Street at Barnes & Noble", "total_boardings": 1371, "pct_total_boardings": 0.0086000326186503398, "pct_route_boardings": 0.10448898711988415, "latitude": 44.466905, "longitude": -73.181203 }, "geometry": { "type": "Point", "coordinates": [ -73.181203, 44.466905 ] } },
{ "type": "Feature", "properties": { "year": 2026.0, "month": "April", "route": 11.0, "stop_id": "805530", "stop_name": "Williston Road at Sheraton Hotel", "total_boardings": 151, "pct_total_boardings": 0.00094719542335244453, "pct_route_boardings": 0.011508269186799787, "latitude": 44.471703, "longitude": -73.188163 }, "geometry": { "type": "Point", "coordinates": [ -73.188163, 44.471703 ] } },
{ "type": "Feature", "properties": { "year": 2026.0, "month": "April", "route": 11.0, "stop_id": "805531", "stop_name": "University Heights", "total_boardings": 1172, "pct_total_boardings": 0.0073517419613845364, "pct_route_boardings": 0.089322460178340071, "latitude": 44.474604, "longitude": -73.194513 }, "geometry": { "type": "Point", "coordinates": [ -73.194513, 44.474604 ] } },
{ "type": "Feature", "properties": { "year": 2026.0, "month": "April", "route": 11.0, "stop_id": "805533", "stop_name": "Main Street at S. Willard Street", "total_boardings": 71, "pct_total_boardings": 0.00044537003349684478, "pct_route_boardings": 0.0054111729288926153, "latitude": 44.47623, "longitude": -73.205 }, "geometry": { "type": "Point", "coordinates": [ -73.205, 44.47623 ] } },
{ "type": "Feature", "properties": { "year": 2026.0, "month": "April", "route": 11.0, "stop_id": "805534", "stop_name": "Main Street at S Union Street", "total_boardings": 22, "pct_total_boardings": 0.00013800198221028992, "pct_route_boardings": 0.0016767014709244722, "latitude": 44.47612, "longitude": -73.20933 }, "geometry": { "type": "Point", "coordinates": [ -73.20933, 44.47612 ] } },
{ "type": "Feature", "properties": { "year": 2026.0, "month": "April", "route": 11.0, "stop_id": "805535", "stop_name": "Main Street at Church Street", "total_boardings": 22, "pct_total_boardings": 0.00013800198221028992, "pct_route_boardings": 0.0016767014709244722, "latitude": 44.47602, "longitude": -73.21237 }, "geometry": { "type": "Point", "coordinates": [ -73.21237, 44.47602 ] } },
{ "type": "Feature", "properties": { "year": 2026.0, "month": "April", "route": 11.0, "stop_id": "805536", "stop_name": "Main Street at Pine Street", "total_boardings": 26, "pct_total_boardings": 0.0001630932517030699, "pct_route_boardings": 0.0019815562838198307, "latitude": 44.47588, "longitude": -73.2159 }, "geometry": { "type": "Point", "coordinates": [ -73.2159, 44.47588 ] } },
{ "type": "Feature", "properties": { "year": 2026.0, "month": "April", "route": 11.0, "stop_id": "805537", "stop_name": "Battery Street at College Street", "total_boardings": 22, "pct_total_boardings": 0.00013800198221028992, "pct_route_boardings": 0.0016767014709244722, "latitude": 44.4766, "longitude": -73.21867 }, "geometry": { "type": "Point", "coordinates": [ -73.21867, 44.4766 ] } },
{ "type": "Feature", "properties": { "year": 2026.0, "month": "April", "route": 11.0, "stop_id": "805538", "stop_name": "Battery Street at Cherry Street", "total_boardings": 5, "pct_total_boardings": 3.1364086865974984e-05, "pct_route_boardings": 0.00038106851611919825, "latitude": 44.478999736300089, "longitude": -73.218831904062654 }, "geometry": { "type": "Point", "coordinates": [ -73.218831904062654, 44.478999736300089 ] } },
{ "type": "Feature", "properties": { "year": 2026.0, "month": "April", "route": 11.0, "stop_id": "805867", "stop_name": "Main Street at Summit Street", "total_boardings": 143, "pct_total_boardings": 0.0008970128843668845, "pct_route_boardings": 0.010898559561009069, "latitude": 44.476202649592501, "longitude": -73.202512518651602 }, "geometry": { "type": "Point", "coordinates": [ -73.202512518651602, 44.476202649592501 ] } },
{ "type": "Feature", "properties": { "year": 2026.0, "month": "April", "route": 11.0, "stop_id": "805869", "stop_name": "Dorset Street at Town Square Drive", "total_boardings": 110, "pct_total_boardings": 0.00069000991105144967, "pct_route_boardings": 0.0083835073546223611, "latitude": 44.456766673169497, "longitude": -73.179657021310007 }, "geometry": { "type": "Point", "coordinates": [ -73.179657021310007, 44.456766673169497 ] } },
{ "type": "Feature", "properties": { "year": 2026.0, "month": "April", "route": 11.0, "stop_id": "805925", "stop_name": "College Street at S Winooski Avenue", "total_boardings": 79, "pct_total_boardings": 0.0004955525724824047, "pct_route_boardings": 0.0060208825546833322, "latitude": 44.477089, "longitude": -73.211186 }, "geometry": { "type": "Point", "coordinates": [ -73.211186, 44.477089 ] } },
{ "type": "Feature", "properties": { "year": 2026.0, "month": "April", "route": 11.0, "stop_id": "805946", "stop_name": "Williston Road at Staples Plaza", "total_boardings": 68, "pct_total_boardings": 0.00042655158137725976, "pct_route_boardings": 0.0051825318192210961, "latitude": 44.471708, "longitude": -73.188722 }, "geometry": { "type": "Point", "coordinates": [ -73.188722, 44.471708 ] } },
{ "type": "Feature", "properties": { "year": 2026.0, "month": "April", "route": 11.0, "stop_id": "806178", "stop_name": "Dorset Street at Opposite Garden Street", "total_boardings": 120, "pct_total_boardings": 0.00075273808478339957, "pct_route_boardings": 0.0091456443868607584, "latitude": 44.463505, "longitude": -73.180857 }, "geometry": { "type": "Point", "coordinates": [ -73.180857, 44.463505 ] } },
{ "type": "Feature", "properties": { "year": 2026.0, "month": "April", "route": 16.0, "stop_id": "4255578", "stop_name": "South Burlington City Center", "total_boardings": 7, "pct_total_boardings": 4.3909721612364978e-05, "pct_route_boardings": 0.068627450980392163, "latitude": 44.465916, "longitude": -73.178304 }, "geometry": { "type": "Point", "coordinates": [ -73.178304, 44.465916 ] } },
{ "type": "Feature", "properties": { "year": 2026.0, "month": "April", "route": 16.0, "stop_id": "805495", "stop_name": "Dorset Street at The Pines", "total_boardings": 56, "pct_total_boardings": 0.00035127777289891982, "pct_route_boardings": 0.5490196078431373, "latitude": 44.457633283199272, "longitude": -73.179792740096786 }, "geometry": { "type": "Point", "coordinates": [ -73.179792740096786, 44.457633283199272 ] } },
{ "type": "Feature", "properties": { "year": 2026.0, "month": "April", "route": 16.0, "stop_id": "805948", "stop_name": "Country Park", "total_boardings": 39, "pct_total_boardings": 0.00024463987755460488, "pct_route_boardings": 0.38235294117647056, "latitude": 44.453053856494307, "longitude": -73.163151719347468 }, "geometry": { "type": "Point", "coordinates": [ -73.163151719347468, 44.453053856494307 ] } },
{ "type": "Feature", "properties": { "year": 2026.0, "month": "April", "route": 19.0, "stop_id": "4259993", "stop_name": "10 North Champlain Street", "total_boardings": 23, "pct_total_boardings": 0.00014427479958348493, "pct_route_boardings": 0.12849162011173185, "latitude": 44.480657, "longitude": -73.217354 }, "geometry": { "type": "Point", "coordinates": [ -73.217354, 44.480657 ] } },
{ "type": "Feature", "properties": { "year": 2026.0, "month": "April", "route": 19.0, "stop_id": "805747", "stop_name": "230 St Paul Street", "total_boardings": 52, "pct_total_boardings": 0.00032618650340613981, "pct_route_boardings": 0.29050279329608941, "latitude": 44.472639, "longitude": -73.213734 }, "geometry": { "type": "Point", "coordinates": [ -73.213734, 44.472639 ] } },
{ "type": "Feature", "properties": { "year": 2026.0, "month": "April", "route": 19.0, "stop_id": "806003", "stop_name": "College Street at Pine Street", "total_boardings": 64, "pct_total_boardings": 0.0004014603118844798, "pct_route_boardings": 0.35754189944134079, "latitude": 44.476926993503298, "longitude": -73.2158524026283 }, "geometry": { "type": "Point", "coordinates": [ -73.2158524026283, 44.476926993503298 ] } },
{ "type": "Feature", "properties": { "year": 2026.0, "month": "April", "route": 19.0, "stop_id": "806009", "stop_name": "Heineberg Housing", "total_boardings": 2, "pct_total_boardings": 1.2545634746389994e-05, "pct_route_boardings": 0.0111731843575419, "latitude": 44.5107483, "longitude": -73.246847 }, "geometry": { "type": "Point", "coordinates": [ -73.246847, 44.5107483 ] } },
{ "type": "Feature", "properties": { "year": 2026.0, "month": "April", "route": 19.0, "stop_id": "806065", "stop_name": "3 Cathedral Square", "total_boardings": 25, "pct_total_boardings": 0.00015682043432987491, "pct_route_boardings": 0.13966480446927373, "latitude": 44.4794974, "longitude": -73.217846 }, "geometry": { "type": "Point", "coordinates": [ -73.217846, 44.4794974 ] } },
{ "type": "Feature", "properties": { "year": 2026.0, "month": "April", "route": 19.0, "stop_id": "815361", "stop_name": "Thayer Housing", "total_boardings": 13, "pct_total_boardings": 8.1546625851534952e-05, "pct_route_boardings": 0.072625698324022353, "latitude": 44.507586183650318, "longitude": -73.247246125760228 }, "geometry": { "type": "Point", "coordinates": [ -73.247246125760228, 44.507586183650318 ] } },
{ "type": "Feature", "properties": { "year": 2026.0, "month": "April", "route": 20.0, "stop_id": "805624", "stop_name": "E Spring Street at Spring Garden", "total_boardings": 9, "pct_total_boardings": 5.6455356358754972e-05, "pct_route_boardings": 0.059602649006622516, "latitude": 44.494627083702397, "longitude": -73.185111625456599 }, "geometry": { "type": "Point", "coordinates": [ -73.185111625456599, 44.494627083702397 ] } },
{ "type": "Feature", "properties": { "year": 2026.0, "month": "April", "route": 20.0, "stop_id": "805989", "stop_name": "Courtyard", "total_boardings": 47, "pct_total_boardings": 0.00029482241654016486, "pct_route_boardings": 0.31125827814569534, "latitude": 44.4927114, "longitude": -73.181172 }, "geometry": { "type": "Point", "coordinates": [ -73.181172, 44.4927114 ] } },
{ "type": "Feature", "properties": { "year": 2026.0, "month": "April", "route": 20.0, "stop_id": "806015", "stop_name": "83 Barlow Street", "total_boardings": 37, "pct_total_boardings": 0.00023209424280821488, "pct_route_boardings": 0.24503311258278146, "latitude": 44.492849650063199, "longitude": -73.18398111017882 }, "geometry": { "type": "Point", "coordinates": [ -73.18398111017882, 44.492849650063199 ] } },
{ "type": "Feature", "properties": { "year": 2026.0, "month": "April", "route": 20.0, "stop_id": "806029", "stop_name": "Fern Hill", "total_boardings": 31, "pct_total_boardings": 0.00019445733856904491, "pct_route_boardings": 0.20529801324503311, "latitude": 44.48710922696219, "longitude": -73.200809387731567 }, "geometry": { "type": "Point", "coordinates": [ -73.200809387731567, 44.48710922696219 ] } },
{ "type": "Feature", "properties": { "year": 2026.0, "month": "April", "route": 20.0, "stop_id": "806030", "stop_name": "McAuley Square", "total_boardings": 27, "pct_total_boardings": 0.00016936606907626492, "pct_route_boardings": 0.17880794701986755, "latitude": 44.48485932111906, "longitude": -73.197974635582 }, "geometry": { "type": "Point", "coordinates": [ -73.197974635582, 44.48485932111906 ] } },
{ "type": "Feature", "properties": { "year": 2026.0, "month": "April", "route": 21.0, "stop_id": "2562322", "stop_name": "Downtown Transit Center", "total_boardings": 5, "pct_total_boardings": 3.1364086865974984e-05, "pct_route_boardings": 0.00098561009264734861, "latitude": 44.479731, "longitude": -73.214298 }, "geometry": { "type": "Point", "coordinates": [ -73.214298, 44.479731 ] } },
{ "type": "Feature", "properties": { "year": 2026.0, "month": "April", "route": 21.0, "stop_id": "4247351", "stop_name": "Opposite Boys & Girls Club", "total_boardings": 362, "pct_total_boardings": 0.0022707598890965887, "pct_route_boardings": 0.071358170707668048, "latitude": 44.489718578559803, "longitude": -73.2111712459659 }, "geometry": { "type": "Point", "coordinates": [ -73.2111712459659, 44.489718578559803 ] } },
{ "type": "Feature", "properties": { "year": 2026.0, "month": "April", "route": 21.0, "stop_id": "4258661", "stop_name": "Austin Drive at Ledgewood Circle", "total_boardings": 32, "pct_total_boardings": 0.0002007301559422399, "pct_route_boardings": 0.0063079045929430319, "latitude": 44.451498, "longitude": -73.221579 }, "geometry": { "type": "Point", "coordinates": [ -73.221579, 44.451498 ] } },
{ "type": "Feature", "properties": { "year": 2026.0, "month": "April", "route": 21.0, "stop_id": "4258662", "stop_name": "South Cove Road at Austin Drive", "total_boardings": 16, "pct_total_boardings": 0.00010036507797111995, "pct_route_boardings": 0.003153952296471516, "latitude": 44.451304, "longitude": -73.228474 }, "geometry": { "type": "Point", "coordinates": [ -73.228474, 44.451304 ] } },
{ "type": "Feature", "properties": { "year": 2026.0, "month": "April", "route": 21.0, "stop_id": "805734", "stop_name": "Green Mountain Transit Office", "total_boardings": 5, "pct_total_boardings": 3.1364086865974984e-05, "pct_route_boardings": 0.00098561009264734861, "latitude": 44.450385, "longitude": -73.219485 }, "geometry": { "type": "Point", "coordinates": [ -73.219485, 44.450385 ] } },
{ "type": "Feature", "properties": { "year": 2026.0, "month": "April", "route": 21.0, "stop_id": "805739", "stop_name": "Champlain School (Pine Street)", "total_boardings": 686, "pct_total_boardings": 0.0043031527180117674, "pct_route_boardings": 0.13522570471121625, "latitude": 44.456953744271289, "longitude": -73.214221960164764 }, "geometry": { "type": "Point", "coordinates": [ -73.214221960164764, 44.456953744271289 ] } },
{ "type": "Feature", "properties": { "year": 2026.0, "month": "April", "route": 21.0, "stop_id": "805742", "stop_name": "Lakeside Community", "total_boardings": 93, "pct_total_boardings": 0.00058337201570713467, "pct_route_boardings": 0.018332347723240685, "latitude": 44.46027, "longitude": -73.22083 }, "geometry": { "type": "Point", "coordinates": [ -73.22083, 44.46027 ] } },
{ "type": "Feature", "properties": { "year": 2026.0, "month": "April", "route": 21.0, "stop_id": "805761", "stop_name": "Colchester Avenue at Chase Street", "total_boardings": 208, "pct_total_boardings": 0.0013047460136245592, "pct_route_boardings": 0.041001379854129709, "latitude": 44.486436, "longitude": -73.186976 }, "geometry": { "type": "Point", "coordinates": [ -73.186976, 44.486436 ] } },
{ "type": "Feature", "properties": { "year": 2026.0, "month": "April", "route": 21.0, "stop_id": "815404", "stop_name": "Edmunds", "total_boardings": 1818, "pct_total_boardings": 0.011403981984468504, "pct_route_boardings": 0.35836782968657599, "latitude": 44.475857265390026, "longitude": -73.207563045196366 }, "geometry": { "type": "Point", "coordinates": [ -73.207563045196366, 44.475857265390026 ] } },
{ "type": "Feature", "properties": { "year": 2026.0, "month": "April", "route": 21.0, "stop_id": "815405", "stop_name": "North Ave. at Woodbury (Hunt School)", "total_boardings": 451, "pct_total_boardings": 0.0028290406353109437, "pct_route_boardings": 0.088902030356790854, "latitude": 44.5118223, "longitude": -73.2513535 }, "geometry": { "type": "Point", "coordinates": [ -73.2513535, 44.5118223 ] } },
{ "type": "Feature", "properties": { "year": 2026.0, "month": "April", "route": 21.0, "stop_id": "815406", "stop_name": "HO Wheeler", "total_boardings": 310, "pct_total_boardings": 0.001944573385690449, "pct_route_boardings": 0.061107825744135619, "latitude": 44.487746190080578, "longitude": -73.213888839155175 }, "geometry": { "type": "Point", "coordinates": [ -73.213888839155175, 44.487746190080578 ] } },
{ "type": "Feature", "properties": { "year": 2026.0, "month": "April", "route": 21.0, "stop_id": "815407", "stop_name": "CP Smith Elementary School", "total_boardings": 134, "pct_total_boardings": 0.00084055752800812954, "pct_route_boardings": 0.026414350482948944, "latitude": 44.512599963419312, "longitude": -73.242036893569093 }, "geometry": { "type": "Point", "coordinates": [ -73.242036893569093, 44.512599963419312 ] } },
{ "type": "Feature", "properties": { "year": 2026.0, "month": "April", "route": 21.0, "stop_id": "815412", "stop_name": "Raymond Pl", "total_boardings": 682, "pct_total_boardings": 0.0042780614485189881, "pct_route_boardings": 0.13443721663709837, "latitude": 44.450168213506878, "longitude": -73.213042968665036 }, "geometry": { "type": "Point", "coordinates": [ -73.213042968665036, 44.450168213506878 ] } },
{ "type": "Feature", "properties": { "year": 2026.0, "month": "April", "route": 21.0, "stop_id": "849122", "stop_name": "King Street at Pine Street", "total_boardings": 145, "pct_total_boardings": 0.00090955851911327448, "pct_route_boardings": 0.028582692686773114, "latitude": 44.474627262778469, "longitude": -73.215150119171767 }, "geometry": { "type": "Point", "coordinates": [ -73.215150119171767, 44.474627262778469 ] } },
{ "type": "Feature", "properties": { "year": 2026.0, "month": "April", "route": 21.0, "stop_id": "849473", "stop_name": "Flynn School Circle", "total_boardings": 126, "pct_total_boardings": 0.00079037498902256962, "pct_route_boardings": 0.024837374334713187, "latitude": 44.517348114470991, "longitude": -73.259615134172691 }, "geometry": { "type": "Point", "coordinates": [ -73.259615134172691, 44.517348114470991 ] } },
{ "type": "Feature", "properties": { "year": 2026.0, "month": "April", "route": 83.0, "stop_id": "806200", "stop_name": "Route 2 at Lague Drive", "total_boardings": 3, "pct_total_boardings": 1.8818452119584991e-05, "pct_route_boardings": 0.75, "latitude": 44.25928, "longitude": -72.60898 }, "geometry": { "type": "Point", "coordinates": [ -72.60898, 44.25928 ] } },
{ "type": "Feature", "properties": { "year": 2026.0, "month": "April", "route": 83.0, "stop_id": "806203", "stop_name": "Route 2 at Opposite Route 100", "total_boardings": 1, "pct_total_boardings": 6.2728173731949969e-06, "pct_route_boardings": 0.25, "latitude": 44.325928, "longitude": -72.744883 }, "geometry": { "type": "Point", "coordinates": [ -72.744883, 44.325928 ] } },
{ "type": "Feature", "properties": { "year": 2026.0, "month": "April", "route": 86.0, "stop_id": "2387294", "stop_name": "Waterbury State Complex", "total_boardings": 52, "pct_total_boardings": 0.00032618650340613981, "pct_route_boardings": 0.017502524402558062, "latitude": 44.331774, "longitude": -72.754829 }, "geometry": { "type": "Point", "coordinates": [ -72.754829, 44.331774 ] } },
{ "type": "Feature", "properties": { "year": 2026.0, "month": "April", "route": 86.0, "stop_id": "2562322", "stop_name": "Downtown Transit Center", "total_boardings": 500, "pct_total_boardings": 0.0031364086865974983, "pct_route_boardings": 0.16829350387075059, "latitude": 44.479731, "longitude": -73.214298 }, "geometry": { "type": "Point", "coordinates": [ -73.214298, 44.479731 ] } },
{ "type": "Feature", "properties": { "year": 2026.0, "month": "April", "route": 86.0, "stop_id": "2574444", "stop_name": "Montpelier Transit Center", "total_boardings": 671, "pct_total_boardings": 0.0042090604574138426, "pct_route_boardings": 0.2258498821945473, "latitude": 44.2600159183554, "longitude": -72.579695735311304 }, "geometry": { "type": "Point", "coordinates": [ -72.579695735311304, 44.2600159183554 ] } },
{ "type": "Feature", "properties": { "year": 2026.0, "month": "April", "route": 86.0, "stop_id": "4212452", "stop_name": "Williston Park & Ride", "total_boardings": 42, "pct_total_boardings": 0.00026345832967418985, "pct_route_boardings": 0.01413665432514305, "latitude": 44.4382869455902, "longitude": -73.117666280292497 }, "geometry": { "type": "Point", "coordinates": [ -73.117666280292497, 44.4382869455902 ] } },
{ "type": "Feature", "properties": { "year": 2026.0, "month": "April", "route": 86.0, "stop_id": "4251952", "stop_name": "Waterbury State Complex at State Drive South Entrance", "total_boardings": 1, "pct_total_boardings": 6.2728173731949969e-06, "pct_route_boardings": 0.00033658700774150119, "latitude": 44.331031416999998, "longitude": -72.751577666000003 }, "geometry": { "type": "Point", "coordinates": [ -72.751577666, 44.331031417 ] } },
{ "type": "Feature", "properties": { "year": 2026.0, "month": "April", "route": 86.0, "stop_id": "805537", "stop_name": "Battery Street at College Street", "total_boardings": 1, "pct_total_boardings": 6.2728173731949969e-06, "pct_route_boardings": 0.00033658700774150119, "latitude": 44.4766, "longitude": -73.21867 }, "geometry": { "type": "Point", "coordinates": [ -73.21867, 44.4766 ] } },
{ "type": "Feature", "properties": { "year": 2026.0, "month": "April", "route": 86.0, "stop_id": "805550", "stop_name": "Shelburne Road at Home Avenue", "total_boardings": 48, "pct_total_boardings": 0.00030109523391335985, "pct_route_boardings": 0.016156176371592057, "latitude": 44.450357, "longitude": -73.209121 }, "geometry": { "type": "Point", "coordinates": [ -73.209121, 44.450357 ] } },
{ "type": "Feature", "properties": { "year": 2026.0, "month": "April", "route": 86.0, "stop_id": "805595", "stop_name": "Shelburne Road at Farrell Street", "total_boardings": 5, "pct_total_boardings": 3.1364086865974984e-05, "pct_route_boardings": 0.0016829350387075059, "latitude": 44.450421, "longitude": -73.208905 }, "geometry": { "type": "Point", "coordinates": [ -73.208905, 44.450421 ] } },
{ "type": "Feature", "properties": { "year": 2026.0, "month": "April", "route": 86.0, "stop_id": "805727", "stop_name": "Pine Street at Opposite Howard Street", "total_boardings": 3, "pct_total_boardings": 1.8818452119584991e-05, "pct_route_boardings": 0.0010097610232245036, "latitude": 44.46707, "longitude": -73.215043 }, "geometry": { "type": "Point", "coordinates": [ -73.215043, 44.46707 ] } },
{ "type": "Feature", "properties": { "year": 2026.0, "month": "April", "route": 86.0, "stop_id": "805728", "stop_name": "Pine Street at Burlington Electric Dept.", "total_boardings": 9, "pct_total_boardings": 5.6455356358754972e-05, "pct_route_boardings": 0.0030292830696735107, "latitude": 44.463529, "longitude": -73.214778 }, "geometry": { "type": "Point", "coordinates": [ -73.214778, 44.463529 ] } },
{ "type": "Feature", "properties": { "year": 2026.0, "month": "April", "route": 86.0, "stop_id": "805745", "stop_name": "Pine Street at Locust Street", "total_boardings": 3, "pct_total_boardings": 1.8818452119584991e-05, "pct_route_boardings": 0.0010097610232245036, "latitude": 44.462799, "longitude": -73.214615 }, "geometry": { "type": "Point", "coordinates": [ -73.214615, 44.462799 ] } },
{ "type": "Feature", "properties": { "year": 2026.0, "month": "April", "route": 86.0, "stop_id": "805746", "stop_name": "Pine Street at Howard Street", "total_boardings": 3, "pct_total_boardings": 1.8818452119584991e-05, "pct_route_boardings": 0.0010097610232245036, "latitude": 44.467066, "longitude": -73.214898 }, "geometry": { "type": "Point", "coordinates": [ -73.214898, 44.467066 ] } },
{ "type": "Feature", "properties": { "year": 2026.0, "month": "April", "route": 86.0, "stop_id": "805752", "stop_name": "Pearl Street at Hungerford Terrace", "total_boardings": 2, "pct_total_boardings": 1.2545634746389994e-05, "pct_route_boardings": 0.00067317401548300237, "latitude": 44.480581, "longitude": -73.207105 }, "geometry": { "type": "Point", "coordinates": [ -73.207105, 44.480581 ] } },
{ "type": "Feature", "properties": { "year": 2026.0, "month": "April", "route": 86.0, "stop_id": "805754", "stop_name": "Pearl Street at S Prospect Street (UHC)", "total_boardings": 33, "pct_total_boardings": 0.00020700297331543489, "pct_route_boardings": 0.011107371255469539, "latitude": 44.480731, "longitude": -73.201381 }, "geometry": { "type": "Point", "coordinates": [ -73.201381, 44.480731 ] } },
{ "type": "Feature", "properties": { "year": 2026.0, "month": "April", "route": 86.0, "stop_id": "805757", "stop_name": "UVM Medical Center", "total_boardings": 689, "pct_total_boardings": 0.0043219711701313526, "pct_route_boardings": 0.23190844833389432, "latitude": 44.478656664110503, "longitude": -73.193969644180299 }, "geometry": { "type": "Point", "coordinates": [ -73.193969644180299, 44.478656664110503 ] } },
{ "type": "Feature", "properties": { "year": 2026.0, "month": "April", "route": 86.0, "stop_id": "805825", "stop_name": "Pearl Street at N. Prospect Street", "total_boardings": 1, "pct_total_boardings": 6.2728173731949969e-06, "pct_route_boardings": 0.00033658700774150119, "latitude": 44.480722, "longitude": -73.200124 }, "geometry": { "type": "Point", "coordinates": [ -73.200124, 44.480722 ] } },
{ "type": "Feature", "properties": { "year": 2026.0, "month": "April", "route": 86.0, "stop_id": "805918", "stop_name": "Pine Street at Lakeside Avenue (Cumberland Farms)", "total_boardings": 4, "pct_total_boardings": 2.5091269492779987e-05, "pct_route_boardings": 0.0013463480309660047, "latitude": 44.460789, "longitude": -73.214604 }, "geometry": { "type": "Point", "coordinates": [ -73.214604, 44.460789 ] } },
{ "type": "Feature", "properties": { "year": 2026.0, "month": "April", "route": 86.0, "stop_id": "805946", "stop_name": "Williston Road at Staples Plaza", "total_boardings": 2, "pct_total_boardings": 1.2545634746389994e-05, "pct_route_boardings": 0.00067317401548300237, "latitude": 44.471708, "longitude": -73.188722 }, "geometry": { "type": "Point", "coordinates": [ -73.188722, 44.471708 ] } },
{ "type": "Feature", "properties": { "year": 2026.0, "month": "April", "route": 86.0, "stop_id": "806003", "stop_name": "College Street at Pine Street", "total_boardings": 11, "pct_total_boardings": 6.9000991105144959e-05, "pct_route_boardings": 0.0037024570851565131, "latitude": 44.476926993503298, "longitude": -73.2158524026283 }, "geometry": { "type": "Point", "coordinates": [ -73.2158524026283, 44.476926993503298 ] } },
{ "type": "Feature", "properties": { "year": 2026.0, "month": "April", "route": 86.0, "stop_id": "806020", "stop_name": "National Life", "total_boardings": 255, "pct_total_boardings": 0.0015995684301647242, "pct_route_boardings": 0.085829686974082803, "latitude": 44.255657, "longitude": -72.584187 }, "geometry": { "type": "Point", "coordinates": [ -72.584187, 44.255657 ] } },
{ "type": "Feature", "properties": { "year": 2026.0, "month": "April", "route": 86.0, "stop_id": "806021", "stop_name": "Richmond Park and Ride", "total_boardings": 287, "pct_total_boardings": 0.001800298586106964, "pct_route_boardings": 0.096600471221810841, "latitude": 44.42328, "longitude": -73.008347 }, "geometry": { "type": "Point", "coordinates": [ -73.008347, 44.42328 ] } },
{ "type": "Feature", "properties": { "year": 2026.0, "month": "April", "route": 86.0, "stop_id": "806022", "stop_name": "Waterbury Park and Ride", "total_boardings": 166, "pct_total_boardings": 0.0010412876839503695, "pct_route_boardings": 0.055873443285089197, "latitude": 44.345122, "longitude": -72.74333 }, "geometry": { "type": "Point", "coordinates": [ -72.74333, 44.345122 ] } },
{ "type": "Feature", "properties": { "year": 2026.0, "month": "April", "route": 86.0, "stop_id": "806049", "stop_name": "Department of Labor Park and Ride", "total_boardings": 145, "pct_total_boardings": 0.00090955851911327448, "pct_route_boardings": 0.048805116122517672, "latitude": 44.259345, "longitude": -72.590836 }, "geometry": { "type": "Point", "coordinates": [ -72.590836, 44.259345 ] } },
{ "type": "Feature", "properties": { "year": 2026.0, "month": "April", "route": 86.0, "stop_id": "806179", "stop_name": "Pine Street at Maple Street", "total_boardings": 16, "pct_total_boardings": 0.00010036507797111995, "pct_route_boardings": 0.005385392123864019, "latitude": 44.473686, "longitude": -73.215509 }, "geometry": { "type": "Point", "coordinates": [ -73.215509, 44.473686 ] } },
{ "type": "Feature", "properties": { "year": 2026.0, "month": "April", "route": 86.0, "stop_id": "806180", "stop_name": "Flynn Avenue at Richardson Street", "total_boardings": 9, "pct_total_boardings": 5.6455356358754972e-05, "pct_route_boardings": 0.0030292830696735107, "latitude": 44.455277, "longitude": -73.212695 }, "geometry": { "type": "Point", "coordinates": [ -73.212695, 44.455277 ] } },
{ "type": "Feature", "properties": { "year": 2026.0, "month": "April", "route": 86.0, "stop_id": "806284", "stop_name": "Waterbury State Complex at Agency of Human Resources", "total_boardings": 13, "pct_total_boardings": 8.1546625851534952e-05, "pct_route_boardings": 0.0043756311006395154, "latitude": 44.3322723, "longitude": -72.7557993 }, "geometry": { "type": "Point", "coordinates": [ -72.7557993, 44.3322723 ] } },
{ "type": "Feature", "properties": { "year": 2026.0, "month": "April", "route": 96.0, "stop_id": "2562322", "stop_name": "Downtown Transit Center", "total_boardings": 266, "pct_total_boardings": 0.0016685694212698692, "pct_route_boardings": 0.20430107526881722, "latitude": 44.479731, "longitude": -73.214298 }, "geometry": { "type": "Point", "coordinates": [ -73.214298, 44.479731 ] } },
{ "type": "Feature", "properties": { "year": 2026.0, "month": "April", "route": 96.0, "stop_id": "2574545", "stop_name": "Creek Farm Plaza", "total_boardings": 1, "pct_total_boardings": 6.2728173731949969e-06, "pct_route_boardings": 0.00076804915514592934, "latitude": 44.551422, "longitude": -73.16359 }, "geometry": { "type": "Point", "coordinates": [ -73.16359, 44.551422 ] } },
{ "type": "Feature", "properties": { "year": 2026.0, "month": "April", "route": 96.0, "stop_id": "4255696", "stop_name": "Saint Albans Park and Ride", "total_boardings": 180, "pct_total_boardings": 0.0011291071271750995, "pct_route_boardings": 0.13824884792626729, "latitude": 44.804924, "longitude": -73.069639 }, "geometry": { "type": "Point", "coordinates": [ -73.069639, 44.804924 ] } },
{ "type": "Feature", "properties": { "year": 2026.0, "month": "April", "route": 96.0, "stop_id": "4256754", "stop_name": "Creek Farm Plaza", "total_boardings": 26, "pct_total_boardings": 0.0001630932517030699, "pct_route_boardings": 0.019969278033794162, "latitude": 44.551831, "longitude": -73.163725 }, "geometry": { "type": "Point", "coordinates": [ -73.163725, 44.551831 ] } },
{ "type": "Feature", "properties": { "year": 2026.0, "month": "April", "route": 96.0, "stop_id": "4256763", "stop_name": "River Street at Main Street", "total_boardings": 3, "pct_total_boardings": 1.8818452119584991e-05, "pct_route_boardings": 0.002304147465437788, "latitude": 44.639824, "longitude": -73.113325 }, "geometry": { "type": "Point", "coordinates": [ -73.113325, 44.639824 ] } },
{ "type": "Feature", "properties": { "year": 2026.0, "month": "April", "route": 96.0, "stop_id": "4256765", "stop_name": "US 7 at Opposite Kilburn Road", "total_boardings": 1, "pct_total_boardings": 6.2728173731949969e-06, "pct_route_boardings": 0.00076804915514592934, "latitude": 44.650579, "longitude": -73.115345 }, "geometry": { "type": "Point", "coordinates": [ -73.115345, 44.650579 ] } },
{ "type": "Feature", "properties": { "year": 2026.0, "month": "April", "route": 96.0, "stop_id": "4256766", "stop_name": "River Street Park", "total_boardings": 18, "pct_total_boardings": 0.00011291071271750994, "pct_route_boardings": 0.013824884792626729, "latitude": 44.637401, "longitude": -73.1137 }, "geometry": { "type": "Point", "coordinates": [ -73.1137, 44.637401 ] } },
{ "type": "Feature", "properties": { "year": 2026.0, "month": "April", "route": 96.0, "stop_id": "4256768", "stop_name": "259 US 7-Milton Square", "total_boardings": 1, "pct_total_boardings": 6.2728173731949969e-06, "pct_route_boardings": 0.00076804915514592934, "latitude": 44.623179, "longitude": -73.120129 }, "geometry": { "type": "Point", "coordinates": [ -73.120129, 44.623179 ] } },
{ "type": "Feature", "properties": { "year": 2026.0, "month": "April", "route": 96.0, "stop_id": "4256770", "stop_name": "Fairfield Street at Northwestern Medical Center", "total_boardings": 7, "pct_total_boardings": 4.3909721612364978e-05, "pct_route_boardings": 0.0053763440860215058, "latitude": 44.80638, "longitude": -73.072262 }, "geometry": { "type": "Point", "coordinates": [ -73.072262, 44.80638 ] } },
{ "type": "Feature", "properties": { "year": 2026.0, "month": "April", "route": 96.0, "stop_id": "4256771", "stop_name": "Fairfield Street at opposite Northwestern Medical Center", "total_boardings": 2, "pct_total_boardings": 1.2545634746389994e-05, "pct_route_boardings": 0.0015360983102918587, "latitude": 44.806265, "longitude": -73.072225 }, "geometry": { "type": "Point", "coordinates": [ -73.072225, 44.806265 ] } },
{ "type": "Feature", "properties": { "year": 2026.0, "month": "April", "route": 96.0, "stop_id": "805621", "stop_name": "Main Street at Platt Street", "total_boardings": 34, "pct_total_boardings": 0.00021327579068862988, "pct_route_boardings": 0.026113671274961597, "latitude": 44.493943, "longitude": -73.186434 }, "geometry": { "type": "Point", "coordinates": [ -73.186434, 44.493943 ] } },
{ "type": "Feature", "properties": { "year": 2026.0, "month": "April", "route": 96.0, "stop_id": "805757", "stop_name": "UVM Medical Center", "total_boardings": 279, "pct_total_boardings": 0.0017501160471214041, "pct_route_boardings": 0.21428571428571427, "latitude": 44.478656664110503, "longitude": -73.193969644180299 }, "geometry": { "type": "Point", "coordinates": [ -73.193969644180299, 44.478656664110503 ] } },
{ "type": "Feature", "properties": { "year": 2026.0, "month": "April", "route": 96.0, "stop_id": "805763", "stop_name": "Winooski Falls/Champlain Mill", "total_boardings": 38, "pct_total_boardings": 0.00023836706018140987, "pct_route_boardings": 0.029185867895545316, "latitude": 44.49022, "longitude": -73.18437 }, "geometry": { "type": "Point", "coordinates": [ -73.18437, 44.49022 ] } },
{ "type": "Feature", "properties": { "year": 2026.0, "month": "April", "route": 96.0, "stop_id": "806052", "stop_name": "Chimney Corners Park & Ride", "total_boardings": 20, "pct_total_boardings": 0.00012545634746389994, "pct_route_boardings": 0.015360983102918587, "latitude": 44.595, "longitude": -73.16538 }, "geometry": { "type": "Point", "coordinates": [ -73.16538, 44.595 ] } },
{ "type": "Feature", "properties": { "year": 2026.0, "month": "April", "route": 96.0, "stop_id": "806053", "stop_name": "Georgia Park & Ride", "total_boardings": 14, "pct_total_boardings": 8.7819443224729956e-05, "pct_route_boardings": 0.010752688172043012, "latitude": 44.6988434, "longitude": -73.1056939 }, "geometry": { "type": "Point", "coordinates": [ -73.1056939, 44.6988434 ] } },
{ "type": "Feature", "properties": { "year": 2026.0, "month": "April", "route": 96.0, "stop_id": "806120", "stop_name": "US 7 at Centre Drive", "total_boardings": 33, "pct_total_boardings": 0.00020700297331543489, "pct_route_boardings": 0.025345622119815669, "latitude": 44.622440610065837, "longitude": -73.122037430645491 }, "geometry": { "type": "Point", "coordinates": [ -73.122037430645491, 44.622440610065837 ] } },
{ "type": "Feature", "properties": { "year": 2026.0, "month": "April", "route": 96.0, "stop_id": "806127", "stop_name": "Milton Town Office Park & Ride", "total_boardings": 130, "pct_total_boardings": 0.00081546625851534958, "pct_route_boardings": 0.099846390168970817, "latitude": 44.618487707147665, "longitude": -73.124878081192008 }, "geometry": { "type": "Point", "coordinates": [ -73.124878081192008, 44.618487707147665 ] } },
{ "type": "Feature", "properties": { "year": 2026.0, "month": "April", "route": 96.0, "stop_id": "806165", "stop_name": "Severance Corners", "total_boardings": 13, "pct_total_boardings": 8.1546625851534952e-05, "pct_route_boardings": 0.009984639016897081, "latitude": 44.5282694, "longitude": -73.1747521 }, "geometry": { "type": "Point", "coordinates": [ -73.1747521, 44.5282694 ] } },
{ "type": "Feature", "properties": { "year": 2026.0, "month": "April", "route": 96.0, "stop_id": "806169", "stop_name": "Water Tower Hill/Albany College of Pharmacy and Health Sciences", "total_boardings": 13, "pct_total_boardings": 8.1546625851534952e-05, "pct_route_boardings": 0.009984639016897081, "latitude": 44.509066, "longitude": -73.185039 }, "geometry": { "type": "Point", "coordinates": [ -73.185039, 44.509066 ] } },
{ "type": "Feature", "properties": { "year": 2026.0, "month": "April", "route": 96.0, "stop_id": "806188", "stop_name": "S Main Street at New Street", "total_boardings": 17, "pct_total_boardings": 0.00010663789534431494, "pct_route_boardings": 0.013056835637480798, "latitude": 44.806083, "longitude": -73.085288 }, "geometry": { "type": "Point", "coordinates": [ -73.085288, 44.806083 ] } },
{ "type": "Feature", "properties": { "year": 2026.0, "month": "April", "route": 96.0, "stop_id": "806189", "stop_name": "South Main Street at St. Albans Police Department", "total_boardings": 35, "pct_total_boardings": 0.0002195486080618249, "pct_route_boardings": 0.026881720430107527, "latitude": 44.803963, "longitude": -73.086992 }, "geometry": { "type": "Point", "coordinates": [ -73.086992, 44.803963 ] } },
{ "type": "Feature", "properties": { "year": 2026.0, "month": "April", "route": 96.0, "stop_id": "806193", "stop_name": "S Main Street at Upper Gilman Street", "total_boardings": 7, "pct_total_boardings": 4.3909721612364978e-05, "pct_route_boardings": 0.0053763440860215058, "latitude": 44.80425, "longitude": -73.086534 }, "geometry": { "type": "Point", "coordinates": [ -73.086534, 44.80425 ] } },
{ "type": "Feature", "properties": { "year": 2026.0, "month": "April", "route": 96.0, "stop_id": "806194", "stop_name": "S Main Street at Upper Weldon Street", "total_boardings": 92, "pct_total_boardings": 0.00057709919833393974, "pct_route_boardings": 0.070660522273425494, "latitude": 44.806508, "longitude": -73.084709 }, "geometry": { "type": "Point", "coordinates": [ -73.084709, 44.806508 ] } },
{ "type": "Feature", "properties": { "year": 2026.0, "month": "April", "route": 96.0, "stop_id": "847926", "stop_name": "Birchwood Park", "total_boardings": 72, "pct_total_boardings": 0.00045164285087003977, "pct_route_boardings": 0.055299539170506916, "latitude": 44.633361, "longitude": -73.150694 }, "geometry": { "type": "Point", "coordinates": [ -73.150694, 44.633361 ] } },
{ "type": "Feature", "properties": { "year": 2026.0, "month": "April", "route": 756.0, "stop_id": "2562322", "stop_name": "Downtown Transit Center", "total_boardings": 43, "pct_total_boardings": 0.00026973114704738484, "pct_route_boardings": 0.2792207792207792, "latitude": 44.479731, "longitude": -73.214298 }, "geometry": { "type": "Point", "coordinates": [ -73.214298, 44.479731 ] } },
{ "type": "Feature", "properties": { "year": 2026.0, "month": "April", "route": 756.0, "stop_id": "4254390", "stop_name": "Shelburne Road at Opposite Marion St", "total_boardings": 3, "pct_total_boardings": 1.8818452119584991e-05, "pct_route_boardings": 0.01948051948051948, "latitude": 44.464545793, "longitude": -73.207594826999994 }, "geometry": { "type": "Point", "coordinates": [ -73.207594827, 44.464545793 ] } },
{ "type": "Feature", "properties": { "year": 2026.0, "month": "April", "route": 756.0, "stop_id": "4254458", "stop_name": "Queen City Park Rd. at 733 Queen City Park Rd.", "total_boardings": 6, "pct_total_boardings": 3.7636904239169981e-05, "pct_route_boardings": 0.03896103896103896, "latitude": 44.445084972508297, "longitude": -73.212062499413292 }, "geometry": { "type": "Point", "coordinates": [ -73.212062499413292, 44.445084972508297 ] } },
{ "type": "Feature", "properties": { "year": 2026.0, "month": "April", "route": 756.0, "stop_id": "805484", "stop_name": "S. Winooski Avenue at Bank Street", "total_boardings": 7, "pct_total_boardings": 4.3909721612364978e-05, "pct_route_boardings": 0.045454545454545456, "latitude": 44.478387, "longitude": -73.211225 }, "geometry": { "type": "Point", "coordinates": [ -73.211225, 44.478387 ] } },
{ "type": "Feature", "properties": { "year": 2026.0, "month": "April", "route": 756.0, "stop_id": "805537", "stop_name": "Battery Street at College Street", "total_boardings": 4, "pct_total_boardings": 2.5091269492779987e-05, "pct_route_boardings": 0.025974025974025976, "latitude": 44.4766, "longitude": -73.21867 }, "geometry": { "type": "Point", "coordinates": [ -73.21867, 44.4766 ] } },
{ "type": "Feature", "properties": { "year": 2026.0, "month": "April", "route": 756.0, "stop_id": "805595", "stop_name": "Shelburne Road at Farrell Street", "total_boardings": 35, "pct_total_boardings": 0.0002195486080618249, "pct_route_boardings": 0.22727272727272727, "latitude": 44.450421, "longitude": -73.208905 }, "geometry": { "type": "Point", "coordinates": [ -73.208905, 44.450421 ] } },
{ "type": "Feature", "properties": { "year": 2026.0, "month": "April", "route": 756.0, "stop_id": "805596", "stop_name": "Shelburne Road at Hadley Road", "total_boardings": 9, "pct_total_boardings": 5.6455356358754972e-05, "pct_route_boardings": 0.05844155844155844, "latitude": 44.452346, "longitude": -73.208731 }, "geometry": { "type": "Point", "coordinates": [ -73.208731, 44.452346 ] } },
{ "type": "Feature", "properties": { "year": 2026.0, "month": "April", "route": 756.0, "stop_id": "805598", "stop_name": "Shelburne Road at Kinney Drugs", "total_boardings": 1, "pct_total_boardings": 6.2728173731949969e-06, "pct_route_boardings": 0.0064935064935064939, "latitude": 44.456778, "longitude": -73.208325 }, "geometry": { "type": "Point", "coordinates": [ -73.208325, 44.456778 ] } },
{ "type": "Feature", "properties": { "year": 2026.0, "month": "April", "route": 756.0, "stop_id": "805599", "stop_name": "Shelburne Road at Clymer Street", "total_boardings": 1, "pct_total_boardings": 6.2728173731949969e-06, "pct_route_boardings": 0.0064935064935064939, "latitude": 44.458365, "longitude": -73.208201 }, "geometry": { "type": "Point", "coordinates": [ -73.208201, 44.458365 ] } },
{ "type": "Feature", "properties": { "year": 2026.0, "month": "April", "route": 756.0, "stop_id": "805604", "stop_name": "S Union Street at Spruce Street", "total_boardings": 2, "pct_total_boardings": 1.2545634746389994e-05, "pct_route_boardings": 0.012987012987012988, "latitude": 44.470452, "longitude": -73.208604 }, "geometry": { "type": "Point", "coordinates": [ -73.208604, 44.470452 ] } },
{ "type": "Feature", "properties": { "year": 2026.0, "month": "April", "route": 756.0, "stop_id": "805664", "stop_name": "Maple Street at Church Street", "total_boardings": 3, "pct_total_boardings": 1.8818452119584991e-05, "pct_route_boardings": 0.01948051948051948, "latitude": 44.473771, "longitude": -73.212224 }, "geometry": { "type": "Point", "coordinates": [ -73.212224, 44.473771 ] } },
{ "type": "Feature", "properties": { "year": 2026.0, "month": "April", "route": 756.0, "stop_id": "805665", "stop_name": "Maple Street at St Paul Street", "total_boardings": 3, "pct_total_boardings": 1.8818452119584991e-05, "pct_route_boardings": 0.01948051948051948, "latitude": 44.473688, "longitude": -73.213657 }, "geometry": { "type": "Point", "coordinates": [ -73.213657, 44.473688 ] } },
{ "type": "Feature", "properties": { "year": 2026.0, "month": "April", "route": 756.0, "stop_id": "805724", "stop_name": "Opposite 230 St Paul Street", "total_boardings": 7, "pct_total_boardings": 4.3909721612364978e-05, "pct_route_boardings": 0.045454545454545456, "latitude": 44.472575866378598, "longitude": -73.213879426506651 }, "geometry": { "type": "Point", "coordinates": [ -73.213879426506651, 44.472575866378598 ] } },
{ "type": "Feature", "properties": { "year": 2026.0, "month": "April", "route": 756.0, "stop_id": "805725", "stop_name": "Kilburn Street at Pine Street", "total_boardings": 1, "pct_total_boardings": 6.2728173731949969e-06, "pct_route_boardings": 0.0064935064935064939, "latitude": 44.471083, "longitude": -73.215057 }, "geometry": { "type": "Point", "coordinates": [ -73.215057, 44.471083 ] } },
{ "type": "Feature", "properties": { "year": 2026.0, "month": "April", "route": 756.0, "stop_id": "805726", "stop_name": "Pine Street Opposite Pine Place (Old Greyhound)", "total_boardings": 3, "pct_total_boardings": 1.8818452119584991e-05, "pct_route_boardings": 0.01948051948051948, "latitude": 44.469792, "longitude": -73.215209 }, "geometry": { "type": "Point", "coordinates": [ -73.215209, 44.469792 ] } },
{ "type": "Feature", "properties": { "year": 2026.0, "month": "April", "route": 756.0, "stop_id": "805727", "stop_name": "Pine Street at Opposite Howard Street", "total_boardings": 2, "pct_total_boardings": 1.2545634746389994e-05, "pct_route_boardings": 0.012987012987012988, "latitude": 44.46707, "longitude": -73.215043 }, "geometry": { "type": "Point", "coordinates": [ -73.215043, 44.46707 ] } },
{ "type": "Feature", "properties": { "year": 2026.0, "month": "April", "route": 756.0, "stop_id": "805728", "stop_name": "Pine Street at Burlington Electric Dept.", "total_boardings": 5, "pct_total_boardings": 3.1364086865974984e-05, "pct_route_boardings": 0.032467532467532464, "latitude": 44.463529, "longitude": -73.214778 }, "geometry": { "type": "Point", "coordinates": [ -73.214778, 44.463529 ] } },
{ "type": "Feature", "properties": { "year": 2026.0, "month": "April", "route": 756.0, "stop_id": "805729", "stop_name": "Pine Street at Opposite Birchcliff Parkway", "total_boardings": 2, "pct_total_boardings": 1.2545634746389994e-05, "pct_route_boardings": 0.012987012987012988, "latitude": 44.459138, "longitude": -73.214493 }, "geometry": { "type": "Point", "coordinates": [ -73.214493, 44.459138 ] } },
{ "type": "Feature", "properties": { "year": 2026.0, "month": "April", "route": 756.0, "stop_id": "805730", "stop_name": "Pine Street at Long Trail Phys. Therapy", "total_boardings": 1, "pct_total_boardings": 6.2728173731949969e-06, "pct_route_boardings": 0.0064935064935064939, "latitude": 44.457489, "longitude": -73.214395 }, "geometry": { "type": "Point", "coordinates": [ -73.214395, 44.457489 ] } },
{ "type": "Feature", "properties": { "year": 2026.0, "month": "April", "route": 756.0, "stop_id": "805731", "stop_name": "Howard Center", "total_boardings": 2, "pct_total_boardings": 1.2545634746389994e-05, "pct_route_boardings": 0.012987012987012988, "latitude": 44.455878051784822, "longitude": -73.214332365078349 }, "geometry": { "type": "Point", "coordinates": [ -73.214332365078349, 44.455878051784822 ] } },
{ "type": "Feature", "properties": { "year": 2026.0, "month": "April", "route": 756.0, "stop_id": "805734", "stop_name": "Green Mountain Transit Office", "total_boardings": 1, "pct_total_boardings": 6.2728173731949969e-06, "pct_route_boardings": 0.0064935064935064939, "latitude": 44.450385, "longitude": -73.219485 }, "geometry": { "type": "Point", "coordinates": [ -73.219485, 44.450385 ] } },
{ "type": "Feature", "properties": { "year": 2026.0, "month": "April", "route": 756.0, "stop_id": "805736", "stop_name": "Queen City Park Road at Opposite Pine Street", "total_boardings": 3, "pct_total_boardings": 1.8818452119584991e-05, "pct_route_boardings": 0.01948051948051948, "latitude": 44.446265, "longitude": -73.215134 }, "geometry": { "type": "Point", "coordinates": [ -73.215134, 44.446265 ] } },
{ "type": "Feature", "properties": { "year": 2026.0, "month": "April", "route": 756.0, "stop_id": "805906", "stop_name": "S. Winooski Avenue at King Street", "total_boardings": 8, "pct_total_boardings": 5.0182538985559975e-05, "pct_route_boardings": 0.051948051948051951, "latitude": 44.475317956005064, "longitude": -73.21098945119671 }, "geometry": { "type": "Point", "coordinates": [ -73.21098945119671, 44.475317956005064 ] } },
{ "type": "Feature", "properties": { "year": 2026.0, "month": "April", "route": 756.0, "stop_id": "805911", "stop_name": "Shelburne Road at Alfred Street", "total_boardings": 2, "pct_total_boardings": 1.2545634746389994e-05, "pct_route_boardings": 0.012987012987012988, "latitude": 44.459642, "longitude": -73.20808 }, "geometry": { "type": "Point", "coordinates": [ -73.20808, 44.459642 ] } },
{ "type": "Feature", "properties": { "year": 2026.0, "month": "April", "route": 778.0, "stop_id": "2530430", "stop_name": "Northgate", "total_boardings": 3, "pct_total_boardings": 1.8818452119584991e-05, "pct_route_boardings": 0.0082644628099173556, "latitude": 44.520183531733551, "longitude": -73.264744240753956 }, "geometry": { "type": "Point", "coordinates": [ -73.264744240753956, 44.520183531733551 ] } },
{ "type": "Feature", "properties": { "year": 2026.0, "month": "April", "route": 778.0, "stop_id": "2562322", "stop_name": "Downtown Transit Center", "total_boardings": 122, "pct_total_boardings": 0.00076528371952978966, "pct_route_boardings": 0.33608815426997246, "latitude": 44.479731, "longitude": -73.214298 }, "geometry": { "type": "Point", "coordinates": [ -73.214298, 44.479731 ] } },
{ "type": "Feature", "properties": { "year": 2026.0, "month": "April", "route": 778.0, "stop_id": "805608", "stop_name": "Elmwood Avenue at Elmwood Center", "total_boardings": 1, "pct_total_boardings": 6.2728173731949969e-06, "pct_route_boardings": 0.0027548209366391185, "latitude": 44.48132, "longitude": -73.21352 }, "geometry": { "type": "Point", "coordinates": [ -73.21352, 44.48132 ] } },
{ "type": "Feature", "properties": { "year": 2026.0, "month": "April", "route": 778.0, "stop_id": "805650", "stop_name": "Archibald Street at N Willard Street", "total_boardings": 5, "pct_total_boardings": 3.1364086865974984e-05, "pct_route_boardings": 0.013774104683195593, "latitude": 44.488026, "longitude": -73.206167 }, "geometry": { "type": "Point", "coordinates": [ -73.206167, 44.488026 ] } },
{ "type": "Feature", "properties": { "year": 2026.0, "month": "April", "route": 778.0, "stop_id": "805653", "stop_name": "N Prospect Street at Pearl Street", "total_boardings": 4, "pct_total_boardings": 2.5091269492779987e-05, "pct_route_boardings": 0.011019283746556474, "latitude": 44.48102, "longitude": -73.20082 }, "geometry": { "type": "Point", "coordinates": [ -73.20082, 44.48102 ] } },
{ "type": "Feature", "properties": { "year": 2026.0, "month": "April", "route": 778.0, "stop_id": "805669", "stop_name": "North Street at Opposite Murray Street", "total_boardings": 3, "pct_total_boardings": 1.8818452119584991e-05, "pct_route_boardings": 0.0082644628099173556, "latitude": 44.48468, "longitude": -73.21585 }, "geometry": { "type": "Point", "coordinates": [ -73.21585, 44.48468 ] } },
{ "type": "Feature", "properties": { "year": 2026.0, "month": "April", "route": 778.0, "stop_id": "805670", "stop_name": "North Street at N. Champlain Street", "total_boardings": 1, "pct_total_boardings": 6.2728173731949969e-06, "pct_route_boardings": 0.0027548209366391185, "latitude": 44.48464, "longitude": -73.21755 }, "geometry": { "type": "Point", "coordinates": [ -73.21755, 44.48464 ] } },
{ "type": "Feature", "properties": { "year": 2026.0, "month": "April", "route": 778.0, "stop_id": "805671", "stop_name": "North Street at Blodgett Street", "total_boardings": 4, "pct_total_boardings": 2.5091269492779987e-05, "pct_route_boardings": 0.011019283746556474, "latitude": 44.48448, "longitude": -73.22113 }, "geometry": { "type": "Point", "coordinates": [ -73.22113, 44.48448 ] } },
{ "type": "Feature", "properties": { "year": 2026.0, "month": "April", "route": 778.0, "stop_id": "805672", "stop_name": "North Avenue at Strong Street", "total_boardings": 3, "pct_total_boardings": 1.8818452119584991e-05, "pct_route_boardings": 0.0082644628099173556, "latitude": 44.48555, "longitude": -73.22318 }, "geometry": { "type": "Point", "coordinates": [ -73.22318, 44.48555 ] } },
{ "type": "Feature", "properties": { "year": 2026.0, "month": "April", "route": 778.0, "stop_id": "805673", "stop_name": "North Avenue at Washington Street", "total_boardings": 2, "pct_total_boardings": 1.2545634746389994e-05, "pct_route_boardings": 0.0055096418732782371, "latitude": 44.48783, "longitude": -73.22497 }, "geometry": { "type": "Point", "coordinates": [ -73.22497, 44.48783 ] } },
{ "type": "Feature", "properties": { "year": 2026.0, "month": "April", "route": 778.0, "stop_id": "805675", "stop_name": "North Ave at Opposite Cambrian Rise", "total_boardings": 6, "pct_total_boardings": 3.7636904239169981e-05, "pct_route_boardings": 0.016528925619834711, "latitude": 44.490374789966715, "longitude": -73.226944982909245 }, "geometry": { "type": "Point", "coordinates": [ -73.226944982909245, 44.490374789966715 ] } },
{ "type": "Feature", "properties": { "year": 2026.0, "month": "April", "route": 778.0, "stop_id": "805676", "stop_name": "North Avenue at Opposite Lakeview Cem.", "total_boardings": 1, "pct_total_boardings": 6.2728173731949969e-06, "pct_route_boardings": 0.0027548209366391185, "latitude": 44.49305, "longitude": -73.22907 }, "geometry": { "type": "Point", "coordinates": [ -73.22907, 44.49305 ] } },
{ "type": "Feature", "properties": { "year": 2026.0, "month": "April", "route": 778.0, "stop_id": "805677", "stop_name": "Opposite Burlington High School", "total_boardings": 1, "pct_total_boardings": 6.2728173731949969e-06, "pct_route_boardings": 0.0027548209366391185, "latitude": 44.49637, "longitude": -73.23165 }, "geometry": { "type": "Point", "coordinates": [ -73.23165, 44.49637 ] } },
{ "type": "Feature", "properties": { "year": 2026.0, "month": "April", "route": 778.0, "stop_id": "805681", "stop_name": "North Avenue at Rite Aid", "total_boardings": 1, "pct_total_boardings": 6.2728173731949969e-06, "pct_route_boardings": 0.0027548209366391185, "latitude": 44.50468, "longitude": -73.24163 }, "geometry": { "type": "Point", "coordinates": [ -73.24163, 44.50468 ] } },
{ "type": "Feature", "properties": { "year": 2026.0, "month": "April", "route": 778.0, "stop_id": "805682", "stop_name": "Opposite Ethan Allen Shopping Center", "total_boardings": 13, "pct_total_boardings": 8.1546625851534952e-05, "pct_route_boardings": 0.035812672176308541, "latitude": 44.506693071031577, "longitude": -73.244366678573783 }, "geometry": { "type": "Point", "coordinates": [ -73.244366678573783, 44.506693071031577 ] } },
{ "type": "Feature", "properties": { "year": 2026.0, "month": "April", "route": 778.0, "stop_id": "805683", "stop_name": "North Avenue at Poirier Place", "total_boardings": 7, "pct_total_boardings": 4.3909721612364978e-05, "pct_route_boardings": 0.01928374655647383, "latitude": 44.508373, "longitude": -73.2467 }, "geometry": { "type": "Point", "coordinates": [ -73.2467, 44.508373 ] } },
{ "type": "Feature", "properties": { "year": 2026.0, "month": "April", "route": 778.0, "stop_id": "805684", "stop_name": "North Avenue at Heineberg Road", "total_boardings": 5, "pct_total_boardings": 3.1364086865974984e-05, "pct_route_boardings": 0.013774104683195593, "latitude": 44.509442, "longitude": -73.248161 }, "geometry": { "type": "Point", "coordinates": [ -73.248161, 44.509442 ] } },
{ "type": "Feature", "properties": { "year": 2026.0, "month": "April", "route": 778.0, "stop_id": "805685", "stop_name": "North Avenue at Gosse Court", "total_boardings": 4, "pct_total_boardings": 2.5091269492779987e-05, "pct_route_boardings": 0.011019283746556474, "latitude": 44.51062, "longitude": -73.24977 }, "geometry": { "type": "Point", "coordinates": [ -73.24977, 44.51062 ] } },
{ "type": "Feature", "properties": { "year": 2026.0, "month": "April", "route": 778.0, "stop_id": "805686", "stop_name": "North Avenue at Bessery Market", "total_boardings": 3, "pct_total_boardings": 1.8818452119584991e-05, "pct_route_boardings": 0.0082644628099173556, "latitude": 44.51227, "longitude": -73.25198 }, "geometry": { "type": "Point", "coordinates": [ -73.25198, 44.51227 ] } },
{ "type": "Feature", "properties": { "year": 2026.0, "month": "April", "route": 778.0, "stop_id": "805687", "stop_name": "North Avenue at Edgemoor Drive", "total_boardings": 2, "pct_total_boardings": 1.2545634746389994e-05, "pct_route_boardings": 0.0055096418732782371, "latitude": 44.51292, "longitude": -73.25287 }, "geometry": { "type": "Point", "coordinates": [ -73.25287, 44.51292 ] } },
{ "type": "Feature", "properties": { "year": 2026.0, "month": "April", "route": 778.0, "stop_id": "805688", "stop_name": "North Avenue at Cayuga Court", "total_boardings": 1, "pct_total_boardings": 6.2728173731949969e-06, "pct_route_boardings": 0.0027548209366391185, "latitude": 44.51372, "longitude": -73.25393 }, "geometry": { "type": "Point", "coordinates": [ -73.25393, 44.51372 ] } },
{ "type": "Feature", "properties": { "year": 2026.0, "month": "April", "route": 778.0, "stop_id": "805689", "stop_name": "North Avenue at Birch Court", "total_boardings": 5, "pct_total_boardings": 3.1364086865974984e-05, "pct_route_boardings": 0.013774104683195593, "latitude": 44.51433, "longitude": -73.25475 }, "geometry": { "type": "Point", "coordinates": [ -73.25475, 44.51433 ] } },
{ "type": "Feature", "properties": { "year": 2026.0, "month": "April", "route": 778.0, "stop_id": "805690", "stop_name": "North Avenue at Franklin Sq.", "total_boardings": 29, "pct_total_boardings": 0.0001819117038226549, "pct_route_boardings": 0.079889807162534437, "latitude": 44.515150248912775, "longitude": -73.25586414915972 }, "geometry": { "type": "Point", "coordinates": [ -73.25586414915972, 44.515150248912775 ] } },
{ "type": "Feature", "properties": { "year": 2026.0, "month": "April", "route": 778.0, "stop_id": "805692", "stop_name": "North Avenue at Morgan Street", "total_boardings": 2, "pct_total_boardings": 1.2545634746389994e-05, "pct_route_boardings": 0.0055096418732782371, "latitude": 44.52015, "longitude": -73.26265 }, "geometry": { "type": "Point", "coordinates": [ -73.26265, 44.52015 ] } },
{ "type": "Feature", "properties": { "year": 2026.0, "month": "April", "route": 778.0, "stop_id": "805695", "stop_name": "North Avenue at Northgate Road", "total_boardings": 13, "pct_total_boardings": 8.1546625851534952e-05, "pct_route_boardings": 0.035812672176308541, "latitude": 44.520598660747737, "longitude": -73.263431391254628 }, "geometry": { "type": "Point", "coordinates": [ -73.263431391254628, 44.520598660747737 ] } },
{ "type": "Feature", "properties": { "year": 2026.0, "month": "April", "route": 778.0, "stop_id": "805696", "stop_name": "North Avenue at Opposite Algird Street", "total_boardings": 14, "pct_total_boardings": 8.7819443224729956e-05, "pct_route_boardings": 0.038567493112947659, "latitude": 44.51935, "longitude": -73.26173 }, "geometry": { "type": "Point", "coordinates": [ -73.26173, 44.51935 ] } },
{ "type": "Feature", "properties": { "year": 2026.0, "month": "April", "route": 778.0, "stop_id": "805697", "stop_name": "North Avenue at Browe Court", "total_boardings": 3, "pct_total_boardings": 1.8818452119584991e-05, "pct_route_boardings": 0.0082644628099173556, "latitude": 44.51855, "longitude": -73.26067 }, "geometry": { "type": "Point", "coordinates": [ -73.26067, 44.51855 ] } },
{ "type": "Feature", "properties": { "year": 2026.0, "month": "April", "route": 778.0, "stop_id": "805698", "stop_name": "North Avenue at Starr Farm Road", "total_boardings": 16, "pct_total_boardings": 0.00010036507797111995, "pct_route_boardings": 0.044077134986225897, "latitude": 44.5172, "longitude": -73.25882 }, "geometry": { "type": "Point", "coordinates": [ -73.25882, 44.5172 ] } },
{ "type": "Feature", "properties": { "year": 2026.0, "month": "April", "route": 778.0, "stop_id": "805699", "stop_name": "North Avenue at Loaldo Drive", "total_boardings": 3, "pct_total_boardings": 1.8818452119584991e-05, "pct_route_boardings": 0.0082644628099173556, "latitude": 44.514866461736659, "longitude": -73.255756268423283 }, "geometry": { "type": "Point", "coordinates": [ -73.255756268423283, 44.514866461736659 ] } },
{ "type": "Feature", "properties": { "year": 2026.0, "month": "April", "route": 778.0, "stop_id": "805700", "stop_name": "North Avenue at Cross Parkway", "total_boardings": 2, "pct_total_boardings": 1.2545634746389994e-05, "pct_route_boardings": 0.0055096418732782371, "latitude": 44.513275913645238, "longitude": -73.2535893886282 }, "geometry": { "type": "Point", "coordinates": [ -73.2535893886282, 44.513275913645238 ] } },
{ "type": "Feature", "properties": { "year": 2026.0, "month": "April", "route": 778.0, "stop_id": "805701", "stop_name": "North Avenue at Staniford Road", "total_boardings": 1, "pct_total_boardings": 6.2728173731949969e-06, "pct_route_boardings": 0.0027548209366391185, "latitude": 44.512482637184064, "longitude": -73.252490889472824 }, "geometry": { "type": "Point", "coordinates": [ -73.252490889472824, 44.512482637184064 ] } },
{ "type": "Feature", "properties": { "year": 2026.0, "month": "April", "route": 778.0, "stop_id": "805702", "stop_name": "North Avenue at Woodbury Road", "total_boardings": 3, "pct_total_boardings": 1.8818452119584991e-05, "pct_route_boardings": 0.0082644628099173556, "latitude": 44.51177, "longitude": -73.2515 }, "geometry": { "type": "Point", "coordinates": [ -73.2515, 44.51177 ] } },
{ "type": "Feature", "properties": { "year": 2026.0, "month": "April", "route": 778.0, "stop_id": "805704", "stop_name": "North Avenue at Shore Road", "total_boardings": 4, "pct_total_boardings": 2.5091269492779987e-05, "pct_route_boardings": 0.011019283746556474, "latitude": 44.509482, "longitude": -73.248476 }, "geometry": { "type": "Point", "coordinates": [ -73.248476, 44.509482 ] } },
{ "type": "Feature", "properties": { "year": 2026.0, "month": "April", "route": 778.0, "stop_id": "805705", "stop_name": "North Avenue at Dept. Motor Vehicles", "total_boardings": 15, "pct_total_boardings": 9.4092260597924946e-05, "pct_route_boardings": 0.041322314049586778, "latitude": 44.508268, "longitude": -73.246789 }, "geometry": { "type": "Point", "coordinates": [ -73.246789, 44.508268 ] } },
{ "type": "Feature", "properties": { "year": 2026.0, "month": "April", "route": 778.0, "stop_id": "805706", "stop_name": "Ethan Allen Shopping Center", "total_boardings": 11, "pct_total_boardings": 6.9000991105144959e-05, "pct_route_boardings": 0.030303030303030304, "latitude": 44.506523, "longitude": -73.244415 }, "geometry": { "type": "Point", "coordinates": [ -73.244415, 44.506523 ] } },
{ "type": "Feature", "properties": { "year": 2026.0, "month": "April", "route": 778.0, "stop_id": "805707", "stop_name": "North Avenue at Lakewood Parkway", "total_boardings": 2, "pct_total_boardings": 1.2545634746389994e-05, "pct_route_boardings": 0.0055096418732782371, "latitude": 44.504869, "longitude": -73.242206 }, "geometry": { "type": "Point", "coordinates": [ -73.242206, 44.504869 ] } },
{ "type": "Feature", "properties": { "year": 2026.0, "month": "April", "route": 778.0, "stop_id": "805708", "stop_name": "North Avenue at Killarney Drive", "total_boardings": 3, "pct_total_boardings": 1.8818452119584991e-05, "pct_route_boardings": 0.0082644628099173556, "latitude": 44.503349, "longitude": -73.240156 }, "geometry": { "type": "Point", "coordinates": [ -73.240156, 44.503349 ] } },
{ "type": "Feature", "properties": { "year": 2026.0, "month": "April", "route": 778.0, "stop_id": "805709", "stop_name": "North Avenue at Oppostie Saratoga Ave. (Elk's Lodge)", "total_boardings": 1, "pct_total_boardings": 6.2728173731949969e-06, "pct_route_boardings": 0.0027548209366391185, "latitude": 44.50261, "longitude": -73.239132 }, "geometry": { "type": "Point", "coordinates": [ -73.239132, 44.50261 ] } },
{ "type": "Feature", "properties": { "year": 2026.0, "month": "April", "route": 778.0, "stop_id": "805713", "stop_name": "North Ave at Cambrian Rise", "total_boardings": 7, "pct_total_boardings": 4.3909721612364978e-05, "pct_route_boardings": 0.01928374655647383, "latitude": 44.489779761483717, "longitude": -73.226694591317667 }, "geometry": { "type": "Point", "coordinates": [ -73.226694591317667, 44.489779761483717 ] } },
{ "type": "Feature", "properties": { "year": 2026.0, "month": "April", "route": 778.0, "stop_id": "805715", "stop_name": "North Avenue at Berry Street", "total_boardings": 5, "pct_total_boardings": 3.1364086865974984e-05, "pct_route_boardings": 0.013774104683195593, "latitude": 44.487623, "longitude": -73.224958 }, "geometry": { "type": "Point", "coordinates": [ -73.224958, 44.487623 ] } },
{ "type": "Feature", "properties": { "year": 2026.0, "month": "April", "route": 778.0, "stop_id": "805716", "stop_name": "North Avenue at Opposite Ward Street", "total_boardings": 3, "pct_total_boardings": 1.8818452119584991e-05, "pct_route_boardings": 0.0082644628099173556, "latitude": 44.486342, "longitude": -73.223938 }, "geometry": { "type": "Point", "coordinates": [ -73.223938, 44.486342 ] } },
{ "type": "Feature", "properties": { "year": 2026.0, "month": "April", "route": 778.0, "stop_id": "805717", "stop_name": "North Avenue at Canfield Street", "total_boardings": 1, "pct_total_boardings": 6.2728173731949969e-06, "pct_route_boardings": 0.0027548209366391185, "latitude": 44.48527, "longitude": -73.2231 }, "geometry": { "type": "Point", "coordinates": [ -73.2231, 44.48527 ] } },
{ "type": "Feature", "properties": { "year": 2026.0, "month": "April", "route": 778.0, "stop_id": "805880", "stop_name": "North Avenue at Green Acres Drive", "total_boardings": 2, "pct_total_boardings": 1.2545634746389994e-05, "pct_route_boardings": 0.0055096418732782371, "latitude": 44.513835541321122, "longitude": -73.254339107193573 }, "geometry": { "type": "Point", "coordinates": [ -73.254339107193573, 44.513835541321122 ] } },
{ "type": "Feature", "properties": { "year": 2026.0, "month": "April", "route": 778.0, "stop_id": "805920", "stop_name": "N Prospect Street at Loomis Street", "total_boardings": 3, "pct_total_boardings": 1.8818452119584991e-05, "pct_route_boardings": 0.0082644628099173556, "latitude": 44.483159711608565, "longitude": -73.201238384539124 }, "geometry": { "type": "Point", "coordinates": [ -73.201238384539124, 44.483159711608565 ] } },
{ "type": "Feature", "properties": { "year": 2026.0, "month": "April", "route": 778.0, "stop_id": "805949", "stop_name": "N Union Street at Pearl Street", "total_boardings": 1, "pct_total_boardings": 6.2728173731949969e-06, "pct_route_boardings": 0.0027548209366391185, "latitude": 44.48083, "longitude": -73.2093 }, "geometry": { "type": "Point", "coordinates": [ -73.2093, 44.48083 ] } },
{ "type": "Feature", "properties": { "year": 2026.0, "month": "April", "route": 778.0, "stop_id": "805953", "stop_name": "North Avenue at Barley Road", "total_boardings": 5, "pct_total_boardings": 3.1364086865974984e-05, "pct_route_boardings": 0.013774104683195593, "latitude": 44.51807, "longitude": -73.25985 }, "geometry": { "type": "Point", "coordinates": [ -73.25985, 44.51807 ] } },
{ "type": "Feature", "properties": { "year": 2026.0, "month": "April", "route": 778.0, "stop_id": "805954", "stop_name": "Pearl Street at N Winooski Avenue", "total_boardings": 1, "pct_total_boardings": 6.2728173731949969e-06, "pct_route_boardings": 0.0027548209366391185, "latitude": 44.48046, "longitude": -73.21053 }, "geometry": { "type": "Point", "coordinates": [ -73.21053, 44.48046 ] } },
{ "type": "Feature", "properties": { "year": 2026.0, "month": "April", "route": 778.0, "stop_id": "805956", "stop_name": "North Avenue at Tracy Drive", "total_boardings": 5, "pct_total_boardings": 3.1364086865974984e-05, "pct_route_boardings": 0.013774104683195593, "latitude": 44.515908420590399, "longitude": -73.257145737964436 }, "geometry": { "type": "Point", "coordinates": [ -73.257145737964436, 44.515908420590399 ] } },
{ "type": "Feature", "properties": { "year": 2026.0, "month": "April", "route": 778.0, "stop_id": "805992", "stop_name": "Elmwood Avenue at North Street", "total_boardings": 2, "pct_total_boardings": 1.2545634746389994e-05, "pct_route_boardings": 0.0055096418732782371, "latitude": 44.48458, "longitude": -73.2138 }, "geometry": { "type": "Point", "coordinates": [ -73.2138, 44.48458 ] } },
{ "type": "Feature", "properties": { "year": 2026.0, "month": "April", "route": 778.0, "stop_id": "806029", "stop_name": "Fern Hill", "total_boardings": 6, "pct_total_boardings": 3.7636904239169981e-05, "pct_route_boardings": 0.016528925619834711, "latitude": 44.48710922696219, "longitude": -73.200809387731567 }, "geometry": { "type": "Point", "coordinates": [ -73.200809387731567, 44.48710922696219 ] } },
{ "type": "Feature", "properties": { "year": 2026.0, "month": "April", "route": 778.0, "stop_id": "806071", "stop_name": "North Avenue at N of Institute Road", "total_boardings": 2, "pct_total_boardings": 1.2545634746389994e-05, "pct_route_boardings": 0.0055096418732782371, "latitude": 44.498863877725697, "longitude": -73.23408881833916 }, "geometry": { "type": "Point", "coordinates": [ -73.23408881833916, 44.498863877725697 ] } },
{ "type": "Feature", "properties": { "year": 2026.0, "month": "April", "route": 778.0, "stop_id": "809081", "stop_name": "Fern Hill (Main Road)", "total_boardings": 1, "pct_total_boardings": 6.2728173731949969e-06, "pct_route_boardings": 0.0027548209366391185, "latitude": 44.486947130695434, "longitude": -73.201815136532105 }, "geometry": { "type": "Point", "coordinates": [ -73.201815136532105, 44.486947130695434 ] } },
{ "type": "Feature", "properties": { "year": 2026.0, "month": "April", "route": 0.0, "stop_id": "2387294", "stop_name": "Waterbury State Complex", "total_boardings": 52, "pct_total_boardings": 0.00032618650340613981, "pct_route_boardings": 0.00032618650340613981, "latitude": 44.331774, "longitude": -72.754829 }, "geometry": { "type": "Point", "coordinates": [ -72.754829, 44.331774 ] } },
{ "type": "Feature", "properties": { "year": 2026.0, "month": "April", "route": 0.0, "stop_id": "2530427", "stop_name": "Williston Road at Mills Avenue", "total_boardings": 81, "pct_total_boardings": 0.00050809820722879479, "pct_route_boardings": 0.00050809820722879479, "latitude": 44.464546559290739, "longitude": -73.160079805877103 }, "geometry": { "type": "Point", "coordinates": [ -73.160079805877103, 44.464546559290739 ] } },
{ "type": "Feature", "properties": { "year": 2026.0, "month": "April", "route": 0.0, "stop_id": "2530430", "stop_name": "Northgate", "total_boardings": 119, "pct_total_boardings": 0.00074646526741020463, "pct_route_boardings": 0.00074646526741020463, "latitude": 44.520183531733551, "longitude": -73.264744240753956 }, "geometry": { "type": "Point", "coordinates": [ -73.264744240753956, 44.520183531733551 ] } },
{ "type": "Feature", "properties": { "year": 2026.0, "month": "April", "route": 0.0, "stop_id": "2535799", "stop_name": "Pine St at Hickock St", "total_boardings": 161, "pct_total_boardings": 0.0010099235970843945, "pct_route_boardings": 0.0010099235970843945, "latitude": 44.497364, "longitude": -73.196294 }, "geometry": { "type": "Point", "coordinates": [ -73.196294, 44.497364 ] } },
{ "type": "Feature", "properties": { "year": 2026.0, "month": "April", "route": 0.0, "stop_id": "2556011", "stop_name": "N Champlain Street and Peru Street", "total_boardings": 19, "pct_total_boardings": 0.00011918353009070493, "pct_route_boardings": 0.00011918353009070493, "latitude": 44.482624633525489, "longitude": -73.217518524467962 }, "geometry": { "type": "Point", "coordinates": [ -73.217518524467962, 44.482624633525489 ] } },
{ "type": "Feature", "properties": { "year": 2026.0, "month": "April", "route": 0.0, "stop_id": "2562322", "stop_name": "Downtown Transit Center", "total_boardings": 37383, "pct_total_boardings": 0.23449673186214856, "pct_route_boardings": 0.23449673186214856, "latitude": 44.479731, "longitude": -73.214298 }, "geometry": { "type": "Point", "coordinates": [ -73.214298, 44.479731 ] } },
{ "type": "Feature", "properties": { "year": 2026.0, "month": "April", "route": 0.0, "stop_id": "2573649", "stop_name": "194 St Paul Street (Eagles Landing)", "total_boardings": 70, "pct_total_boardings": 0.00043909721612364979, "pct_route_boardings": 0.00043909721612364979, "latitude": 44.474220989280326, "longitude": -73.213814207177123 }, "geometry": { "type": "Point", "coordinates": [ -73.213814207177123, 44.474220989280326 ] } },
{ "type": "Feature", "properties": { "year": 2026.0, "month": "April", "route": 0.0, "stop_id": "2574444", "stop_name": "Montpelier Transit Center", "total_boardings": 671, "pct_total_boardings": 0.0042090604574138426, "pct_route_boardings": 0.0042090604574138426, "latitude": 44.2600159183554, "longitude": -72.579695735311304 }, "geometry": { "type": "Point", "coordinates": [ -72.579695735311304, 44.2600159183554 ] } },
{ "type": "Feature", "properties": { "year": 2026.0, "month": "April", "route": 0.0, "stop_id": "2574545", "stop_name": "Creek Farm Plaza", "total_boardings": 1, "pct_total_boardings": 6.2728173731949969e-06, "pct_route_boardings": 6.2728173731949969e-06, "latitude": 44.551422, "longitude": -73.16359 }, "geometry": { "type": "Point", "coordinates": [ -73.16359, 44.551422 ] } },
{ "type": "Feature", "properties": { "year": 2026.0, "month": "April", "route": 0.0, "stop_id": "2734696", "stop_name": "Downtown BHS", "total_boardings": 1138, "pct_total_boardings": 0.0071384661706959066, "pct_route_boardings": 0.0071384661706959066, "latitude": 44.479136394041511, "longitude": -73.216444672632022 }, "geometry": { "type": "Point", "coordinates": [ -73.216444672632022, 44.479136394041511 ] } },
{ "type": "Feature", "properties": { "year": 2026.0, "month": "April", "route": 0.0, "stop_id": "2745400", "stop_name": "Price Chopper", "total_boardings": 118, "pct_total_boardings": 0.00074019245003700959, "pct_route_boardings": 0.00074019245003700959, "latitude": 44.4490348047539, "longitude": -73.210493265239066 }, "geometry": { "type": "Point", "coordinates": [ -73.210493265239066, 44.4490348047539 ] } },
{ "type": "Feature", "properties": { "year": 2026.0, "month": "April", "route": 0.0, "stop_id": "4209790", "stop_name": "E Allen Street at Hillside Park", "total_boardings": 163, "pct_total_boardings": 0.0010224692318307844, "pct_route_boardings": 0.0010224692318307844, "latitude": 44.493028716232203, "longitude": -73.175863613391599 }, "geometry": { "type": "Point", "coordinates": [ -73.175863613391599, 44.493028716232203 ] } },
{ "type": "Feature", "properties": { "year": 2026.0, "month": "April", "route": 0.0, "stop_id": "4209791", "stop_name": "Shelburne Road at Harrington Ave", "total_boardings": 246, "pct_total_boardings": 0.0015431130738059692, "pct_route_boardings": 0.0015431130738059692, "latitude": 44.383345920995978, "longitude": -73.226394096927336 }, "geometry": { "type": "Point", "coordinates": [ -73.226394096927336, 44.383345920995978 ] } },
{ "type": "Feature", "properties": { "year": 2026.0, "month": "April", "route": 0.0, "stop_id": "4212452", "stop_name": "Williston Park & Ride", "total_boardings": 42, "pct_total_boardings": 0.00026345832967418985, "pct_route_boardings": 0.00026345832967418985, "latitude": 44.4382869455902, "longitude": -73.117666280292497 }, "geometry": { "type": "Point", "coordinates": [ -73.117666280292497, 44.4382869455902 ] } },
{ "type": "Feature", "properties": { "year": 2026.0, "month": "April", "route": 0.0, "stop_id": "4247351", "stop_name": "Opposite Boys & Girls Club", "total_boardings": 362, "pct_total_boardings": 0.0022707598890965887, "pct_route_boardings": 0.0022707598890965887, "latitude": 44.489718578559803, "longitude": -73.2111712459659 }, "geometry": { "type": "Point", "coordinates": [ -73.2111712459659, 44.489718578559803 ] } },
{ "type": "Feature", "properties": { "year": 2026.0, "month": "April", "route": 0.0, "stop_id": "4251888", "stop_name": "Champlain Parkway at Home Ave", "total_boardings": 369, "pct_total_boardings": 0.002314669610708954, "pct_route_boardings": 0.002314669610708954, "latitude": 44.45162405, "longitude": -73.217689578000005 }, "geometry": { "type": "Point", "coordinates": [ -73.217689578, 44.45162405 ] } },
{ "type": "Feature", "properties": { "year": 2026.0, "month": "April", "route": 0.0, "stop_id": "4251889", "stop_name": "Champlain Parkway at Flynn Ave", "total_boardings": 216, "pct_total_boardings": 0.0013549285526101194, "pct_route_boardings": 0.0013549285526101194, "latitude": 44.455390432999998, "longitude": -73.217056133 }, "geometry": { "type": "Point", "coordinates": [ -73.217056133, 44.455390433 ] } },
{ "type": "Feature", "properties": { "year": 2026.0, "month": "April", "route": 0.0, "stop_id": "4251891", "stop_name": "Pine Street at Kilburn Street", "total_boardings": 87, "pct_total_boardings": 0.00054573511146796473, "pct_route_boardings": 0.00054573511146796473, "latitude": 44.470969443000001, "longitude": -73.21518026 }, "geometry": { "type": "Point", "coordinates": [ -73.21518026, 44.470969443 ] } },
{ "type": "Feature", "properties": { "year": 2026.0, "month": "April", "route": 0.0, "stop_id": "4251952", "stop_name": "Waterbury State Complex at State Drive South Entrance", "total_boardings": 1, "pct_total_boardings": 6.2728173731949969e-06, "pct_route_boardings": 6.2728173731949969e-06, "latitude": 44.331031416999998, "longitude": -72.751577666000003 }, "geometry": { "type": "Point", "coordinates": [ -72.751577666, 44.331031417 ] } },
{ "type": "Feature", "properties": { "year": 2026.0, "month": "April", "route": 0.0, "stop_id": "4254390", "stop_name": "Shelburne Road at Opposite Marion St", "total_boardings": 3, "pct_total_boardings": 1.8818452119584991e-05, "pct_route_boardings": 1.8818452119584991e-05, "latitude": 44.464545793, "longitude": -73.207594826999994 }, "geometry": { "type": "Point", "coordinates": [ -73.207594827, 44.464545793 ] } },
{ "type": "Feature", "properties": { "year": 2026.0, "month": "April", "route": 0.0, "stop_id": "4254393", "stop_name": "Shelburne Road at Opposite Prospect Parkway", "total_boardings": 41, "pct_total_boardings": 0.00025718551230099486, "pct_route_boardings": 0.00025718551230099486, "latitude": 44.457376, "longitude": -73.20848 }, "geometry": { "type": "Point", "coordinates": [ -73.20848, 44.457376 ] } },
{ "type": "Feature", "properties": { "year": 2026.0, "month": "April", "route": 0.0, "stop_id": "4254428", "stop_name": "Pearl Street at Opposite North Champlain Street", "total_boardings": 7, "pct_total_boardings": 4.3909721612364978e-05, "pct_route_boardings": 4.3909721612364978e-05, "latitude": 44.480227, "longitude": -73.218169 }, "geometry": { "type": "Point", "coordinates": [ -73.218169, 44.480227 ] } },
{ "type": "Feature", "properties": { "year": 2026.0, "month": "April", "route": 0.0, "stop_id": "4254458", "stop_name": "Queen City Park Rd. at 733 Queen City Park Rd.", "total_boardings": 6, "pct_total_boardings": 3.7636904239169981e-05, "pct_route_boardings": 3.7636904239169981e-05, "latitude": 44.445084972508297, "longitude": -73.212062499413292 }, "geometry": { "type": "Point", "coordinates": [ -73.212062499413292, 44.445084972508297 ] } },
{ "type": "Feature", "properties": { "year": 2026.0, "month": "April", "route": 0.0, "stop_id": "4255578", "stop_name": "South Burlington City Center", "total_boardings": 998, "pct_total_boardings": 0.0062602717384486065, "pct_route_boardings": 0.0062602717384486065, "latitude": 44.465916, "longitude": -73.178304 }, "geometry": { "type": "Point", "coordinates": [ -73.178304, 44.465916 ] } },
{ "type": "Feature", "properties": { "year": 2026.0, "month": "April", "route": 0.0, "stop_id": "4255596", "stop_name": "Hinesburg Road at Prouty Parkway", "total_boardings": 44, "pct_total_boardings": 0.00027600396442057983, "pct_route_boardings": 0.00027600396442057983, "latitude": 44.457897, "longitude": -73.169572 }, "geometry": { "type": "Point", "coordinates": [ -73.169572, 44.457897 ] } },
{ "type": "Feature", "properties": { "year": 2026.0, "month": "April", "route": 0.0, "stop_id": "4255597", "stop_name": "Hinesburg Road at Wright Court", "total_boardings": 35, "pct_total_boardings": 0.0002195486080618249, "pct_route_boardings": 0.0002195486080618249, "latitude": 44.459664, "longitude": -73.169867 }, "geometry": { "type": "Point", "coordinates": [ -73.169867, 44.459664 ] } },
{ "type": "Feature", "properties": { "year": 2026.0, "month": "April", "route": 0.0, "stop_id": "4255599", "stop_name": "Hinesburg Road at Opposite Iby Street", "total_boardings": 39, "pct_total_boardings": 0.00024463987755460488, "pct_route_boardings": 0.00024463987755460488, "latitude": 44.462676, "longitude": -73.170423 }, "geometry": { "type": "Point", "coordinates": [ -73.170423, 44.462676 ] } },
{ "type": "Feature", "properties": { "year": 2026.0, "month": "April", "route": 0.0, "stop_id": "4255600", "stop_name": "Market Street at Garden Street", "total_boardings": 1536, "pct_total_boardings": 0.0096350474852275152, "pct_route_boardings": 0.0096350474852275152, "latitude": 44.464424, "longitude": -73.175618 }, "geometry": { "type": "Point", "coordinates": [ -73.175618, 44.464424 ] } },
{ "type": "Feature", "properties": { "year": 2026.0, "month": "April", "route": 0.0, "stop_id": "4255601", "stop_name": "Market Street at Hinesburg Road", "total_boardings": 247, "pct_total_boardings": 0.0015493858911791642, "pct_route_boardings": 0.0015493858911791642, "latitude": 44.46339, "longitude": -73.172066 }, "geometry": { "type": "Point", "coordinates": [ -73.172066, 44.46339 ] } },
{ "type": "Feature", "properties": { "year": 2026.0, "month": "April", "route": 0.0, "stop_id": "4255602", "stop_name": "Market Street at Garden Street", "total_boardings": 146, "pct_total_boardings": 0.00091583133648646953, "pct_route_boardings": 0.00091583133648646953, "latitude": 44.464565, "longitude": -73.176005 }, "geometry": { "type": "Point", "coordinates": [ -73.176005, 44.464565 ] } },
{ "type": "Feature", "properties": { "year": 2026.0, "month": "April", "route": 0.0, "stop_id": "4255603", "stop_name": "Market Street at Hinesburg Road", "total_boardings": 26, "pct_total_boardings": 0.0001630932517030699, "pct_route_boardings": 0.0001630932517030699, "latitude": 44.463335, "longitude": -73.171739 }, "geometry": { "type": "Point", "coordinates": [ -73.171739, 44.463335 ] } },
{ "type": "Feature", "properties": { "year": 2026.0, "month": "April", "route": 0.0, "stop_id": "4255696", "stop_name": "Saint Albans Park and Ride", "total_boardings": 180, "pct_total_boardings": 0.0011291071271750995, "pct_route_boardings": 0.0011291071271750995, "latitude": 44.804924, "longitude": -73.069639 }, "geometry": { "type": "Point", "coordinates": [ -73.069639, 44.804924 ] } },
{ "type": "Feature", "properties": { "year": 2026.0, "month": "April", "route": 0.0, "stop_id": "4255702", "stop_name": "Hinesburg Road at Williston Road", "total_boardings": 67, "pct_total_boardings": 0.00042027876400406477, "pct_route_boardings": 0.00042027876400406477, "latitude": 44.465742, "longitude": -73.171047 }, "geometry": { "type": "Point", "coordinates": [ -73.171047, 44.465742 ] } },
{ "type": "Feature", "properties": { "year": 2026.0, "month": "April", "route": 0.0, "stop_id": "4255703", "stop_name": "620 Hinesburg Rd", "total_boardings": 83, "pct_total_boardings": 0.00052064384197518477, "pct_route_boardings": 0.00052064384197518477, "latitude": 44.454911, "longitude": -73.165713 }, "geometry": { "type": "Point", "coordinates": [ -73.165713, 44.454911 ] } },
{ "type": "Feature", "properties": { "year": 2026.0, "month": "April", "route": 0.0, "stop_id": "4256754", "stop_name": "Creek Farm Plaza", "total_boardings": 26, "pct_total_boardings": 0.0001630932517030699, "pct_route_boardings": 0.0001630932517030699, "latitude": 44.551831, "longitude": -73.163725 }, "geometry": { "type": "Point", "coordinates": [ -73.163725, 44.551831 ] } },
{ "type": "Feature", "properties": { "year": 2026.0, "month": "April", "route": 0.0, "stop_id": "4256763", "stop_name": "River Street at Main Street", "total_boardings": 3, "pct_total_boardings": 1.8818452119584991e-05, "pct_route_boardings": 1.8818452119584991e-05, "latitude": 44.639824, "longitude": -73.113325 }, "geometry": { "type": "Point", "coordinates": [ -73.113325, 44.639824 ] } },
{ "type": "Feature", "properties": { "year": 2026.0, "month": "April", "route": 0.0, "stop_id": "4256765", "stop_name": "US 7 at Opposite Kilburn Road", "total_boardings": 1, "pct_total_boardings": 6.2728173731949969e-06, "pct_route_boardings": 6.2728173731949969e-06, "latitude": 44.650579, "longitude": -73.115345 }, "geometry": { "type": "Point", "coordinates": [ -73.115345, 44.650579 ] } },
{ "type": "Feature", "properties": { "year": 2026.0, "month": "April", "route": 0.0, "stop_id": "4256766", "stop_name": "River Street Park", "total_boardings": 18, "pct_total_boardings": 0.00011291071271750994, "pct_route_boardings": 0.00011291071271750994, "latitude": 44.637401, "longitude": -73.1137 }, "geometry": { "type": "Point", "coordinates": [ -73.1137, 44.637401 ] } },
{ "type": "Feature", "properties": { "year": 2026.0, "month": "April", "route": 0.0, "stop_id": "4256768", "stop_name": "259 US 7-Milton Square", "total_boardings": 1, "pct_total_boardings": 6.2728173731949969e-06, "pct_route_boardings": 6.2728173731949969e-06, "latitude": 44.623179, "longitude": -73.120129 }, "geometry": { "type": "Point", "coordinates": [ -73.120129, 44.623179 ] } },
{ "type": "Feature", "properties": { "year": 2026.0, "month": "April", "route": 0.0, "stop_id": "4256770", "stop_name": "Fairfield Street at Northwestern Medical Center", "total_boardings": 7, "pct_total_boardings": 4.3909721612364978e-05, "pct_route_boardings": 4.3909721612364978e-05, "latitude": 44.80638, "longitude": -73.072262 }, "geometry": { "type": "Point", "coordinates": [ -73.072262, 44.80638 ] } },
{ "type": "Feature", "properties": { "year": 2026.0, "month": "April", "route": 0.0, "stop_id": "4256771", "stop_name": "Fairfield Street at opposite Northwestern Medical Center", "total_boardings": 2, "pct_total_boardings": 1.2545634746389994e-05, "pct_route_boardings": 1.2545634746389994e-05, "latitude": 44.806265, "longitude": -73.072225 }, "geometry": { "type": "Point", "coordinates": [ -73.072225, 44.806265 ] } },
{ "type": "Feature", "properties": { "year": 2026.0, "month": "April", "route": 0.0, "stop_id": "4258661", "stop_name": "Austin Drive at Ledgewood Circle", "total_boardings": 32, "pct_total_boardings": 0.0002007301559422399, "pct_route_boardings": 0.0002007301559422399, "latitude": 44.451498, "longitude": -73.221579 }, "geometry": { "type": "Point", "coordinates": [ -73.221579, 44.451498 ] } },
{ "type": "Feature", "properties": { "year": 2026.0, "month": "April", "route": 0.0, "stop_id": "4258662", "stop_name": "South Cove Road at Austin Drive", "total_boardings": 16, "pct_total_boardings": 0.00010036507797111995, "pct_route_boardings": 0.00010036507797111995, "latitude": 44.451304, "longitude": -73.228474 }, "geometry": { "type": "Point", "coordinates": [ -73.228474, 44.451304 ] } },
{ "type": "Feature", "properties": { "year": 2026.0, "month": "April", "route": 0.0, "stop_id": "4259370", "stop_name": "South Burlington City Center", "total_boardings": 123, "pct_total_boardings": 0.00077155653690298459, "pct_route_boardings": 0.00077155653690298459, "latitude": 44.465801, "longitude": -73.178344 }, "geometry": { "type": "Point", "coordinates": [ -73.178344, 44.465801 ] } },
{ "type": "Feature", "properties": { "year": 2026.0, "month": "April", "route": 0.0, "stop_id": "4259665", "stop_name": "5138 Shelburne Road", "total_boardings": 21, "pct_total_boardings": 0.00013172916483709493, "pct_route_boardings": 0.00013172916483709493, "latitude": 44.382721, "longitude": -73.226898 }, "geometry": { "type": "Point", "coordinates": [ -73.226898, 44.382721 ] } },
{ "type": "Feature", "properties": { "year": 2026.0, "month": "April", "route": 0.0, "stop_id": "4259993", "stop_name": "10 North Champlain Street", "total_boardings": 23, "pct_total_boardings": 0.00014427479958348493, "pct_route_boardings": 0.00014427479958348493, "latitude": 44.480657, "longitude": -73.217354 }, "geometry": { "type": "Point", "coordinates": [ -73.217354, 44.480657 ] } },
{ "type": "Feature", "properties": { "year": 2026.0, "month": "April", "route": 0.0, "stop_id": "805484", "stop_name": "S. Winooski Avenue at Bank Street", "total_boardings": 3686, "pct_total_boardings": 0.02312160483759676, "pct_route_boardings": 0.02312160483759676, "latitude": 44.478387, "longitude": -73.211225 }, "geometry": { "type": "Point", "coordinates": [ -73.211225, 44.478387 ] } },
{ "type": "Feature", "properties": { "year": 2026.0, "month": "April", "route": 0.0, "stop_id": "805485", "stop_name": "Main Street at S. Winooski", "total_boardings": 1993, "pct_total_boardings": 0.012501725024777628, "pct_route_boardings": 0.012501725024777628, "latitude": 44.475929, "longitude": -73.21056 }, "geometry": { "type": "Point", "coordinates": [ -73.21056, 44.475929 ] } },
{ "type": "Feature", "properties": { "year": 2026.0, "month": "April", "route": 0.0, "stop_id": "805486", "stop_name": "Main Street at S. Union Street", "total_boardings": 1538, "pct_total_boardings": 0.0096475931199739053, "pct_route_boardings": 0.0096475931199739053, "latitude": 44.47603, "longitude": -73.20863 }, "geometry": { "type": "Point", "coordinates": [ -73.20863, 44.47603 ] } },
{ "type": "Feature", "properties": { "year": 2026.0, "month": "April", "route": 0.0, "stop_id": "805487", "stop_name": "Main Street at S. Willard Street", "total_boardings": 1093, "pct_total_boardings": 0.0068561893889021314, "pct_route_boardings": 0.0068561893889021314, "latitude": 44.476129, "longitude": -73.205639 }, "geometry": { "type": "Point", "coordinates": [ -73.205639, 44.476129 ] } },
{ "type": "Feature", "properties": { "year": 2026.0, "month": "April", "route": 0.0, "stop_id": "805488", "stop_name": "Main Street at S. Prospect Street", "total_boardings": 535, "pct_total_boardings": 0.0033559572946593231, "pct_route_boardings": 0.0033559572946593231, "latitude": 44.476288, "longitude": -73.200853 }, "geometry": { "type": "Point", "coordinates": [ -73.200853, 44.476288 ] } },
{ "type": "Feature", "properties": { "year": 2026.0, "month": "April", "route": 0.0, "stop_id": "805490", "stop_name": "University Heights", "total_boardings": 6276, "pct_total_boardings": 0.0393682018341718, "pct_route_boardings": 0.0393682018341718, "latitude": 44.47443, "longitude": -73.19472 }, "geometry": { "type": "Point", "coordinates": [ -73.19472, 44.47443 ] } },
{ "type": "Feature", "properties": { "year": 2026.0, "month": "April", "route": 0.0, "stop_id": "805491", "stop_name": "Dorset Street at Williston Road", "total_boardings": 21, "pct_total_boardings": 0.00013172916483709493, "pct_route_boardings": 0.00013172916483709493, "latitude": 44.46822, "longitude": -73.18168 }, "geometry": { "type": "Point", "coordinates": [ -73.18168, 44.46822 ] } },
{ "type": "Feature", "properties": { "year": 2026.0, "month": "April", "route": 0.0, "stop_id": "805492", "stop_name": "Dorset Street at Peoples United Bank", "total_boardings": 160, "pct_total_boardings": 0.0010036507797111995, "pct_route_boardings": 0.0010036507797111995, "latitude": 44.46717, "longitude": -73.18152 }, "geometry": { "type": "Point", "coordinates": [ -73.18152, 44.46717 ] } },
{ "type": "Feature", "properties": { "year": 2026.0, "month": "April", "route": 0.0, "stop_id": "805493", "stop_name": "University Mall", "total_boardings": 2638, "pct_total_boardings": 0.016547692230488402, "pct_route_boardings": 0.016547692230488402, "latitude": 44.46386, "longitude": -73.183538 }, "geometry": { "type": "Point", "coordinates": [ -73.183538, 44.46386 ] } },
{ "type": "Feature", "properties": { "year": 2026.0, "month": "April", "route": 0.0, "stop_id": "805495", "stop_name": "Dorset Street at The Pines", "total_boardings": 214, "pct_total_boardings": 0.0013423829178637293, "pct_route_boardings": 0.0013423829178637293, "latitude": 44.457633283199272, "longitude": -73.179792740096786 }, "geometry": { "type": "Point", "coordinates": [ -73.179792740096786, 44.457633283199272 ] } },
{ "type": "Feature", "properties": { "year": 2026.0, "month": "April", "route": 0.0, "stop_id": "805496", "stop_name": "Dorset Street at Fire Station", "total_boardings": 121, "pct_total_boardings": 0.00075901090215659461, "pct_route_boardings": 0.00075901090215659461, "latitude": 44.454692892372208, "longitude": -73.179299893836401 }, "geometry": { "type": "Point", "coordinates": [ -73.179299893836401, 44.454692892372208 ] } },
{ "type": "Feature", "properties": { "year": 2026.0, "month": "April", "route": 0.0, "stop_id": "805497", "stop_name": "Kennedy Drive at Dorset Street", "total_boardings": 23, "pct_total_boardings": 0.00014427479958348493, "pct_route_boardings": 0.00014427479958348493, "latitude": 44.452867, "longitude": -73.177547 }, "geometry": { "type": "Point", "coordinates": [ -73.177547, 44.452867 ] } },
{ "type": "Feature", "properties": { "year": 2026.0, "month": "April", "route": 0.0, "stop_id": "805498", "stop_name": "Kennedy Drive at Twin Oaks Terrace", "total_boardings": 25, "pct_total_boardings": 0.00015682043432987491, "pct_route_boardings": 0.00015682043432987491, "latitude": 44.453148026331554, "longitude": -73.173946428169529 }, "geometry": { "type": "Point", "coordinates": [ -73.173946428169529, 44.453148026331554 ] } },
{ "type": "Feature", "properties": { "year": 2026.0, "month": "April", "route": 0.0, "stop_id": "805499", "stop_name": "Kennedy Drive at Timber Lane", "total_boardings": 476, "pct_total_boardings": 0.0029858610696408185, "pct_route_boardings": 0.0029858610696408185, "latitude": 44.453916068790797, "longitude": -73.166720670860201 }, "geometry": { "type": "Point", "coordinates": [ -73.166720670860201, 44.453916068790797 ] } },
{ "type": "Feature", "properties": { "year": 2026.0, "month": "April", "route": 0.0, "stop_id": "805500", "stop_name": "Williston Road at Heath Street", "total_boardings": 15, "pct_total_boardings": 9.4092260597924946e-05, "pct_route_boardings": 9.4092260597924946e-05, "latitude": 44.46633, "longitude": -73.1689 }, "geometry": { "type": "Point", "coordinates": [ -73.1689, 44.46633 ] } },
{ "type": "Feature", "properties": { "year": 2026.0, "month": "April", "route": 0.0, "stop_id": "805501", "stop_name": "Williston Road at Davis Parkway", "total_boardings": 16, "pct_total_boardings": 0.00010036507797111995, "pct_route_boardings": 0.00010036507797111995, "latitude": 44.46617, "longitude": -73.16793 }, "geometry": { "type": "Point", "coordinates": [ -73.16793, 44.46617 ] } },
{ "type": "Feature", "properties": { "year": 2026.0, "month": "April", "route": 0.0, "stop_id": "805502", "stop_name": "Williston Road at Hayden Parkway", "total_boardings": 18, "pct_total_boardings": 0.00011291071271750994, "pct_route_boardings": 0.00011291071271750994, "latitude": 44.46578, "longitude": -73.16625 }, "geometry": { "type": "Point", "coordinates": [ -73.16625, 44.46578 ] } },
{ "type": "Feature", "properties": { "year": 2026.0, "month": "April", "route": 0.0, "stop_id": "805503", "stop_name": "Williston Road at Elsom Parkway", "total_boardings": 19, "pct_total_boardings": 0.00011918353009070493, "pct_route_boardings": 0.00011918353009070493, "latitude": 44.46537, "longitude": -73.16438 }, "geometry": { "type": "Point", "coordinates": [ -73.16438, 44.46537 ] } },
{ "type": "Feature", "properties": { "year": 2026.0, "month": "April", "route": 0.0, "stop_id": "805504", "stop_name": "Williston Road at Victoria Drive", "total_boardings": 21, "pct_total_boardings": 0.00013172916483709493, "pct_route_boardings": 0.00013172916483709493, "latitude": 44.46483, "longitude": -73.16207 }, "geometry": { "type": "Point", "coordinates": [ -73.16207, 44.46483 ] } },
{ "type": "Feature", "properties": { "year": 2026.0, "month": "April", "route": 0.0, "stop_id": "805505", "stop_name": "Williston Road at Mills Avenue", "total_boardings": 55, "pct_total_boardings": 0.00034500495552572483, "pct_route_boardings": 0.00034500495552572483, "latitude": 44.46438, "longitude": -73.16013 }, "geometry": { "type": "Point", "coordinates": [ -73.16013, 44.46438 ] } },
{ "type": "Feature", "properties": { "year": 2026.0, "month": "April", "route": 0.0, "stop_id": "805516", "stop_name": "Hinesburg Road at Williston Road", "total_boardings": 537, "pct_total_boardings": 0.0033685029294057132, "pct_route_boardings": 0.0033685029294057132, "latitude": 44.46578, "longitude": -73.17117 }, "geometry": { "type": "Point", "coordinates": [ -73.17117, 44.46578 ] } },
{ "type": "Feature", "properties": { "year": 2026.0, "month": "April", "route": 0.0, "stop_id": "805517", "stop_name": "Hinesburg Road at Village Green Drive", "total_boardings": 203, "pct_total_boardings": 0.0012733819267585844, "pct_route_boardings": 0.0012733819267585844, "latitude": 44.46477, "longitude": -73.17097 }, "geometry": { "type": "Point", "coordinates": [ -73.17097, 44.46477 ] } },
{ "type": "Feature", "properties": { "year": 2026.0, "month": "April", "route": 0.0, "stop_id": "805529", "stop_name": "Dorset Street at Barnes & Noble", "total_boardings": 4068, "pct_total_boardings": 0.025517821074157246, "pct_route_boardings": 0.025517821074157246, "latitude": 44.466905, "longitude": -73.181203 }, "geometry": { "type": "Point", "coordinates": [ -73.181203, 44.466905 ] } },
{ "type": "Feature", "properties": { "year": 2026.0, "month": "April", "route": 0.0, "stop_id": "805530", "stop_name": "Williston Road at Sheraton Hotel", "total_boardings": 401, "pct_total_boardings": 0.0025153997666511937, "pct_route_boardings": 0.0025153997666511937, "latitude": 44.471703, "longitude": -73.188163 }, "geometry": { "type": "Point", "coordinates": [ -73.188163, 44.471703 ] } },
{ "type": "Feature", "properties": { "year": 2026.0, "month": "April", "route": 0.0, "stop_id": "805531", "stop_name": "University Heights", "total_boardings": 3481, "pct_total_boardings": 0.021835677276091783, "pct_route_boardings": 0.021835677276091783, "latitude": 44.474604, "longitude": -73.194513 }, "geometry": { "type": "Point", "coordinates": [ -73.194513, 44.474604 ] } },
{ "type": "Feature", "properties": { "year": 2026.0, "month": "April", "route": 0.0, "stop_id": "805533", "stop_name": "Main Street at S. Willard Street", "total_boardings": 127, "pct_total_boardings": 0.00079664780639576455, "pct_route_boardings": 0.00079664780639576455, "latitude": 44.47623, "longitude": -73.205 }, "geometry": { "type": "Point", "coordinates": [ -73.205, 44.47623 ] } },
{ "type": "Feature", "properties": { "year": 2026.0, "month": "April", "route": 0.0, "stop_id": "805534", "stop_name": "Main Street at S Union Street", "total_boardings": 101, "pct_total_boardings": 0.0006335545546926947, "pct_route_boardings": 0.0006335545546926947, "latitude": 44.47612, "longitude": -73.20933 }, "geometry": { "type": "Point", "coordinates": [ -73.20933, 44.47612 ] } },
{ "type": "Feature", "properties": { "year": 2026.0, "month": "April", "route": 0.0, "stop_id": "805535", "stop_name": "Main Street at Church Street", "total_boardings": 73, "pct_total_boardings": 0.00045791566824323476, "pct_route_boardings": 0.00045791566824323476, "latitude": 44.47602, "longitude": -73.21237 }, "geometry": { "type": "Point", "coordinates": [ -73.21237, 44.47602 ] } },
{ "type": "Feature", "properties": { "year": 2026.0, "month": "April", "route": 0.0, "stop_id": "805536", "stop_name": "Main Street at Pine Street", "total_boardings": 74, "pct_total_boardings": 0.00046418848561642975, "pct_route_boardings": 0.00046418848561642975, "latitude": 44.47588, "longitude": -73.2159 }, "geometry": { "type": "Point", "coordinates": [ -73.2159, 44.47588 ] } },
{ "type": "Feature", "properties": { "year": 2026.0, "month": "April", "route": 0.0, "stop_id": "805537", "stop_name": "Battery Street at College Street", "total_boardings": 172, "pct_total_boardings": 0.0010789245881895394, "pct_route_boardings": 0.0010789245881895394, "latitude": 44.4766, "longitude": -73.21867 }, "geometry": { "type": "Point", "coordinates": [ -73.21867, 44.4766 ] } },
{ "type": "Feature", "properties": { "year": 2026.0, "month": "April", "route": 0.0, "stop_id": "805538", "stop_name": "Battery Street at Cherry Street", "total_boardings": 28, "pct_total_boardings": 0.00017563888644945991, "pct_route_boardings": 0.00017563888644945991, "latitude": 44.478999736300089, "longitude": -73.218831904062654 }, "geometry": { "type": "Point", "coordinates": [ -73.218831904062654, 44.478999736300089 ] } },
{ "type": "Feature", "properties": { "year": 2026.0, "month": "April", "route": 0.0, "stop_id": "805539", "stop_name": "S Union Street at Adams Street", "total_boardings": 106, "pct_total_boardings": 0.00066491864155866971, "pct_route_boardings": 0.00066491864155866971, "latitude": 44.47232, "longitude": -73.20881 }, "geometry": { "type": "Point", "coordinates": [ -73.20881, 44.47232 ] } },
{ "type": "Feature", "properties": { "year": 2026.0, "month": "April", "route": 0.0, "stop_id": "805540", "stop_name": "S Union Street at Spruce Street", "total_boardings": 79, "pct_total_boardings": 0.0004955525724824047, "pct_route_boardings": 0.0004955525724824047, "latitude": 44.470663162357646, "longitude": -73.208743716160484 }, "geometry": { "type": "Point", "coordinates": [ -73.208743716160484, 44.470663162357646 ] } },
{ "type": "Feature", "properties": { "year": 2026.0, "month": "April", "route": 0.0, "stop_id": "805541", "stop_name": "S Union Street at Howard Street", "total_boardings": 107, "pct_total_boardings": 0.00067119145893186464, "pct_route_boardings": 0.00067119145893186464, "latitude": 44.467451748434605, "longitude": -73.208074077993217 }, "geometry": { "type": "Point", "coordinates": [ -73.208074077993217, 44.467451748434605 ] } },
{ "type": "Feature", "properties": { "year": 2026.0, "month": "April", "route": 0.0, "stop_id": "805542", "stop_name": "S Union Street at St Paul Street", "total_boardings": 85, "pct_total_boardings": 0.00053318947672157475, "pct_route_boardings": 0.00053318947672157475, "latitude": 44.465256, "longitude": -73.207703 }, "geometry": { "type": "Point", "coordinates": [ -73.207703, 44.465256 ] } },
{ "type": "Feature", "properties": { "year": 2026.0, "month": "April", "route": 0.0, "stop_id": "805544", "stop_name": "Shelburne Road at Opposite Hoover Street", "total_boardings": 98, "pct_total_boardings": 0.00061473610257310968, "pct_route_boardings": 0.00061473610257310968, "latitude": 44.46058, "longitude": -73.20817 }, "geometry": { "type": "Point", "coordinates": [ -73.20817, 44.46058 ] } },
{ "type": "Feature", "properties": { "year": 2026.0, "month": "April", "route": 0.0, "stop_id": "805545", "stop_name": "Shelburne Road at Birchcliff Parkway", "total_boardings": 38, "pct_total_boardings": 0.00023836706018140987, "pct_route_boardings": 0.00023836706018140987, "latitude": 44.45862, "longitude": -73.208362 }, "geometry": { "type": "Point", "coordinates": [ -73.208362, 44.45862 ] } },
{ "type": "Feature", "properties": { "year": 2026.0, "month": "April", "route": 0.0, "stop_id": "805546", "stop_name": "Shelburne Road at Burlington Subaru", "total_boardings": 20, "pct_total_boardings": 0.00012545634746389994, "pct_route_boardings": 0.00012545634746389994, "latitude": 44.456321, "longitude": -73.20858 }, "geometry": { "type": "Point", "coordinates": [ -73.20858, 44.456321 ] } },
{ "type": "Feature", "properties": { "year": 2026.0, "month": "April", "route": 0.0, "stop_id": "805547", "stop_name": "Shelburne Road at Ferguson Avenue", "total_boardings": 16, "pct_total_boardings": 0.00010036507797111995, "pct_route_boardings": 0.00010036507797111995, "latitude": 44.453955, "longitude": -73.208797 }, "geometry": { "type": "Point", "coordinates": [ -73.208797, 44.453955 ] } },
{ "type": "Feature", "properties": { "year": 2026.0, "month": "April", "route": 0.0, "stop_id": "805548", "stop_name": "Shelburne Road at Lyman Avenue", "total_boardings": 18, "pct_total_boardings": 0.00011291071271750994, "pct_route_boardings": 0.00011291071271750994, "latitude": 44.45298, "longitude": -73.20883 }, "geometry": { "type": "Point", "coordinates": [ -73.20883, 44.45298 ] } },
{ "type": "Feature", "properties": { "year": 2026.0, "month": "April", "route": 0.0, "stop_id": "805549", "stop_name": "Shelburne Road at Scarff Avenue", "total_boardings": 67, "pct_total_boardings": 0.00042027876400406477, "pct_route_boardings": 0.00042027876400406477, "latitude": 44.451904, "longitude": -73.208988 }, "geometry": { "type": "Point", "coordinates": [ -73.208988, 44.451904 ] } },
{ "type": "Feature", "properties": { "year": 2026.0, "month": "April", "route": 0.0, "stop_id": "805550", "stop_name": "Shelburne Road at Home Avenue", "total_boardings": 655, "pct_total_boardings": 0.0041086953794427228, "pct_route_boardings": 0.0041086953794427228, "latitude": 44.450357, "longitude": -73.209121 }, "geometry": { "type": "Point", "coordinates": [ -73.209121, 44.450357 ] } },
{ "type": "Feature", "properties": { "year": 2026.0, "month": "April", "route": 0.0, "stop_id": "805551", "stop_name": "Shelburne Road at Queen City Parkway", "total_boardings": 57, "pct_total_boardings": 0.00035755059027211481, "pct_route_boardings": 0.00035755059027211481, "latitude": 44.445006, "longitude": -73.209668 }, "geometry": { "type": "Point", "coordinates": [ -73.209668, 44.445006 ] } },
{ "type": "Feature", "properties": { "year": 2026.0, "month": "April", "route": 0.0, "stop_id": "805552", "stop_name": "Shelburne Road at Opposite Brewer Parkway", "total_boardings": 123, "pct_total_boardings": 0.00077155653690298459, "pct_route_boardings": 0.00077155653690298459, "latitude": 44.44257, "longitude": -73.20993 }, "geometry": { "type": "Point", "coordinates": [ -73.20993, 44.44257 ] } },
{ "type": "Feature", "properties": { "year": 2026.0, "month": "April", "route": 0.0, "stop_id": "805553", "stop_name": "Shelburne Road at Fayette Road", "total_boardings": 168, "pct_total_boardings": 0.0010538333186967594, "pct_route_boardings": 0.0010538333186967594, "latitude": 44.436915, "longitude": -73.210534 }, "geometry": { "type": "Point", "coordinates": [ -73.210534, 44.436915 ] } },
{ "type": "Feature", "properties": { "year": 2026.0, "month": "April", "route": 0.0, "stop_id": "805554", "stop_name": "Shelburne Road at Holmes Road", "total_boardings": 43, "pct_total_boardings": 0.00026973114704738484, "pct_route_boardings": 0.00026973114704738484, "latitude": 44.43293, "longitude": -73.211 }, "geometry": { "type": "Point", "coordinates": [ -73.211, 44.43293 ] } },
{ "type": "Feature", "properties": { "year": 2026.0, "month": "April", "route": 0.0, "stop_id": "805555", "stop_name": "Shelburne Road at Bartlett Bay Road", "total_boardings": 10, "pct_total_boardings": 6.2728173731949969e-05, "pct_route_boardings": 6.2728173731949969e-05, "latitude": 44.42803, "longitude": -73.21152 }, "geometry": { "type": "Point", "coordinates": [ -73.21152, 44.42803 ] } },
{ "type": "Feature", "properties": { "year": 2026.0, "month": "April", "route": 0.0, "stop_id": "805556", "stop_name": "Shelburne Road at Harbor View Road", "total_boardings": 34, "pct_total_boardings": 0.00021327579068862988, "pct_route_boardings": 0.00021327579068862988, "latitude": 44.42382, "longitude": -73.21195 }, "geometry": { "type": "Point", "coordinates": [ -73.21195, 44.42382 ] } },
{ "type": "Feature", "properties": { "year": 2026.0, "month": "April", "route": 0.0, "stop_id": "805557", "stop_name": "Shelburne Road at Opposite Allen Road", "total_boardings": 24, "pct_total_boardings": 0.00015054761695667992, "pct_route_boardings": 0.00015054761695667992, "latitude": 44.42202, "longitude": -73.21215 }, "geometry": { "type": "Point", "coordinates": [ -73.21215, 44.42202 ] } },
{ "type": "Feature", "properties": { "year": 2026.0, "month": "April", "route": 0.0, "stop_id": "805558", "stop_name": "Shelburne Road at Pine Haven Shores Road", "total_boardings": 25, "pct_total_boardings": 0.00015682043432987491, "pct_route_boardings": 0.00015682043432987491, "latitude": 44.4188, "longitude": -73.2127 }, "geometry": { "type": "Point", "coordinates": [ -73.2127, 44.4188 ] } },
{ "type": "Feature", "properties": { "year": 2026.0, "month": "April", "route": 0.0, "stop_id": "805559", "stop_name": "Shelburne Road at Opposite Martindale", "total_boardings": 29, "pct_total_boardings": 0.0001819117038226549, "pct_route_boardings": 0.0001819117038226549, "latitude": 44.4167, "longitude": -73.2134 }, "geometry": { "type": "Point", "coordinates": [ -73.2134, 44.4167 ] } },
{ "type": "Feature", "properties": { "year": 2026.0, "month": "April", "route": 0.0, "stop_id": "805560", "stop_name": "Shelburne Road at Palmer Court", "total_boardings": 19, "pct_total_boardings": 0.00011918353009070493, "pct_route_boardings": 0.00011918353009070493, "latitude": 44.41318, "longitude": -73.21455 }, "geometry": { "type": "Point", "coordinates": [ -73.21455, 44.41318 ] } },
{ "type": "Feature", "properties": { "year": 2026.0, "month": "April", "route": 0.0, "stop_id": "805561", "stop_name": "Shelburne Road at Lakeview Drive", "total_boardings": 48, "pct_total_boardings": 0.00030109523391335985, "pct_route_boardings": 0.00030109523391335985, "latitude": 44.41193, "longitude": -73.21497 }, "geometry": { "type": "Point", "coordinates": [ -73.21497, 44.41193 ] } },
{ "type": "Feature", "properties": { "year": 2026.0, "month": "April", "route": 0.0, "stop_id": "805563", "stop_name": "Shelburne Road at Bay Road", "total_boardings": 45, "pct_total_boardings": 0.00028227678179377488, "pct_route_boardings": 0.00028227678179377488, "latitude": 44.4057, "longitude": -73.21698 }, "geometry": { "type": "Point", "coordinates": [ -73.21698, 44.4057 ] } },
{ "type": "Feature", "properties": { "year": 2026.0, "month": "April", "route": 0.0, "stop_id": "805564", "stop_name": "Shelburne Road at Green Mountain Kenworth", "total_boardings": 20, "pct_total_boardings": 0.00012545634746389994, "pct_route_boardings": 0.00012545634746389994, "latitude": 44.40277, "longitude": -73.2179 }, "geometry": { "type": "Point", "coordinates": [ -73.2179, 44.40277 ] } },
{ "type": "Feature", "properties": { "year": 2026.0, "month": "April", "route": 0.0, "stop_id": "805565", "stop_name": "Shelburne Road at Tenneybrook Square", "total_boardings": 13, "pct_total_boardings": 8.1546625851534952e-05, "pct_route_boardings": 8.1546625851534952e-05, "latitude": 44.40097, "longitude": -73.21848 }, "geometry": { "type": "Point", "coordinates": [ -73.21848, 44.40097 ] } },
{ "type": "Feature", "properties": { "year": 2026.0, "month": "April", "route": 0.0, "stop_id": "805566", "stop_name": "Shelburne Road at Opposite Longmeadow Drive (The Commons)", "total_boardings": 32, "pct_total_boardings": 0.0002007301559422399, "pct_route_boardings": 0.0002007301559422399, "latitude": 44.395907084193801, "longitude": -73.220143316304899 }, "geometry": { "type": "Point", "coordinates": [ -73.220143316304899, 44.395907084193801 ] } },
{ "type": "Feature", "properties": { "year": 2026.0, "month": "April", "route": 0.0, "stop_id": "805568", "stop_name": "Shelburne Road at Town Office", "total_boardings": 60, "pct_total_boardings": 0.00037636904239169978, "pct_route_boardings": 0.00037636904239169978, "latitude": 44.37908, "longitude": -73.22825 }, "geometry": { "type": "Point", "coordinates": [ -73.22825, 44.37908 ] } },
{ "type": "Feature", "properties": { "year": 2026.0, "month": "April", "route": 0.0, "stop_id": "805569", "stop_name": "Shelburne Museum", "total_boardings": 81, "pct_total_boardings": 0.00050809820722879479, "pct_route_boardings": 0.00050809820722879479, "latitude": 44.37672, "longitude": -73.22913 }, "geometry": { "type": "Point", "coordinates": [ -73.22913, 44.37672 ] } },
{ "type": "Feature", "properties": { "year": 2026.0, "month": "April", "route": 0.0, "stop_id": "805570", "stop_name": "Shelburne Road at Museum Main Gate", "total_boardings": 38, "pct_total_boardings": 0.00023836706018140987, "pct_route_boardings": 0.00023836706018140987, "latitude": 44.37188, "longitude": -73.23092 }, "geometry": { "type": "Point", "coordinates": [ -73.23092, 44.37188 ] } },
{ "type": "Feature", "properties": { "year": 2026.0, "month": "April", "route": 0.0, "stop_id": "805571", "stop_name": "Marsett Road at Green Hills Drive", "total_boardings": 45, "pct_total_boardings": 0.00028227678179377488, "pct_route_boardings": 0.00028227678179377488, "latitude": 44.36972, "longitude": -73.22888 }, "geometry": { "type": "Point", "coordinates": [ -73.22888, 44.36972 ] } },
{ "type": "Feature", "properties": { "year": 2026.0, "month": "April", "route": 0.0, "stop_id": "805572", "stop_name": "Marsett Road at Maplewood Drive", "total_boardings": 35, "pct_total_boardings": 0.0002195486080618249, "pct_route_boardings": 0.0002195486080618249, "latitude": 44.36992, "longitude": -73.22743 }, "geometry": { "type": "Point", "coordinates": [ -73.22743, 44.36992 ] } },
{ "type": "Feature", "properties": { "year": 2026.0, "month": "April", "route": 0.0, "stop_id": "805573", "stop_name": "Marsett Road at Falls Roadd", "total_boardings": 16, "pct_total_boardings": 0.00010036507797111995, "pct_route_boardings": 0.00010036507797111995, "latitude": 44.370314, "longitude": -73.224723 }, "geometry": { "type": "Point", "coordinates": [ -73.224723, 44.370314 ] } },
{ "type": "Feature", "properties": { "year": 2026.0, "month": "April", "route": 0.0, "stop_id": "805574", "stop_name": "Falls Road at Shelburne Shopping Park", "total_boardings": 240, "pct_total_boardings": 0.0015054761695667991, "pct_route_boardings": 0.0015054761695667991, "latitude": 44.37948, "longitude": -73.22692 }, "geometry": { "type": "Point", "coordinates": [ -73.22692, 44.37948 ] } },
{ "type": "Feature", "properties": { "year": 2026.0, "month": "April", "route": 0.0, "stop_id": "805576", "stop_name": "Shelburne Road at Webster Road", "total_boardings": 74, "pct_total_boardings": 0.00046418848561642975, "pct_route_boardings": 0.00046418848561642975, "latitude": 44.38762, "longitude": -73.22465 }, "geometry": { "type": "Point", "coordinates": [ -73.22465, 44.38762 ] } },
{ "type": "Feature", "properties": { "year": 2026.0, "month": "April", "route": 0.0, "stop_id": "805577", "stop_name": "Shelburne Road at Dutch Mill", "total_boardings": 167, "pct_total_boardings": 0.0010475605013235644, "pct_route_boardings": 0.0010475605013235644, "latitude": 44.3937, "longitude": -73.22055 }, "geometry": { "type": "Point", "coordinates": [ -73.22055, 44.3937 ] } },
{ "type": "Feature", "properties": { "year": 2026.0, "month": "April", "route": 0.0, "stop_id": "805578", "stop_name": "Shelburne Road at Longmeadow Drive", "total_boardings": 146, "pct_total_boardings": 0.00091583133648646953, "pct_route_boardings": 0.00091583133648646953, "latitude": 44.39648, "longitude": -73.21962 }, "geometry": { "type": "Point", "coordinates": [ -73.21962, 44.39648 ] } },
{ "type": "Feature", "properties": { "year": 2026.0, "month": "April", "route": 0.0, "stop_id": "805579", "stop_name": "Shelburne Road at Opposite Tenneybrook", "total_boardings": 25, "pct_total_boardings": 0.00015682043432987491, "pct_route_boardings": 0.00015682043432987491, "latitude": 44.40157, "longitude": -73.218 }, "geometry": { "type": "Point", "coordinates": [ -73.218, 44.40157 ] } },
{ "type": "Feature", "properties": { "year": 2026.0, "month": "April", "route": 0.0, "stop_id": "805580", "stop_name": "Shelburne Road at Opposite Shed Sales Antiques", "total_boardings": 34, "pct_total_boardings": 0.00021327579068862988, "pct_route_boardings": 0.00021327579068862988, "latitude": 44.40338, "longitude": -73.21745 }, "geometry": { "type": "Point", "coordinates": [ -73.21745, 44.40338 ] } },
{ "type": "Feature", "properties": { "year": 2026.0, "month": "April", "route": 0.0, "stop_id": "805581", "stop_name": "Shelburne Road at Executive Drive", "total_boardings": 383, "pct_total_boardings": 0.0024024890539336837, "pct_route_boardings": 0.0024024890539336837, "latitude": 44.40637, "longitude": -73.2165 }, "geometry": { "type": "Point", "coordinates": [ -73.2165, 44.40637 ] } },
{ "type": "Feature", "properties": { "year": 2026.0, "month": "April", "route": 0.0, "stop_id": "805583", "stop_name": "Shelburne Road at Hullcrest Road", "total_boardings": 290, "pct_total_boardings": 0.001819117038226549, "pct_route_boardings": 0.001819117038226549, "latitude": 44.41257684917089, "longitude": -73.214456435941372 }, "geometry": { "type": "Point", "coordinates": [ -73.214456435941372, 44.41257684917089 ] } },
{ "type": "Feature", "properties": { "year": 2026.0, "month": "April", "route": 0.0, "stop_id": "805584", "stop_name": "Shelburne Road at Juniper Ridge", "total_boardings": 120, "pct_total_boardings": 0.00075273808478339957, "pct_route_boardings": 0.00075273808478339957, "latitude": 44.41375, "longitude": -73.21407 }, "geometry": { "type": "Point", "coordinates": [ -73.21407, 44.41375 ] } },
{ "type": "Feature", "properties": { "year": 2026.0, "month": "April", "route": 0.0, "stop_id": "805585", "stop_name": "Shelburne Road at Martindale Road", "total_boardings": 170, "pct_total_boardings": 0.0010663789534431495, "pct_route_boardings": 0.0010663789534431495, "latitude": 44.41737, "longitude": -73.21288 }, "geometry": { "type": "Point", "coordinates": [ -73.21288, 44.41737 ] } },
{ "type": "Feature", "properties": { "year": 2026.0, "month": "April", "route": 0.0, "stop_id": "805586", "stop_name": "Shelburne Road at Locust Hill", "total_boardings": 218, "pct_total_boardings": 0.0013674741873565092, "pct_route_boardings": 0.0013674741873565092, "latitude": 44.41945, "longitude": -73.21218 }, "geometry": { "type": "Point", "coordinates": [ -73.21218, 44.41945 ] } },
{ "type": "Feature", "properties": { "year": 2026.0, "month": "April", "route": 0.0, "stop_id": "805587", "stop_name": "Shelburne Road at Allen Road", "total_boardings": 505, "pct_total_boardings": 0.0031677727734634735, "pct_route_boardings": 0.0031677727734634735, "latitude": 44.4227, "longitude": -73.21175 }, "geometry": { "type": "Point", "coordinates": [ -73.21175, 44.4227 ] } },
{ "type": "Feature", "properties": { "year": 2026.0, "month": "April", "route": 0.0, "stop_id": "805588", "stop_name": "Shelburne Road at Green Mtn. Drive", "total_boardings": 154, "pct_total_boardings": 0.00096601387547202956, "pct_route_boardings": 0.00096601387547202956, "latitude": 44.42875, "longitude": -73.21112 }, "geometry": { "type": "Point", "coordinates": [ -73.21112, 44.42875 ] } },
{ "type": "Feature", "properties": { "year": 2026.0, "month": "April", "route": 0.0, "stop_id": "805589", "stop_name": "Shelburne Road at IDX Drive", "total_boardings": 165, "pct_total_boardings": 0.0010350148665771745, "pct_route_boardings": 0.0010350148665771745, "latitude": 44.43377, "longitude": -73.21058 }, "geometry": { "type": "Point", "coordinates": [ -73.21058, 44.43377 ] } },
{ "type": "Feature", "properties": { "year": 2026.0, "month": "April", "route": 0.0, "stop_id": "805590", "stop_name": "Shelburne Road at Sleepquarters", "total_boardings": 100, "pct_total_boardings": 0.00062728173731949966, "pct_route_boardings": 0.00062728173731949966, "latitude": 44.4351, "longitude": -73.21048 }, "geometry": { "type": "Point", "coordinates": [ -73.21048, 44.4351 ] } },
{ "type": "Feature", "properties": { "year": 2026.0, "month": "April", "route": 0.0, "stop_id": "805591", "stop_name": "Shelburne Road at MacIntosh Drive", "total_boardings": 251, "pct_total_boardings": 0.0015744771606719442, "pct_route_boardings": 0.0015744771606719442, "latitude": 44.43715, "longitude": -73.21028 }, "geometry": { "type": "Point", "coordinates": [ -73.21028, 44.43715 ] } },
{ "type": "Feature", "properties": { "year": 2026.0, "month": "April", "route": 0.0, "stop_id": "805592", "stop_name": "Shelburne Road at Baldwin Avenue", "total_boardings": 414, "pct_total_boardings": 0.0025969463925027288, "pct_route_boardings": 0.0025969463925027288, "latitude": 44.438626, "longitude": -73.210108 }, "geometry": { "type": "Point", "coordinates": [ -73.210108, 44.438626 ] } },
{ "type": "Feature", "properties": { "year": 2026.0, "month": "April", "route": 0.0, "stop_id": "805593", "stop_name": "Shelburne Road at Laurel Hill Drive", "total_boardings": 366, "pct_total_boardings": 0.0022958511585893689, "pct_route_boardings": 0.0022958511585893689, "latitude": 44.441249, "longitude": -73.20983 }, "geometry": { "type": "Point", "coordinates": [ -73.20983, 44.441249 ] } },
{ "type": "Feature", "properties": { "year": 2026.0, "month": "April", "route": 0.0, "stop_id": "805594", "stop_name": "Shelburne Road at Lindenwood Drive", "total_boardings": 536, "pct_total_boardings": 0.0033622301120325182, "pct_route_boardings": 0.0033622301120325182, "latitude": 44.444169, "longitude": -73.209501 }, "geometry": { "type": "Point", "coordinates": [ -73.209501, 44.444169 ] } },
{ "type": "Feature", "properties": { "year": 2026.0, "month": "April", "route": 0.0, "stop_id": "805595", "stop_name": "Shelburne Road at Farrell Street", "total_boardings": 2097, "pct_total_boardings": 0.013154098031589909, "pct_route_boardings": 0.013154098031589909, "latitude": 44.450421, "longitude": -73.208905 }, "geometry": { "type": "Point", "coordinates": [ -73.208905, 44.450421 ] } },
{ "type": "Feature", "properties": { "year": 2026.0, "month": "April", "route": 0.0, "stop_id": "805596", "stop_name": "Shelburne Road at Hadley Road", "total_boardings": 317, "pct_total_boardings": 0.0019884831073028139, "pct_route_boardings": 0.0019884831073028139, "latitude": 44.452346, "longitude": -73.208731 }, "geometry": { "type": "Point", "coordinates": [ -73.208731, 44.452346 ] } },
{ "type": "Feature", "properties": { "year": 2026.0, "month": "April", "route": 0.0, "stop_id": "805597", "stop_name": "Shelburne Road at Proctor Avenue", "total_boardings": 217, "pct_total_boardings": 0.0013612013699833142, "pct_route_boardings": 0.0013612013699833142, "latitude": 44.454962514117597, "longitude": -73.208439575486196 }, "geometry": { "type": "Point", "coordinates": [ -73.208439575486196, 44.454962514117597 ] } },
{ "type": "Feature", "properties": { "year": 2026.0, "month": "April", "route": 0.0, "stop_id": "805598", "stop_name": "Shelburne Road at Kinney Drugs", "total_boardings": 178, "pct_total_boardings": 0.0011165614924287094, "pct_route_boardings": 0.0011165614924287094, "latitude": 44.456778, "longitude": -73.208325 }, "geometry": { "type": "Point", "coordinates": [ -73.208325, 44.456778 ] } },
{ "type": "Feature", "properties": { "year": 2026.0, "month": "April", "route": 0.0, "stop_id": "805599", "stop_name": "Shelburne Road at Clymer Street", "total_boardings": 102, "pct_total_boardings": 0.00063982737206588964, "pct_route_boardings": 0.00063982737206588964, "latitude": 44.458365, "longitude": -73.208201 }, "geometry": { "type": "Point", "coordinates": [ -73.208201, 44.458365 ] } },
{ "type": "Feature", "properties": { "year": 2026.0, "month": "April", "route": 0.0, "stop_id": "805600", "stop_name": "Shelburne Road at Adams Court", "total_boardings": 214, "pct_total_boardings": 0.0013423829178637293, "pct_route_boardings": 0.0013423829178637293, "latitude": 44.4615, "longitude": -73.20788 }, "geometry": { "type": "Point", "coordinates": [ -73.20788, 44.4615 ] } },
{ "type": "Feature", "properties": { "year": 2026.0, "month": "April", "route": 0.0, "stop_id": "805601", "stop_name": "South Union Street at Opposite Saint Paul Street", "total_boardings": 140, "pct_total_boardings": 0.00087819443224729959, "pct_route_boardings": 0.00087819443224729959, "latitude": 44.465356, "longitude": -73.207568 }, "geometry": { "type": "Point", "coordinates": [ -73.207568, 44.465356 ] } },
{ "type": "Feature", "properties": { "year": 2026.0, "month": "April", "route": 0.0, "stop_id": "805602", "stop_name": "S Union Street at Howard Street", "total_boardings": 98, "pct_total_boardings": 0.00061473610257310968, "pct_route_boardings": 0.00061473610257310968, "latitude": 44.4672, "longitude": -73.20783 }, "geometry": { "type": "Point", "coordinates": [ -73.20783, 44.4672 ] } },
{ "type": "Feature", "properties": { "year": 2026.0, "month": "April", "route": 0.0, "stop_id": "805603", "stop_name": "S Union Street at Bayview Court", "total_boardings": 94, "pct_total_boardings": 0.00058964483308032972, "pct_route_boardings": 0.00058964483308032972, "latitude": 44.46843, "longitude": -73.20813 }, "geometry": { "type": "Point", "coordinates": [ -73.20813, 44.46843 ] } },
{ "type": "Feature", "properties": { "year": 2026.0, "month": "April", "route": 0.0, "stop_id": "805604", "stop_name": "S Union Street at Spruce Street", "total_boardings": 61, "pct_total_boardings": 0.00038264185976489483, "pct_route_boardings": 0.00038264185976489483, "latitude": 44.470452, "longitude": -73.208604 }, "geometry": { "type": "Point", "coordinates": [ -73.208604, 44.470452 ] } },
{ "type": "Feature", "properties": { "year": 2026.0, "month": "April", "route": 0.0, "stop_id": "805605", "stop_name": "S Union Street at Maple Street", "total_boardings": 11, "pct_total_boardings": 6.9000991105144959e-05, "pct_route_boardings": 6.9000991105144959e-05, "latitude": 44.47378, "longitude": -73.2088 }, "geometry": { "type": "Point", "coordinates": [ -73.2088, 44.47378 ] } },
{ "type": "Feature", "properties": { "year": 2026.0, "month": "April", "route": 0.0, "stop_id": "805606", "stop_name": "S Union Street at Opposite King Street", "total_boardings": 4, "pct_total_boardings": 2.5091269492779987e-05, "pct_route_boardings": 2.5091269492779987e-05, "latitude": 44.47498, "longitude": -73.20885 }, "geometry": { "type": "Point", "coordinates": [ -73.20885, 44.47498 ] } },
{ "type": "Feature", "properties": { "year": 2026.0, "month": "April", "route": 0.0, "stop_id": "805607", "stop_name": "Pearl Street at Elmwood Avenue", "total_boardings": 65, "pct_total_boardings": 0.00040773312925767479, "pct_route_boardings": 0.00040773312925767479, "latitude": 44.480451, "longitude": -73.213722 }, "geometry": { "type": "Point", "coordinates": [ -73.213722, 44.480451 ] } },
{ "type": "Feature", "properties": { "year": 2026.0, "month": "April", "route": 0.0, "stop_id": "805608", "stop_name": "Elmwood Avenue at Elmwood Center", "total_boardings": 61, "pct_total_boardings": 0.00038264185976489483, "pct_route_boardings": 0.00038264185976489483, "latitude": 44.48132, "longitude": -73.21352 }, "geometry": { "type": "Point", "coordinates": [ -73.21352, 44.48132 ] } },
{ "type": "Feature", "properties": { "year": 2026.0, "month": "April", "route": 0.0, "stop_id": "805609", "stop_name": "Elmwood Avenue at Opposite Peru Street", "total_boardings": 95, "pct_total_boardings": 0.00059591765045352465, "pct_route_boardings": 0.00059591765045352465, "latitude": 44.48258, "longitude": -73.21362 }, "geometry": { "type": "Point", "coordinates": [ -73.21362, 44.48258 ] } },
{ "type": "Feature", "properties": { "year": 2026.0, "month": "April", "route": 0.0, "stop_id": "805610", "stop_name": "North Street at Elmwood Avenue", "total_boardings": 271, "pct_total_boardings": 0.0016999335081358442, "pct_route_boardings": 0.0016999335081358442, "latitude": 44.48478, "longitude": -73.21363 }, "geometry": { "type": "Point", "coordinates": [ -73.21363, 44.48478 ] } },
{ "type": "Feature", "properties": { "year": 2026.0, "month": "April", "route": 0.0, "stop_id": "805611", "stop_name": "Elmwood Avenue at Spring Street", "total_boardings": 31, "pct_total_boardings": 0.00019445733856904491, "pct_route_boardings": 0.00019445733856904491, "latitude": 44.487349, "longitude": -73.214014 }, "geometry": { "type": "Point", "coordinates": [ -73.214014, 44.487349 ] } },
{ "type": "Feature", "properties": { "year": 2026.0, "month": "April", "route": 0.0, "stop_id": "805612", "stop_name": "Archibald Street at Walnut Street", "total_boardings": 45, "pct_total_boardings": 0.00028227678179377488, "pct_route_boardings": 0.00028227678179377488, "latitude": 44.487673, "longitude": -73.213751 }, "geometry": { "type": "Point", "coordinates": [ -73.213751, 44.487673 ] } },
{ "type": "Feature", "properties": { "year": 2026.0, "month": "April", "route": 0.0, "stop_id": "805613", "stop_name": "Archibald Street at Intervale Avenue", "total_boardings": 53, "pct_total_boardings": 0.00033245932077933485, "pct_route_boardings": 0.00033245932077933485, "latitude": 44.48778, "longitude": -73.21147 }, "geometry": { "type": "Point", "coordinates": [ -73.21147, 44.48778 ] } },
{ "type": "Feature", "properties": { "year": 2026.0, "month": "April", "route": 0.0, "stop_id": "805614", "stop_name": "Intervale Avenue at Opposite Willow Street", "total_boardings": 61, "pct_total_boardings": 0.00038264185976489483, "pct_route_boardings": 0.00038264185976489483, "latitude": 44.48863, "longitude": -73.21042 }, "geometry": { "type": "Point", "coordinates": [ -73.21042, 44.48863 ] } },
{ "type": "Feature", "properties": { "year": 2026.0, "month": "April", "route": 0.0, "stop_id": "805615", "stop_name": "Intervale Avenue at Riverside Avenue", "total_boardings": 62, "pct_total_boardings": 0.00038891467713808982, "pct_route_boardings": 0.00038891467713808982, "latitude": 44.4893, "longitude": -73.20985 }, "geometry": { "type": "Point", "coordinates": [ -73.20985, 44.4893 ] } },
{ "type": "Feature", "properties": { "year": 2026.0, "month": "April", "route": 0.0, "stop_id": "805616", "stop_name": "Riverside Avenue at Bright Street", "total_boardings": 97, "pct_total_boardings": 0.00060846328519991474, "pct_route_boardings": 0.00060846328519991474, "latitude": 44.48947, "longitude": -73.20833 }, "geometry": { "type": "Point", "coordinates": [ -73.20833, 44.48947 ] } },
{ "type": "Feature", "properties": { "year": 2026.0, "month": "April", "route": 0.0, "stop_id": "805617", "stop_name": "Community Health Center", "total_boardings": 207, "pct_total_boardings": 0.0012984731962513644, "pct_route_boardings": 0.0012984731962513644, "latitude": 44.489602490295084, "longitude": -73.206111207414722 }, "geometry": { "type": "Point", "coordinates": [ -73.206111207414722, 44.489602490295084 ] } },
{ "type": "Feature", "properties": { "year": 2026.0, "month": "April", "route": 0.0, "stop_id": "805618", "stop_name": "Riverside Avenue at N. Prospect Street", "total_boardings": 26, "pct_total_boardings": 0.0001630932517030699, "pct_route_boardings": 0.0001630932517030699, "latitude": 44.48868651, "longitude": -73.20182517000001 }, "geometry": { "type": "Point", "coordinates": [ -73.20182517, 44.48868651 ] } },
{ "type": "Feature", "properties": { "year": 2026.0, "month": "April", "route": 0.0, "stop_id": "805619", "stop_name": "Riverside Avenue at Koffee Kup Bakery", "total_boardings": 18, "pct_total_boardings": 0.00011291071271750994, "pct_route_boardings": 0.00011291071271750994, "latitude": 44.488130016524465, "longitude": -73.198726322577954 }, "geometry": { "type": "Point", "coordinates": [ -73.198726322577954, 44.488130016524465 ] } },
{ "type": "Feature", "properties": { "year": 2026.0, "month": "April", "route": 0.0, "stop_id": "805620", "stop_name": "Riverside Avenue at Salmon Run", "total_boardings": 60, "pct_total_boardings": 0.00037636904239169978, "pct_route_boardings": 0.00037636904239169978, "latitude": 44.48641, "longitude": -73.191726 }, "geometry": { "type": "Point", "coordinates": [ -73.191726, 44.48641 ] } },
{ "type": "Feature", "properties": { "year": 2026.0, "month": "April", "route": 0.0, "stop_id": "805621", "stop_name": "Main Street at Platt Street", "total_boardings": 34, "pct_total_boardings": 0.00021327579068862988, "pct_route_boardings": 0.00021327579068862988, "latitude": 44.493943, "longitude": -73.186434 }, "geometry": { "type": "Point", "coordinates": [ -73.186434, 44.493943 ] } },
{ "type": "Feature", "properties": { "year": 2026.0, "month": "April", "route": 0.0, "stop_id": "805623", "stop_name": "Main Street at La Fountain Street", "total_boardings": 65, "pct_total_boardings": 0.00040773312925767479, "pct_route_boardings": 0.00040773312925767479, "latitude": 44.49665, "longitude": -73.18508 }, "geometry": { "type": "Point", "coordinates": [ -73.18508, 44.49665 ] } },
{ "type": "Feature", "properties": { "year": 2026.0, "month": "April", "route": 0.0, "stop_id": "805624", "stop_name": "E Spring Street at Spring Garden", "total_boardings": 127, "pct_total_boardings": 0.00079664780639576455, "pct_route_boardings": 0.00079664780639576455, "latitude": 44.494627083702397, "longitude": -73.185111625456599 }, "geometry": { "type": "Point", "coordinates": [ -73.185111625456599, 44.494627083702397 ] } },
{ "type": "Feature", "properties": { "year": 2026.0, "month": "April", "route": 0.0, "stop_id": "805625", "stop_name": "Main Street at Burling Street", "total_boardings": 111, "pct_total_boardings": 0.0006962827284246446, "pct_route_boardings": 0.0006962827284246446, "latitude": 44.49802, "longitude": -73.18438 }, "geometry": { "type": "Point", "coordinates": [ -73.18438, 44.49802 ] } },
{ "type": "Feature", "properties": { "year": 2026.0, "month": "April", "route": 0.0, "stop_id": "805627", "stop_name": "Main Street at Normand Street", "total_boardings": 353, "pct_total_boardings": 0.0022143045327378337, "pct_route_boardings": 0.0022143045327378337, "latitude": 44.50062909, "longitude": -73.18312749 }, "geometry": { "type": "Point", "coordinates": [ -73.18312749, 44.50062909 ] } },
{ "type": "Feature", "properties": { "year": 2026.0, "month": "April", "route": 0.0, "stop_id": "805628", "stop_name": "Weaver Street at Tigan Street", "total_boardings": 160, "pct_total_boardings": 0.0010036507797111995, "pct_route_boardings": 0.0010036507797111995, "latitude": 44.50142, "longitude": -73.18435 }, "geometry": { "type": "Point", "coordinates": [ -73.18435, 44.50142 ] } },
{ "type": "Feature", "properties": { "year": 2026.0, "month": "April", "route": 0.0, "stop_id": "805629", "stop_name": "Weaver Street at St. Francis Xavier Cemetery", "total_boardings": 43, "pct_total_boardings": 0.00026973114704738484, "pct_route_boardings": 0.00026973114704738484, "latitude": 44.498596705036597, "longitude": -73.185891753165293 }, "geometry": { "type": "Point", "coordinates": [ -73.185891753165293, 44.498596705036597 ] } },
{ "type": "Feature", "properties": { "year": 2026.0, "month": "April", "route": 0.0, "stop_id": "805630", "stop_name": "W. Spring Street at Our Lady of Providence", "total_boardings": 45, "pct_total_boardings": 0.00028227678179377488, "pct_route_boardings": 0.00028227678179377488, "latitude": 44.49518, "longitude": -73.18847 }, "geometry": { "type": "Point", "coordinates": [ -73.18847, 44.49518 ] } },
{ "type": "Feature", "properties": { "year": 2026.0, "month": "April", "route": 0.0, "stop_id": "805631", "stop_name": "W. Spring Street at North Street", "total_boardings": 52, "pct_total_boardings": 0.00032618650340613981, "pct_route_boardings": 0.00032618650340613981, "latitude": 44.495188730029568, "longitude": -73.189577659532233 }, "geometry": { "type": "Point", "coordinates": [ -73.189577659532233, 44.495188730029568 ] } },
{ "type": "Feature", "properties": { "year": 2026.0, "month": "April", "route": 0.0, "stop_id": "805632", "stop_name": "Hickok Street at Elm Street", "total_boardings": 189, "pct_total_boardings": 0.0011855624835338545, "pct_route_boardings": 0.0011855624835338545, "latitude": 44.495502, "longitude": -73.194925 }, "geometry": { "type": "Point", "coordinates": [ -73.194925, 44.495502 ] } },
{ "type": "Feature", "properties": { "year": 2026.0, "month": "April", "route": 0.0, "stop_id": "805633", "stop_name": "West Lane at Malletts Bay Avenue", "total_boardings": 260, "pct_total_boardings": 0.0016309325170306992, "pct_route_boardings": 0.0016309325170306992, "latitude": 44.49343, "longitude": -73.19125 }, "geometry": { "type": "Point", "coordinates": [ -73.19125, 44.49343 ] } },
{ "type": "Feature", "properties": { "year": 2026.0, "month": "April", "route": 0.0, "stop_id": "805634", "stop_name": "Mallets Bay Avenue at O'Brien Center", "total_boardings": 267, "pct_total_boardings": 0.0016748422386430642, "pct_route_boardings": 0.0016748422386430642, "latitude": 44.492253713092303, "longitude": -73.189969313896896 }, "geometry": { "type": "Point", "coordinates": [ -73.189969313896896, 44.492253713092303 ] } },
{ "type": "Feature", "properties": { "year": 2026.0, "month": "April", "route": 0.0, "stop_id": "805635", "stop_name": "Riverside Avenue at Dunkin Donuts", "total_boardings": 47, "pct_total_boardings": 0.00029482241654016486, "pct_route_boardings": 0.00029482241654016486, "latitude": 44.488606614866669, "longitude": -73.200768283475668 }, "geometry": { "type": "Point", "coordinates": [ -73.200768283475668, 44.488606614866669 ] } },
{ "type": "Feature", "properties": { "year": 2026.0, "month": "April", "route": 0.0, "stop_id": "805636", "stop_name": "Riverside Avenue at Intervale Road", "total_boardings": 49, "pct_total_boardings": 0.00030736805128655484, "pct_route_boardings": 0.00030736805128655484, "latitude": 44.489038385620418, "longitude": -73.202188043399531 }, "geometry": { "type": "Point", "coordinates": [ -73.202188043399531, 44.489038385620418 ] } },
{ "type": "Feature", "properties": { "year": 2026.0, "month": "April", "route": 0.0, "stop_id": "805637", "stop_name": "Community Health Center", "total_boardings": 359, "pct_total_boardings": 0.002251941436977004, "pct_route_boardings": 0.002251941436977004, "latitude": 44.489674, "longitude": -73.206354 }, "geometry": { "type": "Point", "coordinates": [ -73.206354, 44.489674 ] } },
{ "type": "Feature", "properties": { "year": 2026.0, "month": "April", "route": 0.0, "stop_id": "805638", "stop_name": "Riverside Avenue at Intervale Avenue", "total_boardings": 145, "pct_total_boardings": 0.00090955851911327448, "pct_route_boardings": 0.00090955851911327448, "latitude": 44.489485, "longitude": -73.209628 }, "geometry": { "type": "Point", "coordinates": [ -73.209628, 44.489485 ] } },
{ "type": "Feature", "properties": { "year": 2026.0, "month": "April", "route": 0.0, "stop_id": "805639", "stop_name": "Intervale Avenue at Willow Street", "total_boardings": 111, "pct_total_boardings": 0.0006962827284246446, "pct_route_boardings": 0.0006962827284246446, "latitude": 44.488718, "longitude": -73.210544 }, "geometry": { "type": "Point", "coordinates": [ -73.210544, 44.488718 ] } },
{ "type": "Feature", "properties": { "year": 2026.0, "month": "April", "route": 0.0, "stop_id": "805640", "stop_name": "Archibald Street at Walnut Street", "total_boardings": 59, "pct_total_boardings": 0.00037009622501850479, "pct_route_boardings": 0.00037009622501850479, "latitude": 44.487786, "longitude": -73.213167 }, "geometry": { "type": "Point", "coordinates": [ -73.213167, 44.487786 ] } },
{ "type": "Feature", "properties": { "year": 2026.0, "month": "April", "route": 0.0, "stop_id": "805641", "stop_name": "Elmwood Avenue at Spring Street", "total_boardings": 52, "pct_total_boardings": 0.00032618650340613981, "pct_route_boardings": 0.00032618650340613981, "latitude": 44.48738, "longitude": -73.21415 }, "geometry": { "type": "Point", "coordinates": [ -73.21415, 44.48738 ] } },
{ "type": "Feature", "properties": { "year": 2026.0, "month": "April", "route": 0.0, "stop_id": "805642", "stop_name": "Elmwood Avenue at Cedar Street", "total_boardings": 75, "pct_total_boardings": 0.00047046130298962474, "pct_route_boardings": 0.00047046130298962474, "latitude": 44.48595, "longitude": -73.21402 }, "geometry": { "type": "Point", "coordinates": [ -73.21402, 44.48595 ] } },
{ "type": "Feature", "properties": { "year": 2026.0, "month": "April", "route": 0.0, "stop_id": "805643", "stop_name": "Elmwood Avenue at North Street", "total_boardings": 40, "pct_total_boardings": 0.00025091269492779987, "pct_route_boardings": 0.00025091269492779987, "latitude": 44.484847, "longitude": -73.213943 }, "geometry": { "type": "Point", "coordinates": [ -73.213943, 44.484847 ] } },
{ "type": "Feature", "properties": { "year": 2026.0, "month": "April", "route": 0.0, "stop_id": "805644", "stop_name": "Elmwood Avenue at Allen Street", "total_boardings": 6, "pct_total_boardings": 3.7636904239169981e-05, "pct_route_boardings": 3.7636904239169981e-05, "latitude": 44.483791587177642, "longitude": -73.213883867882998 }, "geometry": { "type": "Point", "coordinates": [ -73.213883867882998, 44.483791587177642 ] } },
{ "type": "Feature", "properties": { "year": 2026.0, "month": "April", "route": 0.0, "stop_id": "805645", "stop_name": "Grant Street at Clarke Street", "total_boardings": 16, "pct_total_boardings": 0.00010036507797111995, "pct_route_boardings": 0.00010036507797111995, "latitude": 44.4822, "longitude": -73.21252 }, "geometry": { "type": "Point", "coordinates": [ -73.21252, 44.4822 ] } },
{ "type": "Feature", "properties": { "year": 2026.0, "month": "April", "route": 0.0, "stop_id": "805647", "stop_name": "Pearl Street at N. Champlain Street", "total_boardings": 31, "pct_total_boardings": 0.00019445733856904491, "pct_route_boardings": 0.00019445733856904491, "latitude": 44.4804, "longitude": -73.21682 }, "geometry": { "type": "Point", "coordinates": [ -73.21682, 44.4804 ] } },
{ "type": "Feature", "properties": { "year": 2026.0, "month": "April", "route": 0.0, "stop_id": "805648", "stop_name": "N Union Street at N Winooski Avenue", "total_boardings": 160, "pct_total_boardings": 0.0010036507797111995, "pct_route_boardings": 0.0010036507797111995, "latitude": 44.4861, "longitude": -73.20968 }, "geometry": { "type": "Point", "coordinates": [ -73.20968, 44.4861 ] } },
{ "type": "Feature", "properties": { "year": 2026.0, "month": "April", "route": 0.0, "stop_id": "805649", "stop_name": "N Winooski Avenue at Archibald Street", "total_boardings": 217, "pct_total_boardings": 0.0013612013699833142, "pct_route_boardings": 0.0013612013699833142, "latitude": 44.48767, "longitude": -73.2081 }, "geometry": { "type": "Point", "coordinates": [ -73.2081, 44.48767 ] } },
{ "type": "Feature", "properties": { "year": 2026.0, "month": "April", "route": 0.0, "stop_id": "805650", "stop_name": "Archibald Street at N Willard Street", "total_boardings": 182, "pct_total_boardings": 0.0011416527619214894, "pct_route_boardings": 0.0011416527619214894, "latitude": 44.488026, "longitude": -73.206167 }, "geometry": { "type": "Point", "coordinates": [ -73.206167, 44.488026 ] } },
{ "type": "Feature", "properties": { "year": 2026.0, "month": "April", "route": 0.0, "stop_id": "805651", "stop_name": "Archibald Street at N Prospect Street", "total_boardings": 24, "pct_total_boardings": 0.00015054761695667992, "pct_route_boardings": 0.00015054761695667992, "latitude": 44.4877, "longitude": -73.20227 }, "geometry": { "type": "Point", "coordinates": [ -73.20227, 44.4877 ] } },
{ "type": "Feature", "properties": { "year": 2026.0, "month": "April", "route": 0.0, "stop_id": "805652", "stop_name": "N Prospect Street at Colonial Square", "total_boardings": 19, "pct_total_boardings": 0.00011918353009070493, "pct_route_boardings": 0.00011918353009070493, "latitude": 44.48697, "longitude": -73.20195 }, "geometry": { "type": "Point", "coordinates": [ -73.20195, 44.48697 ] } },
{ "type": "Feature", "properties": { "year": 2026.0, "month": "April", "route": 0.0, "stop_id": "805653", "stop_name": "N Prospect Street at Pearl Street", "total_boardings": 53, "pct_total_boardings": 0.00033245932077933485, "pct_route_boardings": 0.00033245932077933485, "latitude": 44.48102, "longitude": -73.20082 }, "geometry": { "type": "Point", "coordinates": [ -73.20082, 44.48102 ] } },
{ "type": "Feature", "properties": { "year": 2026.0, "month": "April", "route": 0.0, "stop_id": "805654", "stop_name": "UHC Main Lobby", "total_boardings": 45, "pct_total_boardings": 0.00028227678179377488, "pct_route_boardings": 0.00028227678179377488, "latitude": 44.479379819498597, "longitude": -73.200604582459704 }, "geometry": { "type": "Point", "coordinates": [ -73.200604582459704, 44.479379819498597 ] } },
{ "type": "Feature", "properties": { "year": 2026.0, "month": "April", "route": 0.0, "stop_id": "805655", "stop_name": "UVM Waterman Building", "total_boardings": 135, "pct_total_boardings": 0.00084683034538132458, "pct_route_boardings": 0.00084683034538132458, "latitude": 44.478071432337174, "longitude": -73.200623308889419 }, "geometry": { "type": "Point", "coordinates": [ -73.200623308889419, 44.478071432337174 ] } },
{ "type": "Feature", "properties": { "year": 2026.0, "month": "April", "route": 0.0, "stop_id": "805656", "stop_name": "S Prospect Street at Maple Street", "total_boardings": 62, "pct_total_boardings": 0.00038891467713808982, "pct_route_boardings": 0.00038891467713808982, "latitude": 44.47423, "longitude": -73.200632 }, "geometry": { "type": "Point", "coordinates": [ -73.200632, 44.47423 ] } },
{ "type": "Feature", "properties": { "year": 2026.0, "month": "April", "route": 0.0, "stop_id": "805660", "stop_name": "Maple Street at South Willard Street", "total_boardings": 20, "pct_total_boardings": 0.00012545634746389994, "pct_route_boardings": 0.00012545634746389994, "latitude": 44.474047415860184, "longitude": -73.205121369985747 }, "geometry": { "type": "Point", "coordinates": [ -73.205121369985747, 44.474047415860184 ] } },
{ "type": "Feature", "properties": { "year": 2026.0, "month": "April", "route": 0.0, "stop_id": "805662", "stop_name": "Maple Street at S. Union Street", "total_boardings": 2, "pct_total_boardings": 1.2545634746389994e-05, "pct_route_boardings": 1.2545634746389994e-05, "latitude": 44.473884, "longitude": -73.20868 }, "geometry": { "type": "Point", "coordinates": [ -73.20868, 44.473884 ] } },
{ "type": "Feature", "properties": { "year": 2026.0, "month": "April", "route": 0.0, "stop_id": "805663", "stop_name": "Maple Street at S. Winooski Avenue", "total_boardings": 13, "pct_total_boardings": 8.1546625851534952e-05, "pct_route_boardings": 8.1546625851534952e-05, "latitude": 44.47383, "longitude": -73.210641 }, "geometry": { "type": "Point", "coordinates": [ -73.210641, 44.47383 ] } },
{ "type": "Feature", "properties": { "year": 2026.0, "month": "April", "route": 0.0, "stop_id": "805664", "stop_name": "Maple Street at Church Street", "total_boardings": 15, "pct_total_boardings": 9.4092260597924946e-05, "pct_route_boardings": 9.4092260597924946e-05, "latitude": 44.473771, "longitude": -73.212224 }, "geometry": { "type": "Point", "coordinates": [ -73.212224, 44.473771 ] } },
{ "type": "Feature", "properties": { "year": 2026.0, "month": "April", "route": 0.0, "stop_id": "805665", "stop_name": "Maple Street at St Paul Street", "total_boardings": 137, "pct_total_boardings": 0.00085937598012771456, "pct_route_boardings": 0.00085937598012771456, "latitude": 44.473688, "longitude": -73.213657 }, "geometry": { "type": "Point", "coordinates": [ -73.213657, 44.473688 ] } },
{ "type": "Feature", "properties": { "year": 2026.0, "month": "April", "route": 0.0, "stop_id": "805666", "stop_name": "Maple Street at Pine Street", "total_boardings": 32, "pct_total_boardings": 0.0002007301559422399, "pct_route_boardings": 0.0002007301559422399, "latitude": 44.473622, "longitude": -73.21523 }, "geometry": { "type": "Point", "coordinates": [ -73.21523, 44.473622 ] } },
{ "type": "Feature", "properties": { "year": 2026.0, "month": "April", "route": 0.0, "stop_id": "805667", "stop_name": "Maple Street at Battery St", "total_boardings": 66, "pct_total_boardings": 0.00041400594663086978, "pct_route_boardings": 0.00041400594663086978, "latitude": 44.473558, "longitude": -73.217914 }, "geometry": { "type": "Point", "coordinates": [ -73.217914, 44.473558 ] } },
{ "type": "Feature", "properties": { "year": 2026.0, "month": "April", "route": 0.0, "stop_id": "805668", "stop_name": "Battery Street at King Street", "total_boardings": 8, "pct_total_boardings": 5.0182538985559975e-05, "pct_route_boardings": 5.0182538985559975e-05, "latitude": 44.474485, "longitude": -73.218508 }, "geometry": { "type": "Point", "coordinates": [ -73.218508, 44.474485 ] } },
{ "type": "Feature", "properties": { "year": 2026.0, "month": "April", "route": 0.0, "stop_id": "805669", "stop_name": "North Street at Opposite Murray Street", "total_boardings": 269, "pct_total_boardings": 0.0016873878733894541, "pct_route_boardings": 0.0016873878733894541, "latitude": 44.48468, "longitude": -73.21585 }, "geometry": { "type": "Point", "coordinates": [ -73.21585, 44.48468 ] } },
{ "type": "Feature", "properties": { "year": 2026.0, "month": "April", "route": 0.0, "stop_id": "805670", "stop_name": "North Street at N. Champlain Street", "total_boardings": 245, "pct_total_boardings": 0.0015368402564327741, "pct_route_boardings": 0.0015368402564327741, "latitude": 44.48464, "longitude": -73.21755 }, "geometry": { "type": "Point", "coordinates": [ -73.21755, 44.48464 ] } },
{ "type": "Feature", "properties": { "year": 2026.0, "month": "April", "route": 0.0, "stop_id": "805671", "stop_name": "North Street at Blodgett Street", "total_boardings": 203, "pct_total_boardings": 0.0012733819267585844, "pct_route_boardings": 0.0012733819267585844, "latitude": 44.48448, "longitude": -73.22113 }, "geometry": { "type": "Point", "coordinates": [ -73.22113, 44.48448 ] } },
{ "type": "Feature", "properties": { "year": 2026.0, "month": "April", "route": 0.0, "stop_id": "805672", "stop_name": "North Avenue at Strong Street", "total_boardings": 131, "pct_total_boardings": 0.00082173907588854462, "pct_route_boardings": 0.00082173907588854462, "latitude": 44.48555, "longitude": -73.22318 }, "geometry": { "type": "Point", "coordinates": [ -73.22318, 44.48555 ] } },
{ "type": "Feature", "properties": { "year": 2026.0, "month": "April", "route": 0.0, "stop_id": "805673", "stop_name": "North Avenue at Washington Street", "total_boardings": 145, "pct_total_boardings": 0.00090955851911327448, "pct_route_boardings": 0.00090955851911327448, "latitude": 44.48783, "longitude": -73.22497 }, "geometry": { "type": "Point", "coordinates": [ -73.22497, 44.48783 ] } },
{ "type": "Feature", "properties": { "year": 2026.0, "month": "April", "route": 0.0, "stop_id": "805675", "stop_name": "North Ave at Opposite Cambrian Rise", "total_boardings": 203, "pct_total_boardings": 0.0012733819267585844, "pct_route_boardings": 0.0012733819267585844, "latitude": 44.490374789966715, "longitude": -73.226944982909245 }, "geometry": { "type": "Point", "coordinates": [ -73.226944982909245, 44.490374789966715 ] } },
{ "type": "Feature", "properties": { "year": 2026.0, "month": "April", "route": 0.0, "stop_id": "805676", "stop_name": "North Avenue at Opposite Lakeview Cem.", "total_boardings": 63, "pct_total_boardings": 0.00039518749451128481, "pct_route_boardings": 0.00039518749451128481, "latitude": 44.49305, "longitude": -73.22907 }, "geometry": { "type": "Point", "coordinates": [ -73.22907, 44.49305 ] } },
{ "type": "Feature", "properties": { "year": 2026.0, "month": "April", "route": 0.0, "stop_id": "805677", "stop_name": "Opposite Burlington High School", "total_boardings": 307, "pct_total_boardings": 0.0019257549335708641, "pct_route_boardings": 0.0019257549335708641, "latitude": 44.49637, "longitude": -73.23165 }, "geometry": { "type": "Point", "coordinates": [ -73.23165, 44.49637 ] } },
{ "type": "Feature", "properties": { "year": 2026.0, "month": "April", "route": 0.0, "stop_id": "805678", "stop_name": "North Avenue at Beltline", "total_boardings": 22, "pct_total_boardings": 0.00013800198221028992, "pct_route_boardings": 0.00013800198221028992, "latitude": 44.50003, "longitude": -73.23538 }, "geometry": { "type": "Point", "coordinates": [ -73.23538, 44.50003 ] } },
{ "type": "Feature", "properties": { "year": 2026.0, "month": "April", "route": 0.0, "stop_id": "805679", "stop_name": "North Avenue at Saratoga Avenue", "total_boardings": 24, "pct_total_boardings": 0.00015054761695667992, "pct_route_boardings": 0.00015054761695667992, "latitude": 44.502521, "longitude": -73.238743 }, "geometry": { "type": "Point", "coordinates": [ -73.238743, 44.502521 ] } },
{ "type": "Feature", "properties": { "year": 2026.0, "month": "April", "route": 0.0, "stop_id": "805680", "stop_name": "North Avenue at Village Green", "total_boardings": 33, "pct_total_boardings": 0.00020700297331543489, "pct_route_boardings": 0.00020700297331543489, "latitude": 44.503302, "longitude": -73.239826 }, "geometry": { "type": "Point", "coordinates": [ -73.239826, 44.503302 ] } },
{ "type": "Feature", "properties": { "year": 2026.0, "month": "April", "route": 0.0, "stop_id": "805681", "stop_name": "North Avenue at Rite Aid", "total_boardings": 110, "pct_total_boardings": 0.00069000991105144967, "pct_route_boardings": 0.00069000991105144967, "latitude": 44.50468, "longitude": -73.24163 }, "geometry": { "type": "Point", "coordinates": [ -73.24163, 44.50468 ] } },
{ "type": "Feature", "properties": { "year": 2026.0, "month": "April", "route": 0.0, "stop_id": "805682", "stop_name": "Opposite Ethan Allen Shopping Center", "total_boardings": 497, "pct_total_boardings": 0.0031175902344779136, "pct_route_boardings": 0.0031175902344779136, "latitude": 44.506693071031577, "longitude": -73.244366678573783 }, "geometry": { "type": "Point", "coordinates": [ -73.244366678573783, 44.506693071031577 ] } },
{ "type": "Feature", "properties": { "year": 2026.0, "month": "April", "route": 0.0, "stop_id": "805683", "stop_name": "North Avenue at Poirier Place", "total_boardings": 194, "pct_total_boardings": 0.0012169265703998295, "pct_route_boardings": 0.0012169265703998295, "latitude": 44.508373, "longitude": -73.2467 }, "geometry": { "type": "Point", "coordinates": [ -73.2467, 44.508373 ] } },
{ "type": "Feature", "properties": { "year": 2026.0, "month": "April", "route": 0.0, "stop_id": "805684", "stop_name": "North Avenue at Heineberg Road", "total_boardings": 134, "pct_total_boardings": 0.00084055752800812954, "pct_route_boardings": 0.00084055752800812954, "latitude": 44.509442, "longitude": -73.248161 }, "geometry": { "type": "Point", "coordinates": [ -73.248161, 44.509442 ] } },
{ "type": "Feature", "properties": { "year": 2026.0, "month": "April", "route": 0.0, "stop_id": "805685", "stop_name": "North Avenue at Gosse Court", "total_boardings": 198, "pct_total_boardings": 0.0012420178398926094, "pct_route_boardings": 0.0012420178398926094, "latitude": 44.51062, "longitude": -73.24977 }, "geometry": { "type": "Point", "coordinates": [ -73.24977, 44.51062 ] } },
{ "type": "Feature", "properties": { "year": 2026.0, "month": "April", "route": 0.0, "stop_id": "805686", "stop_name": "North Avenue at Bessery Market", "total_boardings": 591, "pct_total_boardings": 0.003707235067558243, "pct_route_boardings": 0.003707235067558243, "latitude": 44.51227, "longitude": -73.25198 }, "geometry": { "type": "Point", "coordinates": [ -73.25198, 44.51227 ] } },
{ "type": "Feature", "properties": { "year": 2026.0, "month": "April", "route": 0.0, "stop_id": "805687", "stop_name": "North Avenue at Edgemoor Drive", "total_boardings": 273, "pct_total_boardings": 0.0017124791428822341, "pct_route_boardings": 0.0017124791428822341, "latitude": 44.51292, "longitude": -73.25287 }, "geometry": { "type": "Point", "coordinates": [ -73.25287, 44.51292 ] } },
{ "type": "Feature", "properties": { "year": 2026.0, "month": "April", "route": 0.0, "stop_id": "805688", "stop_name": "North Avenue at Cayuga Court", "total_boardings": 190, "pct_total_boardings": 0.0011918353009070493, "pct_route_boardings": 0.0011918353009070493, "latitude": 44.51372, "longitude": -73.25393 }, "geometry": { "type": "Point", "coordinates": [ -73.25393, 44.51372 ] } },
{ "type": "Feature", "properties": { "year": 2026.0, "month": "April", "route": 0.0, "stop_id": "805689", "stop_name": "North Avenue at Birch Court", "total_boardings": 318, "pct_total_boardings": 0.0019947559246760089, "pct_route_boardings": 0.0019947559246760089, "latitude": 44.51433, "longitude": -73.25475 }, "geometry": { "type": "Point", "coordinates": [ -73.25475, 44.51433 ] } },
{ "type": "Feature", "properties": { "year": 2026.0, "month": "April", "route": 0.0, "stop_id": "805690", "stop_name": "North Avenue at Franklin Sq.", "total_boardings": 653, "pct_total_boardings": 0.0040961497446963327, "pct_route_boardings": 0.0040961497446963327, "latitude": 44.515150248912775, "longitude": -73.25586414915972 }, "geometry": { "type": "Point", "coordinates": [ -73.25586414915972, 44.515150248912775 ] } },
{ "type": "Feature", "properties": { "year": 2026.0, "month": "April", "route": 0.0, "stop_id": "805692", "stop_name": "North Avenue at Morgan Street", "total_boardings": 84, "pct_total_boardings": 0.00052691665934837971, "pct_route_boardings": 0.00052691665934837971, "latitude": 44.52015, "longitude": -73.26265 }, "geometry": { "type": "Point", "coordinates": [ -73.26265, 44.52015 ] } },
{ "type": "Feature", "properties": { "year": 2026.0, "month": "April", "route": 0.0, "stop_id": "805693", "stop_name": "North Avenue at Forest Street", "total_boardings": 14, "pct_total_boardings": 8.7819443224729956e-05, "pct_route_boardings": 8.7819443224729956e-05, "latitude": 44.52082, "longitude": -73.26357 }, "geometry": { "type": "Point", "coordinates": [ -73.26357, 44.52082 ] } },
{ "type": "Feature", "properties": { "year": 2026.0, "month": "April", "route": 0.0, "stop_id": "805695", "stop_name": "North Avenue at Northgate Road", "total_boardings": 1120, "pct_total_boardings": 0.0070255554579783967, "pct_route_boardings": 0.0070255554579783967, "latitude": 44.520598660747737, "longitude": -73.263431391254628 }, "geometry": { "type": "Point", "coordinates": [ -73.263431391254628, 44.520598660747737 ] } },
{ "type": "Feature", "properties": { "year": 2026.0, "month": "April", "route": 0.0, "stop_id": "805696", "stop_name": "North Avenue at Opposite Algird Street", "total_boardings": 363, "pct_total_boardings": 0.0022770327064697837, "pct_route_boardings": 0.0022770327064697837, "latitude": 44.51935, "longitude": -73.26173 }, "geometry": { "type": "Point", "coordinates": [ -73.26173, 44.51935 ] } },
{ "type": "Feature", "properties": { "year": 2026.0, "month": "April", "route": 0.0, "stop_id": "805697", "stop_name": "North Avenue at Browe Court", "total_boardings": 172, "pct_total_boardings": 0.0010789245881895394, "pct_route_boardings": 0.0010789245881895394, "latitude": 44.51855, "longitude": -73.26067 }, "geometry": { "type": "Point", "coordinates": [ -73.26067, 44.51855 ] } },
{ "type": "Feature", "properties": { "year": 2026.0, "month": "April", "route": 0.0, "stop_id": "805698", "stop_name": "North Avenue at Starr Farm Road", "total_boardings": 428, "pct_total_boardings": 0.0026847658357274586, "pct_route_boardings": 0.0026847658357274586, "latitude": 44.5172, "longitude": -73.25882 }, "geometry": { "type": "Point", "coordinates": [ -73.25882, 44.5172 ] } },
{ "type": "Feature", "properties": { "year": 2026.0, "month": "April", "route": 0.0, "stop_id": "805699", "stop_name": "North Avenue at Loaldo Drive", "total_boardings": 230, "pct_total_boardings": 0.0014427479958348493, "pct_route_boardings": 0.0014427479958348493, "latitude": 44.514866461736659, "longitude": -73.255756268423283 }, "geometry": { "type": "Point", "coordinates": [ -73.255756268423283, 44.514866461736659 ] } },
{ "type": "Feature", "properties": { "year": 2026.0, "month": "April", "route": 0.0, "stop_id": "805700", "stop_name": "North Avenue at Cross Parkway", "total_boardings": 130, "pct_total_boardings": 0.00081546625851534958, "pct_route_boardings": 0.00081546625851534958, "latitude": 44.513275913645238, "longitude": -73.2535893886282 }, "geometry": { "type": "Point", "coordinates": [ -73.2535893886282, 44.513275913645238 ] } },
{ "type": "Feature", "properties": { "year": 2026.0, "month": "April", "route": 0.0, "stop_id": "805701", "stop_name": "North Avenue at Staniford Road", "total_boardings": 197, "pct_total_boardings": 0.0012357450225194144, "pct_route_boardings": 0.0012357450225194144, "latitude": 44.512482637184064, "longitude": -73.252490889472824 }, "geometry": { "type": "Point", "coordinates": [ -73.252490889472824, 44.512482637184064 ] } },
{ "type": "Feature", "properties": { "year": 2026.0, "month": "April", "route": 0.0, "stop_id": "805702", "stop_name": "North Avenue at Woodbury Road", "total_boardings": 270, "pct_total_boardings": 0.0016936606907626492, "pct_route_boardings": 0.0016936606907626492, "latitude": 44.51177, "longitude": -73.2515 }, "geometry": { "type": "Point", "coordinates": [ -73.2515, 44.51177 ] } },
{ "type": "Feature", "properties": { "year": 2026.0, "month": "April", "route": 0.0, "stop_id": "805703", "stop_name": "North Avenue at Dodds Court", "total_boardings": 178, "pct_total_boardings": 0.0011165614924287094, "pct_route_boardings": 0.0011165614924287094, "latitude": 44.510541541785194, "longitude": -73.249894477643181 }, "geometry": { "type": "Point", "coordinates": [ -73.249894477643181, 44.510541541785194 ] } },
{ "type": "Feature", "properties": { "year": 2026.0, "month": "April", "route": 0.0, "stop_id": "805704", "stop_name": "North Avenue at Shore Road", "total_boardings": 216, "pct_total_boardings": 0.0013549285526101194, "pct_route_boardings": 0.0013549285526101194, "latitude": 44.509482, "longitude": -73.248476 }, "geometry": { "type": "Point", "coordinates": [ -73.248476, 44.509482 ] } },
{ "type": "Feature", "properties": { "year": 2026.0, "month": "April", "route": 0.0, "stop_id": "805705", "stop_name": "North Avenue at Dept. Motor Vehicles", "total_boardings": 405, "pct_total_boardings": 0.0025404910361439739, "pct_route_boardings": 0.0025404910361439739, "latitude": 44.508268, "longitude": -73.246789 }, "geometry": { "type": "Point", "coordinates": [ -73.246789, 44.508268 ] } },
{ "type": "Feature", "properties": { "year": 2026.0, "month": "April", "route": 0.0, "stop_id": "805706", "stop_name": "Ethan Allen Shopping Center", "total_boardings": 829, "pct_total_boardings": 0.0052001656023786527, "pct_route_boardings": 0.0052001656023786527, "latitude": 44.506523, "longitude": -73.244415 }, "geometry": { "type": "Point", "coordinates": [ -73.244415, 44.506523 ] } },
{ "type": "Feature", "properties": { "year": 2026.0, "month": "April", "route": 0.0, "stop_id": "805707", "stop_name": "North Avenue at Lakewood Parkway", "total_boardings": 334, "pct_total_boardings": 0.0020951210026471287, "pct_route_boardings": 0.0020951210026471287, "latitude": 44.504869, "longitude": -73.242206 }, "geometry": { "type": "Point", "coordinates": [ -73.242206, 44.504869 ] } },
{ "type": "Feature", "properties": { "year": 2026.0, "month": "April", "route": 0.0, "stop_id": "805708", "stop_name": "North Avenue at Killarney Drive", "total_boardings": 205, "pct_total_boardings": 0.0012859275615049743, "pct_route_boardings": 0.0012859275615049743, "latitude": 44.503349, "longitude": -73.240156 }, "geometry": { "type": "Point", "coordinates": [ -73.240156, 44.503349 ] } },
{ "type": "Feature", "properties": { "year": 2026.0, "month": "April", "route": 0.0, "stop_id": "805709", "stop_name": "North Avenue at Oppostie Saratoga Ave. (Elk's Lodge)", "total_boardings": 85, "pct_total_boardings": 0.00053318947672157475, "pct_route_boardings": 0.00053318947672157475, "latitude": 44.50261, "longitude": -73.239132 }, "geometry": { "type": "Point", "coordinates": [ -73.239132, 44.50261 ] } },
{ "type": "Feature", "properties": { "year": 2026.0, "month": "April", "route": 0.0, "stop_id": "805710", "stop_name": "North Avenue at Route 127", "total_boardings": 37, "pct_total_boardings": 0.00023209424280821488, "pct_route_boardings": 0.00023209424280821488, "latitude": 44.501077, "longitude": -73.237206 }, "geometry": { "type": "Point", "coordinates": [ -73.237206, 44.501077 ] } },
{ "type": "Feature", "properties": { "year": 2026.0, "month": "April", "route": 0.0, "stop_id": "805711", "stop_name": "Burlington High School", "total_boardings": 276, "pct_total_boardings": 0.0017312975950018192, "pct_route_boardings": 0.0017312975950018192, "latitude": 44.49689546757881, "longitude": -73.232354974159364 }, "geometry": { "type": "Point", "coordinates": [ -73.232354974159364, 44.49689546757881 ] } },
{ "type": "Feature", "properties": { "year": 2026.0, "month": "April", "route": 0.0, "stop_id": "805713", "stop_name": "North Ave at Cambrian Rise", "total_boardings": 488, "pct_total_boardings": 0.0030611348781191586, "pct_route_boardings": 0.0030611348781191586, "latitude": 44.489779761483717, "longitude": -73.226694591317667 }, "geometry": { "type": "Point", "coordinates": [ -73.226694591317667, 44.489779761483717 ] } },
{ "type": "Feature", "properties": { "year": 2026.0, "month": "April", "route": 0.0, "stop_id": "805715", "stop_name": "North Avenue at Berry Street", "total_boardings": 109, "pct_total_boardings": 0.00068373709367825462, "pct_route_boardings": 0.00068373709367825462, "latitude": 44.487623, "longitude": -73.224958 }, "geometry": { "type": "Point", "coordinates": [ -73.224958, 44.487623 ] } },
{ "type": "Feature", "properties": { "year": 2026.0, "month": "April", "route": 0.0, "stop_id": "805716", "stop_name": "North Avenue at Opposite Ward Street", "total_boardings": 49, "pct_total_boardings": 0.00030736805128655484, "pct_route_boardings": 0.00030736805128655484, "latitude": 44.486342, "longitude": -73.223938 }, "geometry": { "type": "Point", "coordinates": [ -73.223938, 44.486342 ] } },
{ "type": "Feature", "properties": { "year": 2026.0, "month": "April", "route": 0.0, "stop_id": "805717", "stop_name": "North Avenue at Canfield Street", "total_boardings": 92, "pct_total_boardings": 0.00057709919833393974, "pct_route_boardings": 0.00057709919833393974, "latitude": 44.48527, "longitude": -73.2231 }, "geometry": { "type": "Point", "coordinates": [ -73.2231, 44.48527 ] } },
{ "type": "Feature", "properties": { "year": 2026.0, "month": "April", "route": 0.0, "stop_id": "805718", "stop_name": "North Street at Front Street", "total_boardings": 118, "pct_total_boardings": 0.00074019245003700959, "pct_route_boardings": 0.00074019245003700959, "latitude": 44.484442, "longitude": -73.220842 }, "geometry": { "type": "Point", "coordinates": [ -73.220842, 44.484442 ] } },
{ "type": "Feature", "properties": { "year": 2026.0, "month": "April", "route": 0.0, "stop_id": "805719", "stop_name": "North Street at N. Champlain Street", "total_boardings": 42, "pct_total_boardings": 0.00026345832967418985, "pct_route_boardings": 0.00026345832967418985, "latitude": 44.484544914360399, "longitude": -73.218103611263416 }, "geometry": { "type": "Point", "coordinates": [ -73.218103611263416, 44.484544914360399 ] } },
{ "type": "Feature", "properties": { "year": 2026.0, "month": "April", "route": 0.0, "stop_id": "805720", "stop_name": "North Street at Murray Street", "total_boardings": 286, "pct_total_boardings": 0.001794025768733769, "pct_route_boardings": 0.001794025768733769, "latitude": 44.48462, "longitude": -73.216134 }, "geometry": { "type": "Point", "coordinates": [ -73.216134, 44.48462 ] } },
{ "type": "Feature", "properties": { "year": 2026.0, "month": "April", "route": 0.0, "stop_id": "805721", "stop_name": "North Street at Elmwood Avenue", "total_boardings": 191, "pct_total_boardings": 0.0011981081182802444, "pct_route_boardings": 0.0011981081182802444, "latitude": 44.484724, "longitude": -73.213421 }, "geometry": { "type": "Point", "coordinates": [ -73.213421, 44.484724 ] } },
{ "type": "Feature", "properties": { "year": 2026.0, "month": "April", "route": 0.0, "stop_id": "805722", "stop_name": "No. Winooski Avenue at Grant Street", "total_boardings": 38, "pct_total_boardings": 0.00023836706018140987, "pct_route_boardings": 0.00023836706018140987, "latitude": 44.48238, "longitude": -73.21138 }, "geometry": { "type": "Point", "coordinates": [ -73.21138, 44.48238 ] } },
{ "type": "Feature", "properties": { "year": 2026.0, "month": "April", "route": 0.0, "stop_id": "805724", "stop_name": "Opposite 230 St Paul Street", "total_boardings": 124, "pct_total_boardings": 0.00077782935427617964, "pct_route_boardings": 0.00077782935427617964, "latitude": 44.472575866378598, "longitude": -73.213879426506651 }, "geometry": { "type": "Point", "coordinates": [ -73.213879426506651, 44.472575866378598 ] } },
{ "type": "Feature", "properties": { "year": 2026.0, "month": "April", "route": 0.0, "stop_id": "805725", "stop_name": "Kilburn Street at Pine Street", "total_boardings": 1, "pct_total_boardings": 6.2728173731949969e-06, "pct_route_boardings": 6.2728173731949969e-06, "latitude": 44.471083, "longitude": -73.215057 }, "geometry": { "type": "Point", "coordinates": [ -73.215057, 44.471083 ] } },
{ "type": "Feature", "properties": { "year": 2026.0, "month": "April", "route": 0.0, "stop_id": "805726", "stop_name": "Pine Street Opposite Pine Place (Old Greyhound)", "total_boardings": 43, "pct_total_boardings": 0.00026973114704738484, "pct_route_boardings": 0.00026973114704738484, "latitude": 44.469792, "longitude": -73.215209 }, "geometry": { "type": "Point", "coordinates": [ -73.215209, 44.469792 ] } },
{ "type": "Feature", "properties": { "year": 2026.0, "month": "April", "route": 0.0, "stop_id": "805727", "stop_name": "Pine Street at Opposite Howard Street", "total_boardings": 51, "pct_total_boardings": 0.00031991368603294482, "pct_route_boardings": 0.00031991368603294482, "latitude": 44.46707, "longitude": -73.215043 }, "geometry": { "type": "Point", "coordinates": [ -73.215043, 44.46707 ] } },
{ "type": "Feature", "properties": { "year": 2026.0, "month": "April", "route": 0.0, "stop_id": "805728", "stop_name": "Pine Street at Burlington Electric Dept.", "total_boardings": 93, "pct_total_boardings": 0.00058337201570713467, "pct_route_boardings": 0.00058337201570713467, "latitude": 44.463529, "longitude": -73.214778 }, "geometry": { "type": "Point", "coordinates": [ -73.214778, 44.463529 ] } },
{ "type": "Feature", "properties": { "year": 2026.0, "month": "April", "route": 0.0, "stop_id": "805729", "stop_name": "Pine Street at Opposite Birchcliff Parkway", "total_boardings": 47, "pct_total_boardings": 0.00029482241654016486, "pct_route_boardings": 0.00029482241654016486, "latitude": 44.459138, "longitude": -73.214493 }, "geometry": { "type": "Point", "coordinates": [ -73.214493, 44.459138 ] } },
{ "type": "Feature", "properties": { "year": 2026.0, "month": "April", "route": 0.0, "stop_id": "805730", "stop_name": "Pine Street at Long Trail Phys. Therapy", "total_boardings": 51, "pct_total_boardings": 0.00031991368603294482, "pct_route_boardings": 0.00031991368603294482, "latitude": 44.457489, "longitude": -73.214395 }, "geometry": { "type": "Point", "coordinates": [ -73.214395, 44.457489 ] } },
{ "type": "Feature", "properties": { "year": 2026.0, "month": "April", "route": 0.0, "stop_id": "805731", "stop_name": "Howard Center", "total_boardings": 92, "pct_total_boardings": 0.00057709919833393974, "pct_route_boardings": 0.00057709919833393974, "latitude": 44.455878051784822, "longitude": -73.214332365078349 }, "geometry": { "type": "Point", "coordinates": [ -73.214332365078349, 44.455878051784822 ] } },
{ "type": "Feature", "properties": { "year": 2026.0, "month": "April", "route": 0.0, "stop_id": "805732", "stop_name": "Pine Street at Lyman Avenue", "total_boardings": 57, "pct_total_boardings": 0.00035755059027211481, "pct_route_boardings": 0.00035755059027211481, "latitude": 44.453353, "longitude": -73.214448 }, "geometry": { "type": "Point", "coordinates": [ -73.214448, 44.453353 ] } },
{ "type": "Feature", "properties": { "year": 2026.0, "month": "April", "route": 0.0, "stop_id": "805733", "stop_name": "Pine Street at Home Avenue", "total_boardings": 122, "pct_total_boardings": 0.00076528371952978966, "pct_route_boardings": 0.00076528371952978966, "latitude": 44.451123, "longitude": -73.214484 }, "geometry": { "type": "Point", "coordinates": [ -73.214484, 44.451123 ] } },
{ "type": "Feature", "properties": { "year": 2026.0, "month": "April", "route": 0.0, "stop_id": "805734", "stop_name": "Green Mountain Transit Office", "total_boardings": 8, "pct_total_boardings": 5.0182538985559975e-05, "pct_route_boardings": 5.0182538985559975e-05, "latitude": 44.450385, "longitude": -73.219485 }, "geometry": { "type": "Point", "coordinates": [ -73.219485, 44.450385 ] } },
{ "type": "Feature", "properties": { "year": 2026.0, "month": "April", "route": 0.0, "stop_id": "805736", "stop_name": "Queen City Park Road at Opposite Pine Street", "total_boardings": 3, "pct_total_boardings": 1.8818452119584991e-05, "pct_route_boardings": 1.8818452119584991e-05, "latitude": 44.446265, "longitude": -73.215134 }, "geometry": { "type": "Point", "coordinates": [ -73.215134, 44.446265 ] } },
{ "type": "Feature", "properties": { "year": 2026.0, "month": "April", "route": 0.0, "stop_id": "805738", "stop_name": "Opposite Howard Center", "total_boardings": 164, "pct_total_boardings": 0.0010287420492039795, "pct_route_boardings": 0.0010287420492039795, "latitude": 44.456046, "longitude": -73.214158 }, "geometry": { "type": "Point", "coordinates": [ -73.214158, 44.456046 ] } },
{ "type": "Feature", "properties": { "year": 2026.0, "month": "April", "route": 0.0, "stop_id": "805739", "stop_name": "Champlain School (Pine Street)", "total_boardings": 803, "pct_total_boardings": 0.0050370723506755824, "pct_route_boardings": 0.0050370723506755824, "latitude": 44.456953744271289, "longitude": -73.214221960164764 }, "geometry": { "type": "Point", "coordinates": [ -73.214221960164764, 44.456953744271289 ] } },
{ "type": "Feature", "properties": { "year": 2026.0, "month": "April", "route": 0.0, "stop_id": "805740", "stop_name": "Pine Street at Birchcliff Parkway", "total_boardings": 156, "pct_total_boardings": 0.00097855951021841954, "pct_route_boardings": 0.00097855951021841954, "latitude": 44.459553, "longitude": -73.214401 }, "geometry": { "type": "Point", "coordinates": [ -73.214401, 44.459553 ] } },
{ "type": "Feature", "properties": { "year": 2026.0, "month": "April", "route": 0.0, "stop_id": "805742", "stop_name": "Lakeside Community", "total_boardings": 93, "pct_total_boardings": 0.00058337201570713467, "pct_route_boardings": 0.00058337201570713467, "latitude": 44.46027, "longitude": -73.22083 }, "geometry": { "type": "Point", "coordinates": [ -73.22083, 44.46027 ] } },
{ "type": "Feature", "properties": { "year": 2026.0, "month": "April", "route": 0.0, "stop_id": "805745", "stop_name": "Pine Street at Locust Street", "total_boardings": 523, "pct_total_boardings": 0.0032806834861809834, "pct_route_boardings": 0.0032806834861809834, "latitude": 44.462799, "longitude": -73.214615 }, "geometry": { "type": "Point", "coordinates": [ -73.214615, 44.462799 ] } },
{ "type": "Feature", "properties": { "year": 2026.0, "month": "April", "route": 0.0, "stop_id": "805746", "stop_name": "Pine Street at Howard Street", "total_boardings": 155, "pct_total_boardings": 0.00097228669284522449, "pct_route_boardings": 0.00097228669284522449, "latitude": 44.467066, "longitude": -73.214898 }, "geometry": { "type": "Point", "coordinates": [ -73.214898, 44.467066 ] } },
{ "type": "Feature", "properties": { "year": 2026.0, "month": "April", "route": 0.0, "stop_id": "805747", "stop_name": "230 St Paul Street", "total_boardings": 290, "pct_total_boardings": 0.001819117038226549, "pct_route_boardings": 0.001819117038226549, "latitude": 44.472639, "longitude": -73.213734 }, "geometry": { "type": "Point", "coordinates": [ -73.213734, 44.472639 ] } },
{ "type": "Feature", "properties": { "year": 2026.0, "month": "April", "route": 0.0, "stop_id": "805752", "stop_name": "Pearl Street at Hungerford Terrace", "total_boardings": 1650, "pct_total_boardings": 0.010350148665771745, "pct_route_boardings": 0.010350148665771745, "latitude": 44.480581, "longitude": -73.207105 }, "geometry": { "type": "Point", "coordinates": [ -73.207105, 44.480581 ] } },
{ "type": "Feature", "properties": { "year": 2026.0, "month": "April", "route": 0.0, "stop_id": "805753", "stop_name": "Pearl Street at S. Willard Street", "total_boardings": 655, "pct_total_boardings": 0.0041086953794427228, "pct_route_boardings": 0.0041086953794427228, "latitude": 44.480612, "longitude": -73.205833 }, "geometry": { "type": "Point", "coordinates": [ -73.205833, 44.480612 ] } },
{ "type": "Feature", "properties": { "year": 2026.0, "month": "April", "route": 0.0, "stop_id": "805754", "stop_name": "Pearl Street at S Prospect Street (UHC)", "total_boardings": 643, "pct_total_boardings": 0.0040334215709643831, "pct_route_boardings": 0.0040334215709643831, "latitude": 44.480731, "longitude": -73.201381 }, "geometry": { "type": "Point", "coordinates": [ -73.201381, 44.480731 ] } },
{ "type": "Feature", "properties": { "year": 2026.0, "month": "April", "route": 0.0, "stop_id": "805755", "stop_name": "Colchester Avenue at Mansfield House", "total_boardings": 657, "pct_total_boardings": 0.0041212410141891129, "pct_route_boardings": 0.0041212410141891129, "latitude": 44.480579, "longitude": -73.198914 }, "geometry": { "type": "Point", "coordinates": [ -73.198914, 44.480579 ] } },
{ "type": "Feature", "properties": { "year": 2026.0, "month": "April", "route": 0.0, "stop_id": "805756", "stop_name": "Colchester Avenue at Fleming Museum", "total_boardings": 328, "pct_total_boardings": 0.0020574840984079589, "pct_route_boardings": 0.0020574840984079589, "latitude": 44.480591262595297, "longitude": -73.196866524096293 }, "geometry": { "type": "Point", "coordinates": [ -73.196866524096293, 44.480591262595297 ] } },
{ "type": "Feature", "properties": { "year": 2026.0, "month": "April", "route": 0.0, "stop_id": "805757", "stop_name": "UVM Medical Center", "total_boardings": 6242, "pct_total_boardings": 0.039154926043483168, "pct_route_boardings": 0.039154926043483168, "latitude": 44.478656664110503, "longitude": -73.193969644180299 }, "geometry": { "type": "Point", "coordinates": [ -73.193969644180299, 44.478656664110503 ] } },
{ "type": "Feature", "properties": { "year": 2026.0, "month": "April", "route": 0.0, "stop_id": "805758", "stop_name": "Colchester Avenue at Latham Court", "total_boardings": 113, "pct_total_boardings": 0.00070882836317103469, "pct_route_boardings": 0.00070882836317103469, "latitude": 44.482512, "longitude": -73.191938 }, "geometry": { "type": "Point", "coordinates": [ -73.191938, 44.482512 ] } },
{ "type": "Feature", "properties": { "year": 2026.0, "month": "April", "route": 0.0, "stop_id": "805759", "stop_name": "Colchester Avenue at Thibault Parkway", "total_boardings": 87, "pct_total_boardings": 0.00054573511146796473, "pct_route_boardings": 0.00054573511146796473, "latitude": 44.483129, "longitude": -73.190514 }, "geometry": { "type": "Point", "coordinates": [ -73.190514, 44.483129 ] } },
{ "type": "Feature", "properties": { "year": 2026.0, "month": "April", "route": 0.0, "stop_id": "805760", "stop_name": "Colchester Avenue at 339", "total_boardings": 35, "pct_total_boardings": 0.0002195486080618249, "pct_route_boardings": 0.0002195486080618249, "latitude": 44.484018, "longitude": -73.188415 }, "geometry": { "type": "Point", "coordinates": [ -73.188415, 44.484018 ] } },
{ "type": "Feature", "properties": { "year": 2026.0, "month": "April", "route": 0.0, "stop_id": "805761", "stop_name": "Colchester Avenue at Chase Street", "total_boardings": 239, "pct_total_boardings": 0.0014992033521936043, "pct_route_boardings": 0.0014992033521936043, "latitude": 44.486436, "longitude": -73.186976 }, "geometry": { "type": "Point", "coordinates": [ -73.186976, 44.486436 ] } },
{ "type": "Feature", "properties": { "year": 2026.0, "month": "April", "route": 0.0, "stop_id": "805762", "stop_name": "Colchester Avenue at Barrett Street", "total_boardings": 56, "pct_total_boardings": 0.00035127777289891982, "pct_route_boardings": 0.00035127777289891982, "latitude": 44.487802, "longitude": -73.186696 }, "geometry": { "type": "Point", "coordinates": [ -73.186696, 44.487802 ] } },
{ "type": "Feature", "properties": { "year": 2026.0, "month": "April", "route": 0.0, "stop_id": "805763", "stop_name": "Winooski Falls/Champlain Mill", "total_boardings": 751, "pct_total_boardings": 0.0047108858472694427, "pct_route_boardings": 0.0047108858472694427, "latitude": 44.49022, "longitude": -73.18437 }, "geometry": { "type": "Point", "coordinates": [ -73.18437, 44.49022 ] } },
{ "type": "Feature", "properties": { "year": 2026.0, "month": "April", "route": 0.0, "stop_id": "805765", "stop_name": "College Parkway at Opposite Florida Avenue", "total_boardings": 35, "pct_total_boardings": 0.0002195486080618249, "pct_route_boardings": 0.0002195486080618249, "latitude": 44.493226, "longitude": -73.170992 }, "geometry": { "type": "Point", "coordinates": [ -73.170992, 44.493226 ] } },
{ "type": "Feature", "properties": { "year": 2026.0, "month": "April", "route": 0.0, "stop_id": "805766", "stop_name": "Saint Michael's College", "total_boardings": 63, "pct_total_boardings": 0.00039518749451128481, "pct_route_boardings": 0.00039518749451128481, "latitude": 44.492973017248161, "longitude": -73.167726976286872 }, "geometry": { "type": "Point", "coordinates": [ -73.167726976286872, 44.492973017248161 ] } },
{ "type": "Feature", "properties": { "year": 2026.0, "month": "April", "route": 0.0, "stop_id": "805767", "stop_name": "College Parkway at Lime Kiln Road", "total_boardings": 45, "pct_total_boardings": 0.00028227678179377488, "pct_route_boardings": 0.00028227678179377488, "latitude": 44.492695, "longitude": -73.163626 }, "geometry": { "type": "Point", "coordinates": [ -73.163626, 44.492695 ] } },
{ "type": "Feature", "properties": { "year": 2026.0, "month": "April", "route": 0.0, "stop_id": "805768", "stop_name": "College Parkway at Fanny Allen Hospital", "total_boardings": 173, "pct_total_boardings": 0.0010851974055627344, "pct_route_boardings": 0.0010851974055627344, "latitude": 44.497364, "longitude": -73.158333 }, "geometry": { "type": "Point", "coordinates": [ -73.158333, 44.497364 ] } },
{ "type": "Feature", "properties": { "year": 2026.0, "month": "April", "route": 0.0, "stop_id": "805769", "stop_name": "Ethan Allen Avenue at University Lane", "total_boardings": 62, "pct_total_boardings": 0.00038891467713808982, "pct_route_boardings": 0.00038891467713808982, "latitude": 44.502994, "longitude": -73.151287 }, "geometry": { "type": "Point", "coordinates": [ -73.151287, 44.502994 ] } },
{ "type": "Feature", "properties": { "year": 2026.0, "month": "April", "route": 0.0, "stop_id": "805770", "stop_name": "Ethan Allen Avenue at Catamount Lane", "total_boardings": 53, "pct_total_boardings": 0.00033245932077933485, "pct_route_boardings": 0.00033245932077933485, "latitude": 44.503845, "longitude": -73.150689 }, "geometry": { "type": "Point", "coordinates": [ -73.150689, 44.503845 ] } },
{ "type": "Feature", "properties": { "year": 2026.0, "month": "April", "route": 0.0, "stop_id": "805771", "stop_name": "Ethan Allen Avenue at VT Public TV", "total_boardings": 63, "pct_total_boardings": 0.00039518749451128481, "pct_route_boardings": 0.00039518749451128481, "latitude": 44.50475, "longitude": -73.149892 }, "geometry": { "type": "Point", "coordinates": [ -73.149892, 44.50475 ] } },
{ "type": "Feature", "properties": { "year": 2026.0, "month": "April", "route": 0.0, "stop_id": "805775", "stop_name": "Ethan Allen Avenue at Opposite Green Mt. Nursing", "total_boardings": 65, "pct_total_boardings": 0.00040773312925767479, "pct_route_boardings": 0.00040773312925767479, "latitude": 44.506784, "longitude": -73.145364 }, "geometry": { "type": "Point", "coordinates": [ -73.145364, 44.506784 ] } },
{ "type": "Feature", "properties": { "year": 2026.0, "month": "April", "route": 0.0, "stop_id": "805776", "stop_name": "Ethan Allen Avenue at Essex Avenue (Bld. #310)", "total_boardings": 38, "pct_total_boardings": 0.00023836706018140987, "pct_route_boardings": 0.00023836706018140987, "latitude": 44.50543, "longitude": -73.143241 }, "geometry": { "type": "Point", "coordinates": [ -73.143241, 44.50543 ] } },
{ "type": "Feature", "properties": { "year": 2026.0, "month": "April", "route": 0.0, "stop_id": "805777", "stop_name": "Pearl Street at West Street Extension", "total_boardings": 57, "pct_total_boardings": 0.00035755059027211481, "pct_route_boardings": 0.00035755059027211481, "latitude": 44.499522824791669, "longitude": -73.130628243221167 }, "geometry": { "type": "Point", "coordinates": [ -73.130628243221167, 44.499522824791669 ] } },
{ "type": "Feature", "properties": { "year": 2026.0, "month": "April", "route": 0.0, "stop_id": "805778", "stop_name": "Pearl Street at Opposite Complex 159", "total_boardings": 25, "pct_total_boardings": 0.00015682043432987491, "pct_route_boardings": 0.00015682043432987491, "latitude": 44.497858, "longitude": -73.127775 }, "geometry": { "type": "Point", "coordinates": [ -73.127775, 44.497858 ] } },
{ "type": "Feature", "properties": { "year": 2026.0, "month": "April", "route": 0.0, "stop_id": "805779", "stop_name": "Pearl Street at Opposite Willey's Court", "total_boardings": 5, "pct_total_boardings": 3.1364086865974984e-05, "pct_route_boardings": 3.1364086865974984e-05, "latitude": 44.4968059911076, "longitude": -73.125413855270693 }, "geometry": { "type": "Point", "coordinates": [ -73.125413855270693, 44.4968059911076 ] } },
{ "type": "Feature", "properties": { "year": 2026.0, "month": "April", "route": 0.0, "stop_id": "805780", "stop_name": "Pearl Street at KFC", "total_boardings": 13, "pct_total_boardings": 8.1546625851534952e-05, "pct_route_boardings": 8.1546625851534952e-05, "latitude": 44.496383, "longitude": -73.124482 }, "geometry": { "type": "Point", "coordinates": [ -73.124482, 44.496383 ] } },
{ "type": "Feature", "properties": { "year": 2026.0, "month": "April", "route": 0.0, "stop_id": "805781", "stop_name": "Pearl Street at Capital Lincoln", "total_boardings": 57, "pct_total_boardings": 0.00035755059027211481, "pct_route_boardings": 0.00035755059027211481, "latitude": 44.495081, "longitude": -73.121634 }, "geometry": { "type": "Point", "coordinates": [ -73.121634, 44.495081 ] } },
{ "type": "Feature", "properties": { "year": 2026.0, "month": "April", "route": 0.0, "stop_id": "805782", "stop_name": "Pearl Street at Roscoe Court (Shopping Center)", "total_boardings": 61, "pct_total_boardings": 0.00038264185976489483, "pct_route_boardings": 0.00038264185976489483, "latitude": 44.494046, "longitude": -73.119419 }, "geometry": { "type": "Point", "coordinates": [ -73.119419, 44.494046 ] } },
{ "type": "Feature", "properties": { "year": 2026.0, "month": "April", "route": 0.0, "stop_id": "805783", "stop_name": "Pearl Street at Merchants Bank", "total_boardings": 15, "pct_total_boardings": 9.4092260597924946e-05, "pct_route_boardings": 9.4092260597924946e-05, "latitude": 44.492685, "longitude": -73.11657 }, "geometry": { "type": "Point", "coordinates": [ -73.11657, 44.492685 ] } },
{ "type": "Feature", "properties": { "year": 2026.0, "month": "April", "route": 0.0, "stop_id": "805792", "stop_name": "Amtrak", "total_boardings": 2148, "pct_total_boardings": 0.013474011717622853, "pct_route_boardings": 0.013474011717622853, "latitude": 44.4924, "longitude": -73.11022 }, "geometry": { "type": "Point", "coordinates": [ -73.11022, 44.4924 ] } },
{ "type": "Feature", "properties": { "year": 2026.0, "month": "April", "route": 0.0, "stop_id": "805793", "stop_name": "Lincoln Street at Brownell Library", "total_boardings": 488, "pct_total_boardings": 0.0030611348781191586, "pct_route_boardings": 0.0030611348781191586, "latitude": 44.49122, "longitude": -73.11107 }, "geometry": { "type": "Point", "coordinates": [ -73.11107, 44.49122 ] } },
{ "type": "Feature", "properties": { "year": 2026.0, "month": "April", "route": 0.0, "stop_id": "805794", "stop_name": "Pearl Street at Summit Street", "total_boardings": 73, "pct_total_boardings": 0.00045791566824323476, "pct_route_boardings": 0.00045791566824323476, "latitude": 44.492274, "longitude": -73.1155 }, "geometry": { "type": "Point", "coordinates": [ -73.1155, 44.492274 ] } },
{ "type": "Feature", "properties": { "year": 2026.0, "month": "April", "route": 0.0, "stop_id": "805795", "stop_name": "Pearl Street at Hillcrest Road (Jiffy Lube)", "total_boardings": 149, "pct_total_boardings": 0.00093464978860605455, "pct_route_boardings": 0.00093464978860605455, "latitude": 44.493225, "longitude": -73.117389 }, "geometry": { "type": "Point", "coordinates": [ -73.117389, 44.493225 ] } },
{ "type": "Feature", "properties": { "year": 2026.0, "month": "April", "route": 0.0, "stop_id": "805796", "stop_name": "Pearl Street at Essex Junction Shopping Center.", "total_boardings": 606, "pct_total_boardings": 0.0038013273281561682, "pct_route_boardings": 0.0038013273281561682, "latitude": 44.494521, "longitude": -73.120046 }, "geometry": { "type": "Point", "coordinates": [ -73.120046, 44.494521 ] } },
{ "type": "Feature", "properties": { "year": 2026.0, "month": "April", "route": 0.0, "stop_id": "805797", "stop_name": "Pearl Street at Gate A Fairgrounds", "total_boardings": 459, "pct_total_boardings": 0.0028792231742965036, "pct_route_boardings": 0.0028792231742965036, "latitude": 44.4956, "longitude": -73.122406 }, "geometry": { "type": "Point", "coordinates": [ -73.122406, 44.4956 ] } },
{ "type": "Feature", "properties": { "year": 2026.0, "month": "April", "route": 0.0, "stop_id": "805798", "stop_name": "Pearl Street at Willey's Court", "total_boardings": 167, "pct_total_boardings": 0.0010475605013235644, "pct_route_boardings": 0.0010475605013235644, "latitude": 44.49691, "longitude": -73.125335 }, "geometry": { "type": "Point", "coordinates": [ -73.125335, 44.49691 ] } },
{ "type": "Feature", "properties": { "year": 2026.0, "month": "April", "route": 0.0, "stop_id": "805799", "stop_name": "Pearl Street at Complex 159", "total_boardings": 77, "pct_total_boardings": 0.00048300693773601478, "pct_route_boardings": 0.00048300693773601478, "latitude": 44.497953, "longitude": -73.127588 }, "geometry": { "type": "Point", "coordinates": [ -73.127588, 44.497953 ] } },
{ "type": "Feature", "properties": { "year": 2026.0, "month": "April", "route": 0.0, "stop_id": "805800", "stop_name": "Pearl Street at West Street (U-Turn)", "total_boardings": 99, "pct_total_boardings": 0.00062100891994630472, "pct_route_boardings": 0.00062100891994630472, "latitude": 44.499922, "longitude": -73.130796 }, "geometry": { "type": "Point", "coordinates": [ -73.130796, 44.499922 ] } },
{ "type": "Feature", "properties": { "year": 2026.0, "month": "April", "route": 0.0, "stop_id": "805801", "stop_name": "Pearl Street at 197 Pearl Inc.", "total_boardings": 64, "pct_total_boardings": 0.0004014603118844798, "pct_route_boardings": 0.0004014603118844798, "latitude": 44.50076, "longitude": -73.132168 }, "geometry": { "type": "Point", "coordinates": [ -73.132168, 44.50076 ] } },
{ "type": "Feature", "properties": { "year": 2026.0, "month": "April", "route": 0.0, "stop_id": "805802", "stop_name": "Pearl Street at Contois Music", "total_boardings": 72, "pct_total_boardings": 0.00045164285087003977, "pct_route_boardings": 0.00045164285087003977, "latitude": 44.501798, "longitude": -73.133839 }, "geometry": { "type": "Point", "coordinates": [ -73.133839, 44.501798 ] } },
{ "type": "Feature", "properties": { "year": 2026.0, "month": "April", "route": 0.0, "stop_id": "805803", "stop_name": "Pearl Street at 241 Pearl Apartments", "total_boardings": 146, "pct_total_boardings": 0.00091583133648646953, "pct_route_boardings": 0.00091583133648646953, "latitude": 44.502877, "longitude": -73.135618 }, "geometry": { "type": "Point", "coordinates": [ -73.135618, 44.502877 ] } },
{ "type": "Feature", "properties": { "year": 2026.0, "month": "April", "route": 0.0, "stop_id": "805804", "stop_name": "Pearl Street at Susie Wilson Road", "total_boardings": 424, "pct_total_boardings": 0.0026596745662346788, "pct_route_boardings": 0.0026596745662346788, "latitude": 44.504157, "longitude": -73.139286 }, "geometry": { "type": "Point", "coordinates": [ -73.139286, 44.504157 ] } },
{ "type": "Feature", "properties": { "year": 2026.0, "month": "April", "route": 0.0, "stop_id": "805805", "stop_name": "Ethan Allen Avenue at Laurette Drive", "total_boardings": 219, "pct_total_boardings": 0.0013737470047297043, "pct_route_boardings": 0.0013737470047297043, "latitude": 44.504828, "longitude": -73.142164 }, "geometry": { "type": "Point", "coordinates": [ -73.142164, 44.504828 ] } },
{ "type": "Feature", "properties": { "year": 2026.0, "month": "April", "route": 0.0, "stop_id": "805806", "stop_name": "Ethan Allen Avenue at Green Mtn. Nursing", "total_boardings": 108, "pct_total_boardings": 0.00067746427630505969, "pct_route_boardings": 0.00067746427630505969, "latitude": 44.506969, "longitude": -73.145567 }, "geometry": { "type": "Point", "coordinates": [ -73.145567, 44.506969 ] } },
{ "type": "Feature", "properties": { "year": 2026.0, "month": "April", "route": 0.0, "stop_id": "805808", "stop_name": "Ethan Allen Avenue at Sloane Hall", "total_boardings": 128, "pct_total_boardings": 0.0008029206237689596, "pct_route_boardings": 0.0008029206237689596, "latitude": 44.504656870888162, "longitude": -73.150176640958136 }, "geometry": { "type": "Point", "coordinates": [ -73.150176640958136, 44.504656870888162 ] } },
{ "type": "Feature", "properties": { "year": 2026.0, "month": "April", "route": 0.0, "stop_id": "805809", "stop_name": "Ethan Allen Avenue at Catamount Lane", "total_boardings": 208, "pct_total_boardings": 0.0013047460136245592, "pct_route_boardings": 0.0013047460136245592, "latitude": 44.503856, "longitude": -73.150807 }, "geometry": { "type": "Point", "coordinates": [ -73.150807, 44.503856 ] } },
{ "type": "Feature", "properties": { "year": 2026.0, "month": "April", "route": 0.0, "stop_id": "805810", "stop_name": "Ethan Allen Avenue at Barnes Avenue", "total_boardings": 401, "pct_total_boardings": 0.0025153997666511937, "pct_route_boardings": 0.0025153997666511937, "latitude": 44.502712, "longitude": -73.15154 }, "geometry": { "type": "Point", "coordinates": [ -73.15154, 44.502712 ] } },
{ "type": "Feature", "properties": { "year": 2026.0, "month": "April", "route": 0.0, "stop_id": "805811", "stop_name": "College Parkway at Cumberland Farms", "total_boardings": 230, "pct_total_boardings": 0.0014427479958348493, "pct_route_boardings": 0.0014427479958348493, "latitude": 44.497571, "longitude": -73.158398 }, "geometry": { "type": "Point", "coordinates": [ -73.158398, 44.497571 ] } },
{ "type": "Feature", "properties": { "year": 2026.0, "month": "April", "route": 0.0, "stop_id": "805812", "stop_name": "College Parkway at Johnson Avenue", "total_boardings": 177, "pct_total_boardings": 0.0011102886750555144, "pct_route_boardings": 0.0011102886750555144, "latitude": 44.496917, "longitude": -73.15976 }, "geometry": { "type": "Point", "coordinates": [ -73.15976, 44.496917 ] } },
{ "type": "Feature", "properties": { "year": 2026.0, "month": "April", "route": 0.0, "stop_id": "805813", "stop_name": "College Parkway at Campus Rd. (Saint Mikes East Entrance)", "total_boardings": 114, "pct_total_boardings": 0.00071510118054422963, "pct_route_boardings": 0.00071510118054422963, "latitude": 44.494898125355199, "longitude": -73.161820025549602 }, "geometry": { "type": "Point", "coordinates": [ -73.161820025549602, 44.494898125355199 ] } },
{ "type": "Feature", "properties": { "year": 2026.0, "month": "April", "route": 0.0, "stop_id": "805814", "stop_name": "Saint Michael's College", "total_boardings": 83, "pct_total_boardings": 0.00052064384197518477, "pct_route_boardings": 0.00052064384197518477, "latitude": 44.493464544027219, "longitude": -73.162882690763865 }, "geometry": { "type": "Point", "coordinates": [ -73.162882690763865, 44.493464544027219 ] } },
{ "type": "Feature", "properties": { "year": 2026.0, "month": "April", "route": 0.0, "stop_id": "805815", "stop_name": "College Parkway at Campus Rd. (Saint Mikes West Entrance)", "total_boardings": 604, "pct_total_boardings": 0.0037887816934097781, "pct_route_boardings": 0.0037887816934097781, "latitude": 44.493114, "longitude": -73.166998 }, "geometry": { "type": "Point", "coordinates": [ -73.166998, 44.493114 ] } },
{ "type": "Feature", "properties": { "year": 2026.0, "month": "April", "route": 0.0, "stop_id": "805816", "stop_name": "College Parkway at Florida Avenue", "total_boardings": 148, "pct_total_boardings": 0.00092837697123285951, "pct_route_boardings": 0.00092837697123285951, "latitude": 44.493376, "longitude": -73.171038 }, "geometry": { "type": "Point", "coordinates": [ -73.171038, 44.493376 ] } },
{ "type": "Feature", "properties": { "year": 2026.0, "month": "April", "route": 0.0, "stop_id": "805817", "stop_name": "E Allen Street at Dion Street", "total_boardings": 384, "pct_total_boardings": 0.0024087618713068788, "pct_route_boardings": 0.0024087618713068788, "latitude": 44.493224275131503, "longitude": -73.175639204609297 }, "geometry": { "type": "Point", "coordinates": [ -73.175639204609297, 44.493224275131503 ] } },
{ "type": "Feature", "properties": { "year": 2026.0, "month": "April", "route": 0.0, "stop_id": "805819", "stop_name": "Spinner Place/ Champlain Mill", "total_boardings": 4958, "pct_total_boardings": 0.031100628536300794, "pct_route_boardings": 0.031100628536300794, "latitude": 44.490307565759402, "longitude": -73.184893183145903 }, "geometry": { "type": "Point", "coordinates": [ -73.184893183145903, 44.490307565759402 ] } },
{ "type": "Feature", "properties": { "year": 2026.0, "month": "April", "route": 0.0, "stop_id": "805820", "stop_name": "Colchester Avenue at Barrett Street", "total_boardings": 724, "pct_total_boardings": 0.0045415197781931774, "pct_route_boardings": 0.0045415197781931774, "latitude": 44.48766, "longitude": -73.186825 }, "geometry": { "type": "Point", "coordinates": [ -73.186825, 44.48766 ] } },
{ "type": "Feature", "properties": { "year": 2026.0, "month": "April", "route": 0.0, "stop_id": "805821", "stop_name": "Colchester Avenue at Opposite Chase Street", "total_boardings": 683, "pct_total_boardings": 0.0042843342658921832, "pct_route_boardings": 0.0042843342658921832, "latitude": 44.486574, "longitude": -73.187045 }, "geometry": { "type": "Point", "coordinates": [ -73.187045, 44.486574 ] } },
{ "type": "Feature", "properties": { "year": 2026.0, "month": "April", "route": 0.0, "stop_id": "805822", "stop_name": "Colchester Avenue at Nash Place", "total_boardings": 257, "pct_total_boardings": 0.0016121140649111142, "pct_route_boardings": 0.0016121140649111142, "latitude": 44.483724, "longitude": -73.189341 }, "geometry": { "type": "Point", "coordinates": [ -73.189341, 44.483724 ] } },
{ "type": "Feature", "properties": { "year": 2026.0, "month": "April", "route": 0.0, "stop_id": "805823", "stop_name": "Colchester Avenue at UVM Trinty Campus", "total_boardings": 418, "pct_total_boardings": 0.0026220376619955086, "pct_route_boardings": 0.0026220376619955086, "latitude": 44.482849, "longitude": -73.191372 }, "geometry": { "type": "Point", "coordinates": [ -73.191372, 44.482849 ] } },
{ "type": "Feature", "properties": { "year": 2026.0, "month": "April", "route": 0.0, "stop_id": "805824", "stop_name": "Colchester Avenue at Mansfield Avenue", "total_boardings": 387, "pct_total_boardings": 0.0024275803234264639, "pct_route_boardings": 0.0024275803234264639, "latitude": 44.480697, "longitude": -73.198467 }, "geometry": { "type": "Point", "coordinates": [ -73.198467, 44.480697 ] } },
{ "type": "Feature", "properties": { "year": 2026.0, "month": "April", "route": 0.0, "stop_id": "805825", "stop_name": "Pearl Street at N. Prospect Street", "total_boardings": 362, "pct_total_boardings": 0.0022707598890965887, "pct_route_boardings": 0.0022707598890965887, "latitude": 44.480722, "longitude": -73.200124 }, "geometry": { "type": "Point", "coordinates": [ -73.200124, 44.480722 ] } },
{ "type": "Feature", "properties": { "year": 2026.0, "month": "April", "route": 0.0, "stop_id": "805826", "stop_name": "Pearl Street at N. Williams Street", "total_boardings": 77, "pct_total_boardings": 0.00048300693773601478, "pct_route_boardings": 0.00048300693773601478, "latitude": 44.480754, "longitude": -73.203485 }, "geometry": { "type": "Point", "coordinates": [ -73.203485, 44.480754 ] } },
{ "type": "Feature", "properties": { "year": 2026.0, "month": "April", "route": 0.0, "stop_id": "805827", "stop_name": "Pearl Street at N. Willard Street", "total_boardings": 40, "pct_total_boardings": 0.00025091269492779987, "pct_route_boardings": 0.00025091269492779987, "latitude": 44.480709, "longitude": -73.205423 }, "geometry": { "type": "Point", "coordinates": [ -73.205423, 44.480709 ] } },
{ "type": "Feature", "properties": { "year": 2026.0, "month": "April", "route": 0.0, "stop_id": "805828", "stop_name": "Pearl Street at Greene Street", "total_boardings": 21, "pct_total_boardings": 0.00013172916483709493, "pct_route_boardings": 0.00013172916483709493, "latitude": 44.480637, "longitude": -73.207642 }, "geometry": { "type": "Point", "coordinates": [ -73.207642, 44.480637 ] } },
{ "type": "Feature", "properties": { "year": 2026.0, "month": "April", "route": 0.0, "stop_id": "805829", "stop_name": "Pearl Street at N Union Street", "total_boardings": 26, "pct_total_boardings": 0.0001630932517030699, "pct_route_boardings": 0.0001630932517030699, "latitude": 44.480617, "longitude": -73.209172 }, "geometry": { "type": "Point", "coordinates": [ -73.209172, 44.480617 ] } },
{ "type": "Feature", "properties": { "year": 2026.0, "month": "April", "route": 0.0, "stop_id": "805830", "stop_name": "Main Street at Densmore Drive", "total_boardings": 5, "pct_total_boardings": 3.1364086865974984e-05, "pct_route_boardings": 3.1364086865974984e-05, "latitude": 44.49475, "longitude": -73.10395 }, "geometry": { "type": "Point", "coordinates": [ -73.10395, 44.49475 ] } },
{ "type": "Feature", "properties": { "year": 2026.0, "month": "April", "route": 0.0, "stop_id": "805831", "stop_name": "Main Street at #141", "total_boardings": 6, "pct_total_boardings": 3.7636904239169981e-05, "pct_route_boardings": 3.7636904239169981e-05, "latitude": 44.49757, "longitude": -73.09973 }, "geometry": { "type": "Point", "coordinates": [ -73.09973, 44.49757 ] } },
{ "type": "Feature", "properties": { "year": 2026.0, "month": "April", "route": 0.0, "stop_id": "805832", "stop_name": "Main Street at Fairview Drive", "total_boardings": 4, "pct_total_boardings": 2.5091269492779987e-05, "pct_route_boardings": 2.5091269492779987e-05, "latitude": 44.49922, "longitude": -73.09823 }, "geometry": { "type": "Point", "coordinates": [ -73.09823, 44.49922 ] } },
{ "type": "Feature", "properties": { "year": 2026.0, "month": "April", "route": 0.0, "stop_id": "805833", "stop_name": "Main Street at #25", "total_boardings": 1, "pct_total_boardings": 6.2728173731949969e-06, "pct_route_boardings": 6.2728173731949969e-06, "latitude": 44.503347, "longitude": -73.093617 }, "geometry": { "type": "Point", "coordinates": [ -73.093617, 44.503347 ] } },
{ "type": "Feature", "properties": { "year": 2026.0, "month": "April", "route": 0.0, "stop_id": "805835", "stop_name": "Essex Way at Post Office", "total_boardings": 25, "pct_total_boardings": 0.00015682043432987491, "pct_route_boardings": 0.00015682043432987491, "latitude": 44.507432, "longitude": -73.078932 }, "geometry": { "type": "Point", "coordinates": [ -73.078932, 44.507432 ] } },
{ "type": "Feature", "properties": { "year": 2026.0, "month": "April", "route": 0.0, "stop_id": "805836", "stop_name": "Center Road at Essex Way", "total_boardings": 16, "pct_total_boardings": 0.00010036507797111995, "pct_route_boardings": 0.00010036507797111995, "latitude": 44.510195, "longitude": -73.078172 }, "geometry": { "type": "Point", "coordinates": [ -73.078172, 44.510195 ] } },
{ "type": "Feature", "properties": { "year": 2026.0, "month": "April", "route": 0.0, "stop_id": "805837", "stop_name": "Route 15 at Saybrook Road", "total_boardings": 4, "pct_total_boardings": 2.5091269492779987e-05, "pct_route_boardings": 2.5091269492779987e-05, "latitude": 44.510361, "longitude": -73.074694 }, "geometry": { "type": "Point", "coordinates": [ -73.074694, 44.510361 ] } },
{ "type": "Feature", "properties": { "year": 2026.0, "month": "April", "route": 0.0, "stop_id": "805838", "stop_name": "Route 15 at Sunset Drive", "total_boardings": 10, "pct_total_boardings": 6.2728173731949969e-05, "pct_route_boardings": 6.2728173731949969e-05, "latitude": 44.51062, "longitude": -73.06947 }, "geometry": { "type": "Point", "coordinates": [ -73.06947, 44.51062 ] } },
{ "type": "Feature", "properties": { "year": 2026.0, "month": "April", "route": 0.0, "stop_id": "805839", "stop_name": "Route 15 at Opposite Essex Square", "total_boardings": 14, "pct_total_boardings": 8.7819443224729956e-05, "pct_route_boardings": 8.7819443224729956e-05, "latitude": 44.51078, "longitude": -73.06588 }, "geometry": { "type": "Point", "coordinates": [ -73.06588, 44.51078 ] } },
{ "type": "Feature", "properties": { "year": 2026.0, "month": "April", "route": 0.0, "stop_id": "805840", "stop_name": "Essex Center", "total_boardings": 12, "pct_total_boardings": 7.5273808478339962e-05, "pct_route_boardings": 7.5273808478339962e-05, "latitude": 44.51147, "longitude": -73.06085 }, "geometry": { "type": "Point", "coordinates": [ -73.06085, 44.51147 ] } },
{ "type": "Feature", "properties": { "year": 2026.0, "month": "April", "route": 0.0, "stop_id": "805841", "stop_name": "Route 15 at Essex Town Public Works", "total_boardings": 11, "pct_total_boardings": 6.9000991105144959e-05, "pct_route_boardings": 6.9000991105144959e-05, "latitude": 44.51088, "longitude": -73.05813 }, "geometry": { "type": "Point", "coordinates": [ -73.05813, 44.51088 ] } },
{ "type": "Feature", "properties": { "year": 2026.0, "month": "April", "route": 0.0, "stop_id": "805842", "stop_name": "Sand Hill Road at Opposite Champlain Farms", "total_boardings": 10, "pct_total_boardings": 6.2728173731949969e-05, "pct_route_boardings": 6.2728173731949969e-05, "latitude": 44.50812, "longitude": -73.05488 }, "geometry": { "type": "Point", "coordinates": [ -73.05488, 44.50812 ] } },
{ "type": "Feature", "properties": { "year": 2026.0, "month": "April", "route": 0.0, "stop_id": "805843", "stop_name": "Sand Hill Road at Essex Town Park", "total_boardings": 5, "pct_total_boardings": 3.1364086865974984e-05, "pct_route_boardings": 3.1364086865974984e-05, "latitude": 44.50738, "longitude": -73.05433 }, "geometry": { "type": "Point", "coordinates": [ -73.05433, 44.50738 ] } },
{ "type": "Feature", "properties": { "year": 2026.0, "month": "April", "route": 0.0, "stop_id": "805844", "stop_name": "Sand Hill Road at Cemetery Road", "total_boardings": 13, "pct_total_boardings": 8.1546625851534952e-05, "pct_route_boardings": 8.1546625851534952e-05, "latitude": 44.506594, "longitude": -73.05374 }, "geometry": { "type": "Point", "coordinates": [ -73.05374, 44.506594 ] } },
{ "type": "Feature", "properties": { "year": 2026.0, "month": "April", "route": 0.0, "stop_id": "805845", "stop_name": "Sand Hill Road at Foster Road", "total_boardings": 50, "pct_total_boardings": 0.00031364086865974983, "pct_route_boardings": 0.00031364086865974983, "latitude": 44.504439, "longitude": -73.052051 }, "geometry": { "type": "Point", "coordinates": [ -73.052051, 44.504439 ] } },
{ "type": "Feature", "properties": { "year": 2026.0, "month": "April", "route": 0.0, "stop_id": "805846", "stop_name": "Sand Hill Road at Founders Road", "total_boardings": 12, "pct_total_boardings": 7.5273808478339962e-05, "pct_route_boardings": 7.5273808478339962e-05, "latitude": 44.5021, "longitude": -73.05018 }, "geometry": { "type": "Point", "coordinates": [ -73.05018, 44.5021 ] } },
{ "type": "Feature", "properties": { "year": 2026.0, "month": "April", "route": 0.0, "stop_id": "805847", "stop_name": "Sand Hill Road at Opposite Maple Lawn Drive", "total_boardings": 2, "pct_total_boardings": 1.2545634746389994e-05, "pct_route_boardings": 1.2545634746389994e-05, "latitude": 44.50037, "longitude": -73.04912 }, "geometry": { "type": "Point", "coordinates": [ -73.04912, 44.50037 ] } },
{ "type": "Feature", "properties": { "year": 2026.0, "month": "April", "route": 0.0, "stop_id": "805849", "stop_name": "Sand Hill Road at Allen Martin Drive", "total_boardings": 3, "pct_total_boardings": 1.8818452119584991e-05, "pct_route_boardings": 1.8818452119584991e-05, "latitude": 44.494563772833857, "longitude": -73.049604009444522 }, "geometry": { "type": "Point", "coordinates": [ -73.049604009444522, 44.494563772833857 ] } },
{ "type": "Feature", "properties": { "year": 2026.0, "month": "April", "route": 0.0, "stop_id": "805850", "stop_name": "Sand Hill Road at Allen Martin Parkway", "total_boardings": 1, "pct_total_boardings": 6.2728173731949969e-06, "pct_route_boardings": 6.2728173731949969e-06, "latitude": 44.49185, "longitude": -73.0501 }, "geometry": { "type": "Point", "coordinates": [ -73.0501, 44.49185 ] } },
{ "type": "Feature", "properties": { "year": 2026.0, "month": "April", "route": 0.0, "stop_id": "805851", "stop_name": "Sand Hill Road at Opposite Offset House", "total_boardings": 2, "pct_total_boardings": 1.2545634746389994e-05, "pct_route_boardings": 1.2545634746389994e-05, "latitude": 44.4912, "longitude": -73.05018 }, "geometry": { "type": "Point", "coordinates": [ -73.05018, 44.4912 ] } },
{ "type": "Feature", "properties": { "year": 2026.0, "month": "April", "route": 0.0, "stop_id": "805852", "stop_name": "Sand Hill Road at Oak Park", "total_boardings": 8, "pct_total_boardings": 5.0182538985559975e-05, "pct_route_boardings": 5.0182538985559975e-05, "latitude": 44.489246030595808, "longitude": -73.050329150999119 }, "geometry": { "type": "Point", "coordinates": [ -73.050329150999119, 44.489246030595808 ] } },
{ "type": "Feature", "properties": { "year": 2026.0, "month": "April", "route": 0.0, "stop_id": "805854", "stop_name": "River Road at #213", "total_boardings": 2, "pct_total_boardings": 1.2545634746389994e-05, "pct_route_boardings": 1.2545634746389994e-05, "latitude": 44.47903, "longitude": -73.05348 }, "geometry": { "type": "Point", "coordinates": [ -73.05348, 44.47903 ] } },
{ "type": "Feature", "properties": { "year": 2026.0, "month": "April", "route": 0.0, "stop_id": "805855", "stop_name": "River Road at #195", "total_boardings": 11, "pct_total_boardings": 6.9000991105144959e-05, "pct_route_boardings": 6.9000991105144959e-05, "latitude": 44.47912, "longitude": -73.05692 }, "geometry": { "type": "Point", "coordinates": [ -73.05692, 44.47912 ] } },
{ "type": "Feature", "properties": { "year": 2026.0, "month": "April", "route": 0.0, "stop_id": "805856", "stop_name": "River Road at Greenfield Road", "total_boardings": 17, "pct_total_boardings": 0.00010663789534431494, "pct_route_boardings": 0.00010663789534431494, "latitude": 44.47912, "longitude": -73.0587 }, "geometry": { "type": "Point", "coordinates": [ -73.0587, 44.47912 ] } },
{ "type": "Feature", "properties": { "year": 2026.0, "month": "April", "route": 0.0, "stop_id": "805857", "stop_name": "River Road at #157", "total_boardings": 4, "pct_total_boardings": 2.5091269492779987e-05, "pct_route_boardings": 2.5091269492779987e-05, "latitude": 44.47962, "longitude": -73.0638 }, "geometry": { "type": "Point", "coordinates": [ -73.0638, 44.47962 ] } },
{ "type": "Feature", "properties": { "year": 2026.0, "month": "April", "route": 0.0, "stop_id": "805858", "stop_name": "River Road at Pinewood Drive", "total_boardings": 2, "pct_total_boardings": 1.2545634746389994e-05, "pct_route_boardings": 1.2545634746389994e-05, "latitude": 44.48332, "longitude": -73.07422 }, "geometry": { "type": "Point", "coordinates": [ -73.07422, 44.48332 ] } },
{ "type": "Feature", "properties": { "year": 2026.0, "month": "April", "route": 0.0, "stop_id": "805860", "stop_name": "River Road at Valleyview Drive", "total_boardings": 1, "pct_total_boardings": 6.2728173731949969e-06, "pct_route_boardings": 6.2728173731949969e-06, "latitude": 44.483526, "longitude": -73.079358 }, "geometry": { "type": "Point", "coordinates": [ -73.079358, 44.483526 ] } },
{ "type": "Feature", "properties": { "year": 2026.0, "month": "April", "route": 0.0, "stop_id": "805861", "stop_name": "Maple Street at Rivendell Drive", "total_boardings": 4, "pct_total_boardings": 2.5091269492779987e-05, "pct_route_boardings": 2.5091269492779987e-05, "latitude": 44.484747, "longitude": -73.096712 }, "geometry": { "type": "Point", "coordinates": [ -73.096712, 44.484747 ] } },
{ "type": "Feature", "properties": { "year": 2026.0, "month": "April", "route": 0.0, "stop_id": "805866", "stop_name": "Maple Street at Railroad Street (Bushey's Sunoco)", "total_boardings": 21, "pct_total_boardings": 0.00013172916483709493, "pct_route_boardings": 0.00013172916483709493, "latitude": 44.49012, "longitude": -73.10942 }, "geometry": { "type": "Point", "coordinates": [ -73.10942, 44.49012 ] } },
{ "type": "Feature", "properties": { "year": 2026.0, "month": "April", "route": 0.0, "stop_id": "805867", "stop_name": "Main Street at Summit Street", "total_boardings": 649, "pct_total_boardings": 0.0040710584752035525, "pct_route_boardings": 0.0040710584752035525, "latitude": 44.476202649592501, "longitude": -73.202512518651602 }, "geometry": { "type": "Point", "coordinates": [ -73.202512518651602, 44.476202649592501 ] } },
{ "type": "Feature", "properties": { "year": 2026.0, "month": "April", "route": 0.0, "stop_id": "805869", "stop_name": "Dorset Street at Town Square Drive", "total_boardings": 110, "pct_total_boardings": 0.00069000991105144967, "pct_route_boardings": 0.00069000991105144967, "latitude": 44.456766673169497, "longitude": -73.179657021310007 }, "geometry": { "type": "Point", "coordinates": [ -73.179657021310007, 44.456766673169497 ] } },
{ "type": "Feature", "properties": { "year": 2026.0, "month": "April", "route": 0.0, "stop_id": "805870", "stop_name": "Main Street at Opposite Edmunds School", "total_boardings": 43, "pct_total_boardings": 0.00026973114704738484, "pct_route_boardings": 0.00026973114704738484, "latitude": 44.476195, "longitude": -73.207487 }, "geometry": { "type": "Point", "coordinates": [ -73.207487, 44.476195 ] } },
{ "type": "Feature", "properties": { "year": 2026.0, "month": "April", "route": 0.0, "stop_id": "805871", "stop_name": "Shelburne Road at Flynn Avenue", "total_boardings": 37, "pct_total_boardings": 0.00023209424280821488, "pct_route_boardings": 0.00023209424280821488, "latitude": 44.455267466135794, "longitude": -73.208617658786977 }, "geometry": { "type": "Point", "coordinates": [ -73.208617658786977, 44.455267466135794 ] } },
{ "type": "Feature", "properties": { "year": 2026.0, "month": "April", "route": 0.0, "stop_id": "805872", "stop_name": "Shelburne Road at Hannaford Drive (Olive Garden)", "total_boardings": 85, "pct_total_boardings": 0.00053318947672157475, "pct_route_boardings": 0.00053318947672157475, "latitude": 44.440723, "longitude": -73.210134 }, "geometry": { "type": "Point", "coordinates": [ -73.210134, 44.440723 ] } },
{ "type": "Feature", "properties": { "year": 2026.0, "month": "April", "route": 0.0, "stop_id": "805873", "stop_name": "Shelburne Road at Opposite Baldwin Avenue", "total_boardings": 57, "pct_total_boardings": 0.00035755059027211481, "pct_route_boardings": 0.00035755059027211481, "latitude": 44.438538, "longitude": -73.210366 }, "geometry": { "type": "Point", "coordinates": [ -73.210366, 44.438538 ] } },
{ "type": "Feature", "properties": { "year": 2026.0, "month": "April", "route": 0.0, "stop_id": "805874", "stop_name": "Riverside Avenue at Hillside Terrace", "total_boardings": 39, "pct_total_boardings": 0.00024463987755460488, "pct_route_boardings": 0.00024463987755460488, "latitude": 44.48778622, "longitude": -73.19634542 }, "geometry": { "type": "Point", "coordinates": [ -73.19634542, 44.48778622 ] } },
{ "type": "Feature", "properties": { "year": 2026.0, "month": "April", "route": 0.0, "stop_id": "805875", "stop_name": "Main Street at Opposite Summit Street", "total_boardings": 149, "pct_total_boardings": 0.00093464978860605455, "pct_route_boardings": 0.00093464978860605455, "latitude": 44.476355359631881, "longitude": -73.202486901528829 }, "geometry": { "type": "Point", "coordinates": [ -73.202486901528829, 44.476355359631881 ] } },
{ "type": "Feature", "properties": { "year": 2026.0, "month": "April", "route": 0.0, "stop_id": "805876", "stop_name": "S Union Street at Opposite Bayview Street", "total_boardings": 109, "pct_total_boardings": 0.00068373709367825462, "pct_route_boardings": 0.00068373709367825462, "latitude": 44.4685615194674, "longitude": -73.208303755418299 }, "geometry": { "type": "Point", "coordinates": [ -73.208303755418299, 44.4685615194674 ] } },
{ "type": "Feature", "properties": { "year": 2026.0, "month": "April", "route": 0.0, "stop_id": "805877", "stop_name": "North Street at North Union Street", "total_boardings": 104, "pct_total_boardings": 0.00065237300681227962, "pct_route_boardings": 0.00065237300681227962, "latitude": 44.484805, "longitude": -73.209904 }, "geometry": { "type": "Point", "coordinates": [ -73.209904, 44.484805 ] } },
{ "type": "Feature", "properties": { "year": 2026.0, "month": "April", "route": 0.0, "stop_id": "805878", "stop_name": "Battery Street at Main Street", "total_boardings": 8, "pct_total_boardings": 5.0182538985559975e-05, "pct_route_boardings": 5.0182538985559975e-05, "latitude": 44.47538, "longitude": -73.21857 }, "geometry": { "type": "Point", "coordinates": [ -73.21857, 44.47538 ] } },
{ "type": "Feature", "properties": { "year": 2026.0, "month": "April", "route": 0.0, "stop_id": "805879", "stop_name": "North Avenue at Algird Street", "total_boardings": 77, "pct_total_boardings": 0.00048300693773601478, "pct_route_boardings": 0.00048300693773601478, "latitude": 44.51945, "longitude": -73.26172 }, "geometry": { "type": "Point", "coordinates": [ -73.26172, 44.51945 ] } },
{ "type": "Feature", "properties": { "year": 2026.0, "month": "April", "route": 0.0, "stop_id": "805880", "stop_name": "North Avenue at Green Acres Drive", "total_boardings": 120, "pct_total_boardings": 0.00075273808478339957, "pct_route_boardings": 0.00075273808478339957, "latitude": 44.513835541321122, "longitude": -73.254339107193573 }, "geometry": { "type": "Point", "coordinates": [ -73.254339107193573, 44.513835541321122 ] } },
{ "type": "Feature", "properties": { "year": 2026.0, "month": "April", "route": 0.0, "stop_id": "805881", "stop_name": "North Street at N. Winooski Avenue", "total_boardings": 143, "pct_total_boardings": 0.0008970128843668845, "pct_route_boardings": 0.0008970128843668845, "latitude": 44.484763, "longitude": -73.21159 }, "geometry": { "type": "Point", "coordinates": [ -73.21159, 44.484763 ] } },
{ "type": "Feature", "properties": { "year": 2026.0, "month": "April", "route": 0.0, "stop_id": "805886", "stop_name": "Pearl Street at Hillcrest Road", "total_boardings": 52, "pct_total_boardings": 0.00032618650340613981, "pct_route_boardings": 0.00032618650340613981, "latitude": 44.49273, "longitude": -73.116386 }, "geometry": { "type": "Point", "coordinates": [ -73.116386, 44.49273 ] } },
{ "type": "Feature", "properties": { "year": 2026.0, "month": "April", "route": 0.0, "stop_id": "805887", "stop_name": "Sand Hill Road at Greenbriar Road", "total_boardings": 4, "pct_total_boardings": 2.5091269492779987e-05, "pct_route_boardings": 2.5091269492779987e-05, "latitude": 44.485313462223864, "longitude": -73.049922543893217 }, "geometry": { "type": "Point", "coordinates": [ -73.049922543893217, 44.485313462223864 ] } },
{ "type": "Feature", "properties": { "year": 2026.0, "month": "April", "route": 0.0, "stop_id": "805889", "stop_name": "Falls Road at LaPlatte Circle", "total_boardings": 79, "pct_total_boardings": 0.0004955525724824047, "pct_route_boardings": 0.0004955525724824047, "latitude": 44.3722, "longitude": -73.22502 }, "geometry": { "type": "Point", "coordinates": [ -73.22502, 44.3722 ] } },
{ "type": "Feature", "properties": { "year": 2026.0, "month": "April", "route": 0.0, "stop_id": "805895", "stop_name": "Marshall Avenue at Harvest Lane", "total_boardings": 9, "pct_total_boardings": 5.6455356358754972e-05, "pct_route_boardings": 5.6455356358754972e-05, "latitude": 44.445714, "longitude": -73.117377 }, "geometry": { "type": "Point", "coordinates": [ -73.117377, 44.445714 ] } },
{ "type": "Feature", "properties": { "year": 2026.0, "month": "April", "route": 0.0, "stop_id": "805896", "stop_name": "Williston Road at N. Brownell Road", "total_boardings": 229, "pct_total_boardings": 0.0014364751784616543, "pct_route_boardings": 0.0014364751784616543, "latitude": 44.45493, "longitude": -73.12297 }, "geometry": { "type": "Point", "coordinates": [ -73.12297, 44.45493 ] } },
{ "type": "Feature", "properties": { "year": 2026.0, "month": "April", "route": 0.0, "stop_id": "805904", "stop_name": "Williston Road at S. Brownell Road", "total_boardings": 19, "pct_total_boardings": 0.00011918353009070493, "pct_route_boardings": 0.00011918353009070493, "latitude": 44.455, "longitude": -73.12343 }, "geometry": { "type": "Point", "coordinates": [ -73.12343, 44.455 ] } },
{ "type": "Feature", "properties": { "year": 2026.0, "month": "April", "route": 0.0, "stop_id": "805906", "stop_name": "S. Winooski Avenue at King Street", "total_boardings": 876, "pct_total_boardings": 0.0054949880189188172, "pct_route_boardings": 0.0054949880189188172, "latitude": 44.475317956005064, "longitude": -73.21098945119671 }, "geometry": { "type": "Point", "coordinates": [ -73.21098945119671, 44.475317956005064 ] } },
{ "type": "Feature", "properties": { "year": 2026.0, "month": "April", "route": 0.0, "stop_id": "805907", "stop_name": "Shelburne Road at Harbor Road", "total_boardings": 26, "pct_total_boardings": 0.0001630932517030699, "pct_route_boardings": 0.0001630932517030699, "latitude": 44.380805, "longitude": -73.227544 }, "geometry": { "type": "Point", "coordinates": [ -73.227544, 44.380805 ] } },
{ "type": "Feature", "properties": { "year": 2026.0, "month": "April", "route": 0.0, "stop_id": "805908", "stop_name": "Maple Street at Union Street", "total_boardings": 700, "pct_total_boardings": 0.004390972161236498, "pct_route_boardings": 0.004390972161236498, "latitude": 44.47377, "longitude": -73.20912 }, "geometry": { "type": "Point", "coordinates": [ -73.20912, 44.47377 ] } },
{ "type": "Feature", "properties": { "year": 2026.0, "month": "April", "route": 0.0, "stop_id": "805911", "stop_name": "Shelburne Road at Alfred Street", "total_boardings": 182, "pct_total_boardings": 0.0011416527619214894, "pct_route_boardings": 0.0011416527619214894, "latitude": 44.459642, "longitude": -73.20808 }, "geometry": { "type": "Point", "coordinates": [ -73.20808, 44.459642 ] } },
{ "type": "Feature", "properties": { "year": 2026.0, "month": "April", "route": 0.0, "stop_id": "805912", "stop_name": "Vermont Teddy Bear Factory", "total_boardings": 10, "pct_total_boardings": 6.2728173731949969e-05, "pct_route_boardings": 6.2728173731949969e-05, "latitude": 44.36152, "longitude": -73.23055 }, "geometry": { "type": "Point", "coordinates": [ -73.23055, 44.36152 ] } },
{ "type": "Feature", "properties": { "year": 2026.0, "month": "April", "route": 0.0, "stop_id": "805913", "stop_name": "Educational Drive at Main Street", "total_boardings": 25, "pct_total_boardings": 0.00015682043432987491, "pct_route_boardings": 0.00015682043432987491, "latitude": 44.494117, "longitude": -73.106157 }, "geometry": { "type": "Point", "coordinates": [ -73.106157, 44.494117 ] } },
{ "type": "Feature", "properties": { "year": 2026.0, "month": "April", "route": 0.0, "stop_id": "805914", "stop_name": "Essex Experience at McDonalds", "total_boardings": 18, "pct_total_boardings": 0.00011291071271750994, "pct_route_boardings": 0.00011291071271750994, "latitude": 44.507626739029298, "longitude": -73.086064655136695 }, "geometry": { "type": "Point", "coordinates": [ -73.086064655136695, 44.507626739029298 ] } },
{ "type": "Feature", "properties": { "year": 2026.0, "month": "April", "route": 0.0, "stop_id": "805915", "stop_name": "Sand Hill Road at Tanglewood Road", "total_boardings": 19, "pct_total_boardings": 0.00011918353009070493, "pct_route_boardings": 0.00011918353009070493, "latitude": 44.5057, "longitude": -73.053 }, "geometry": { "type": "Point", "coordinates": [ -73.053, 44.5057 ] } },
{ "type": "Feature", "properties": { "year": 2026.0, "month": "April", "route": 0.0, "stop_id": "805916", "stop_name": "River Road at Pinewood Plaza", "total_boardings": 5, "pct_total_boardings": 3.1364086865974984e-05, "pct_route_boardings": 3.1364086865974984e-05, "latitude": 44.483401306291363, "longitude": -73.081518382145873 }, "geometry": { "type": "Point", "coordinates": [ -73.081518382145873, 44.483401306291363 ] } },
{ "type": "Feature", "properties": { "year": 2026.0, "month": "April", "route": 0.0, "stop_id": "805918", "stop_name": "Pine Street at Lakeside Avenue (Cumberland Farms)", "total_boardings": 48, "pct_total_boardings": 0.00030109523391335985, "pct_route_boardings": 0.00030109523391335985, "latitude": 44.460789, "longitude": -73.214604 }, "geometry": { "type": "Point", "coordinates": [ -73.214604, 44.460789 ] } },
{ "type": "Feature", "properties": { "year": 2026.0, "month": "April", "route": 0.0, "stop_id": "805920", "stop_name": "N Prospect Street at Loomis Street", "total_boardings": 13, "pct_total_boardings": 8.1546625851534952e-05, "pct_route_boardings": 8.1546625851534952e-05, "latitude": 44.483159711608565, "longitude": -73.201238384539124 }, "geometry": { "type": "Point", "coordinates": [ -73.201238384539124, 44.483159711608565 ] } },
{ "type": "Feature", "properties": { "year": 2026.0, "month": "April", "route": 0.0, "stop_id": "805925", "stop_name": "College Street at S Winooski Avenue", "total_boardings": 79, "pct_total_boardings": 0.0004955525724824047, "pct_route_boardings": 0.0004955525724824047, "latitude": 44.477089, "longitude": -73.211186 }, "geometry": { "type": "Point", "coordinates": [ -73.211186, 44.477089 ] } },
{ "type": "Feature", "properties": { "year": 2026.0, "month": "April", "route": 0.0, "stop_id": "805943", "stop_name": "University Mall at Stop sign at Hannafords", "total_boardings": 566, "pct_total_boardings": 0.0035504146332283682, "pct_route_boardings": 0.0035504146332283682, "latitude": 44.463252, "longitude": -73.183412 }, "geometry": { "type": "Point", "coordinates": [ -73.183412, 44.463252 ] } },
{ "type": "Feature", "properties": { "year": 2026.0, "month": "April", "route": 0.0, "stop_id": "805946", "stop_name": "Williston Road at Staples Plaza", "total_boardings": 322, "pct_total_boardings": 0.0020198471941687891, "pct_route_boardings": 0.0020198471941687891, "latitude": 44.471708, "longitude": -73.188722 }, "geometry": { "type": "Point", "coordinates": [ -73.188722, 44.471708 ] } },
{ "type": "Feature", "properties": { "year": 2026.0, "month": "April", "route": 0.0, "stop_id": "805947", "stop_name": "Dorset Street at Blue Mall", "total_boardings": 1097, "pct_total_boardings": 0.0068812806583949115, "pct_route_boardings": 0.0068812806583949115, "latitude": 44.46448, "longitude": -73.18078 }, "geometry": { "type": "Point", "coordinates": [ -73.18078, 44.46448 ] } },
{ "type": "Feature", "properties": { "year": 2026.0, "month": "April", "route": 0.0, "stop_id": "805948", "stop_name": "Country Park", "total_boardings": 39, "pct_total_boardings": 0.00024463987755460488, "pct_route_boardings": 0.00024463987755460488, "latitude": 44.453053856494307, "longitude": -73.163151719347468 }, "geometry": { "type": "Point", "coordinates": [ -73.163151719347468, 44.453053856494307 ] } },
{ "type": "Feature", "properties": { "year": 2026.0, "month": "April", "route": 0.0, "stop_id": "805949", "stop_name": "N Union Street at Pearl Street", "total_boardings": 552, "pct_total_boardings": 0.0034625951900036384, "pct_route_boardings": 0.0034625951900036384, "latitude": 44.48083, "longitude": -73.2093 }, "geometry": { "type": "Point", "coordinates": [ -73.2093, 44.48083 ] } },
{ "type": "Feature", "properties": { "year": 2026.0, "month": "April", "route": 0.0, "stop_id": "805950", "stop_name": "N Union Street at Loomis Street", "total_boardings": 188, "pct_total_boardings": 0.0011792896661606594, "pct_route_boardings": 0.0011792896661606594, "latitude": 44.48292, "longitude": -73.20945 }, "geometry": { "type": "Point", "coordinates": [ -73.20945, 44.48292 ] } },
{ "type": "Feature", "properties": { "year": 2026.0, "month": "April", "route": 0.0, "stop_id": "805951", "stop_name": "N Union Street at North Street", "total_boardings": 83, "pct_total_boardings": 0.00052064384197518477, "pct_route_boardings": 0.00052064384197518477, "latitude": 44.48458, "longitude": -73.20957 }, "geometry": { "type": "Point", "coordinates": [ -73.20957, 44.48458 ] } },
{ "type": "Feature", "properties": { "year": 2026.0, "month": "April", "route": 0.0, "stop_id": "805952", "stop_name": "North Street at N Winooski Avenue", "total_boardings": 110, "pct_total_boardings": 0.00069000991105144967, "pct_route_boardings": 0.00069000991105144967, "latitude": 44.48485, "longitude": -73.21115 }, "geometry": { "type": "Point", "coordinates": [ -73.21115, 44.48485 ] } },
{ "type": "Feature", "properties": { "year": 2026.0, "month": "April", "route": 0.0, "stop_id": "805953", "stop_name": "North Avenue at Barley Road", "total_boardings": 263, "pct_total_boardings": 0.0016497509691502841, "pct_route_boardings": 0.0016497509691502841, "latitude": 44.51807, "longitude": -73.25985 }, "geometry": { "type": "Point", "coordinates": [ -73.25985, 44.51807 ] } },
{ "type": "Feature", "properties": { "year": 2026.0, "month": "April", "route": 0.0, "stop_id": "805954", "stop_name": "Pearl Street at N Winooski Avenue", "total_boardings": 3255, "pct_total_boardings": 0.020418020549749713, "pct_route_boardings": 0.020418020549749713, "latitude": 44.48046, "longitude": -73.21053 }, "geometry": { "type": "Point", "coordinates": [ -73.21053, 44.48046 ] } },
{ "type": "Feature", "properties": { "year": 2026.0, "month": "April", "route": 0.0, "stop_id": "805955", "stop_name": "Burlington High School Circle", "total_boardings": 65, "pct_total_boardings": 0.00040773312925767479, "pct_route_boardings": 0.00040773312925767479, "latitude": 44.4973299, "longitude": -73.233234 }, "geometry": { "type": "Point", "coordinates": [ -73.233234, 44.4973299 ] } },
{ "type": "Feature", "properties": { "year": 2026.0, "month": "April", "route": 0.0, "stop_id": "805956", "stop_name": "North Avenue at Tracy Drive", "total_boardings": 413, "pct_total_boardings": 0.0025906735751295338, "pct_route_boardings": 0.0025906735751295338, "latitude": 44.515908420590399, "longitude": -73.257145737964436 }, "geometry": { "type": "Point", "coordinates": [ -73.257145737964436, 44.515908420590399 ] } },
{ "type": "Feature", "properties": { "year": 2026.0, "month": "April", "route": 0.0, "stop_id": "805957", "stop_name": "Global Foundries", "total_boardings": 78, "pct_total_boardings": 0.00048927975510920977, "pct_route_boardings": 0.00048927975510920977, "latitude": 44.478670216891103, "longitude": -73.100922195877502 }, "geometry": { "type": "Point", "coordinates": [ -73.100922195877502, 44.478670216891103 ] } },
{ "type": "Feature", "properties": { "year": 2026.0, "month": "April", "route": 0.0, "stop_id": "805958", "stop_name": "Elmwood Avenue at Cedar Street", "total_boardings": 65, "pct_total_boardings": 0.00040773312925767479, "pct_route_boardings": 0.00040773312925767479, "latitude": 44.48587, "longitude": -73.21387 }, "geometry": { "type": "Point", "coordinates": [ -73.21387, 44.48587 ] } },
{ "type": "Feature", "properties": { "year": 2026.0, "month": "April", "route": 0.0, "stop_id": "805960", "stop_name": "Williston Road at Kennedy Drive", "total_boardings": 47, "pct_total_boardings": 0.00029482241654016486, "pct_route_boardings": 0.00029482241654016486, "latitude": 44.46303, "longitude": -73.15443 }, "geometry": { "type": "Point", "coordinates": [ -73.15443, 44.46303 ] } },
{ "type": "Feature", "properties": { "year": 2026.0, "month": "April", "route": 0.0, "stop_id": "805964", "stop_name": "Marshall Avenue at Trader Lane", "total_boardings": 338, "pct_total_boardings": 0.0021202122721399089, "pct_route_boardings": 0.0021202122721399089, "latitude": 44.44518, "longitude": -73.1158 }, "geometry": { "type": "Point", "coordinates": [ -73.1158, 44.44518 ] } },
{ "type": "Feature", "properties": { "year": 2026.0, "month": "April", "route": 0.0, "stop_id": "805973", "stop_name": "Marshall Avenue at Hannafords", "total_boardings": 39, "pct_total_boardings": 0.00024463987755460488, "pct_route_boardings": 0.00024463987755460488, "latitude": 44.445047, "longitude": -73.114986 }, "geometry": { "type": "Point", "coordinates": [ -73.114986, 44.445047 ] } },
{ "type": "Feature", "properties": { "year": 2026.0, "month": "April", "route": 0.0, "stop_id": "805974", "stop_name": "Walmart", "total_boardings": 1697, "pct_total_boardings": 0.01064497108231191, "pct_route_boardings": 0.01064497108231191, "latitude": 44.442322707648174, "longitude": -73.121237928214981 }, "geometry": { "type": "Point", "coordinates": [ -73.121237928214981, 44.442322707648174 ] } },
{ "type": "Feature", "properties": { "year": 2026.0, "month": "April", "route": 0.0, "stop_id": "805975", "stop_name": "Williston Road at HoHum Motel", "total_boardings": 187, "pct_total_boardings": 0.0011730168487874644, "pct_route_boardings": 0.0011730168487874644, "latitude": 44.464255, "longitude": -73.158906 }, "geometry": { "type": "Point", "coordinates": [ -73.158906, 44.464255 ] } },
{ "type": "Feature", "properties": { "year": 2026.0, "month": "April", "route": 0.0, "stop_id": "805976", "stop_name": "Williston Road at Thrifty", "total_boardings": 324, "pct_total_boardings": 0.0020323928289151792, "pct_route_boardings": 0.0020323928289151792, "latitude": 44.46355, "longitude": -73.1558 }, "geometry": { "type": "Point", "coordinates": [ -73.1558, 44.46355 ] } },
{ "type": "Feature", "properties": { "year": 2026.0, "month": "April", "route": 0.0, "stop_id": "805977", "stop_name": "Williston Road at Victory Drive", "total_boardings": 65, "pct_total_boardings": 0.00040773312925767479, "pct_route_boardings": 0.00040773312925767479, "latitude": 44.465096, "longitude": -73.162601 }, "geometry": { "type": "Point", "coordinates": [ -73.162601, 44.465096 ] } },
{ "type": "Feature", "properties": { "year": 2026.0, "month": "April", "route": 0.0, "stop_id": "805978", "stop_name": "Williston Road at Pillsbury Manor", "total_boardings": 87, "pct_total_boardings": 0.00054573511146796473, "pct_route_boardings": 0.00054573511146796473, "latitude": 44.465579, "longitude": -73.164727 }, "geometry": { "type": "Point", "coordinates": [ -73.164727, 44.465579 ] } },
{ "type": "Feature", "properties": { "year": 2026.0, "month": "April", "route": 0.0, "stop_id": "805987", "stop_name": "Riverside Avenue at Opposite Barrett Street", "total_boardings": 113, "pct_total_boardings": 0.00070882836317103469, "pct_route_boardings": 0.00070882836317103469, "latitude": 44.487832, "longitude": -73.187295 }, "geometry": { "type": "Point", "coordinates": [ -73.187295, 44.487832 ] } },
{ "type": "Feature", "properties": { "year": 2026.0, "month": "April", "route": 0.0, "stop_id": "805988", "stop_name": "Intervale Avenue at Archibald", "total_boardings": 68, "pct_total_boardings": 0.00042655158137725976, "pct_route_boardings": 0.00042655158137725976, "latitude": 44.487946, "longitude": -73.211161 }, "geometry": { "type": "Point", "coordinates": [ -73.211161, 44.487946 ] } },
{ "type": "Feature", "properties": { "year": 2026.0, "month": "April", "route": 0.0, "stop_id": "805989", "stop_name": "Courtyard", "total_boardings": 126, "pct_total_boardings": 0.00079037498902256962, "pct_route_boardings": 0.00079037498902256962, "latitude": 44.4927114, "longitude": -73.181172 }, "geometry": { "type": "Point", "coordinates": [ -73.181172, 44.4927114 ] } },
{ "type": "Feature", "properties": { "year": 2026.0, "month": "April", "route": 0.0, "stop_id": "805990", "stop_name": "Weaver Street at St. Peter Street", "total_boardings": 29, "pct_total_boardings": 0.0001819117038226549, "pct_route_boardings": 0.0001819117038226549, "latitude": 44.4963640829017, "longitude": -73.187071517359897 }, "geometry": { "type": "Point", "coordinates": [ -73.187071517359897, 44.4963640829017 ] } },
{ "type": "Feature", "properties": { "year": 2026.0, "month": "April", "route": 0.0, "stop_id": "805991", "stop_name": "Mallets Bay Avenue at St. Peter Street", "total_boardings": 69, "pct_total_boardings": 0.0004328243987504548, "pct_route_boardings": 0.0004328243987504548, "latitude": 44.49613, "longitude": -73.19353 }, "geometry": { "type": "Point", "coordinates": [ -73.19353, 44.49613 ] } },
{ "type": "Feature", "properties": { "year": 2026.0, "month": "April", "route": 0.0, "stop_id": "805992", "stop_name": "Elmwood Avenue at North Street", "total_boardings": 194, "pct_total_boardings": 0.0012169265703998295, "pct_route_boardings": 0.0012169265703998295, "latitude": 44.48458, "longitude": -73.2138 }, "geometry": { "type": "Point", "coordinates": [ -73.2138, 44.48458 ] } },
{ "type": "Feature", "properties": { "year": 2026.0, "month": "April", "route": 0.0, "stop_id": "805993", "stop_name": "North Avenue at Lakeview Cemetery", "total_boardings": 81, "pct_total_boardings": 0.00050809820722879479, "pct_route_boardings": 0.00050809820722879479, "latitude": 44.492721535987414, "longitude": -73.228979980701013 }, "geometry": { "type": "Point", "coordinates": [ -73.228979980701013, 44.492721535987414 ] } },
{ "type": "Feature", "properties": { "year": 2026.0, "month": "April", "route": 0.0, "stop_id": "805994", "stop_name": "North Street at Park Street", "total_boardings": 72, "pct_total_boardings": 0.00045164285087003977, "pct_route_boardings": 0.00045164285087003977, "latitude": 44.484472, "longitude": -73.21905 }, "geometry": { "type": "Point", "coordinates": [ -73.21905, 44.484472 ] } },
{ "type": "Feature", "properties": { "year": 2026.0, "month": "April", "route": 0.0, "stop_id": "805996", "stop_name": "Williston Road at Helena Drive", "total_boardings": 685, "pct_total_boardings": 0.0042968799006385724, "pct_route_boardings": 0.0042968799006385724, "latitude": 44.45038, "longitude": -73.11262 }, "geometry": { "type": "Point", "coordinates": [ -73.11262, 44.45038 ] } },
{ "type": "Feature", "properties": { "year": 2026.0, "month": "April", "route": 0.0, "stop_id": "805997", "stop_name": "Williston Road at Blair Park Road", "total_boardings": 493, "pct_total_boardings": 0.0030924989649851334, "pct_route_boardings": 0.0030924989649851334, "latitude": 44.45255, "longitude": -73.11755 }, "geometry": { "type": "Point", "coordinates": [ -73.11755, 44.45255 ] } },
{ "type": "Feature", "properties": { "year": 2026.0, "month": "April", "route": 0.0, "stop_id": "805999", "stop_name": "N Prospect Street at North Street", "total_boardings": 18, "pct_total_boardings": 0.00011291071271750994, "pct_route_boardings": 0.00011291071271750994, "latitude": 44.485126, "longitude": -73.201598 }, "geometry": { "type": "Point", "coordinates": [ -73.201598, 44.485126 ] } },
{ "type": "Feature", "properties": { "year": 2026.0, "month": "April", "route": 0.0, "stop_id": "806000", "stop_name": "Riverside Avenue at Opposite #236", "total_boardings": 336, "pct_total_boardings": 0.0021076666373935188, "pct_route_boardings": 0.0021076666373935188, "latitude": 44.48669, "longitude": -73.192724 }, "geometry": { "type": "Point", "coordinates": [ -73.192724, 44.48669 ] } },
{ "type": "Feature", "properties": { "year": 2026.0, "month": "April", "route": 0.0, "stop_id": "806001", "stop_name": "Colchester Avenue at VAS Clinic", "total_boardings": 300, "pct_total_boardings": 0.001881845211958499, "pct_route_boardings": 0.001881845211958499, "latitude": 44.480738, "longitude": -73.197324 }, "geometry": { "type": "Point", "coordinates": [ -73.197324, 44.480738 ] } },
{ "type": "Feature", "properties": { "year": 2026.0, "month": "April", "route": 0.0, "stop_id": "806003", "stop_name": "College Street at Pine Street", "total_boardings": 75, "pct_total_boardings": 0.00047046130298962474, "pct_route_boardings": 0.00047046130298962474, "latitude": 44.476926993503298, "longitude": -73.2158524026283 }, "geometry": { "type": "Point", "coordinates": [ -73.2158524026283, 44.476926993503298 ] } },
{ "type": "Feature", "properties": { "year": 2026.0, "month": "April", "route": 0.0, "stop_id": "806004", "stop_name": "Riverside Avenue at Hillside Terrace", "total_boardings": 271, "pct_total_boardings": 0.0016999335081358442, "pct_route_boardings": 0.0016999335081358442, "latitude": 44.48790773, "longitude": -73.19620594 }, "geometry": { "type": "Point", "coordinates": [ -73.19620594, 44.48790773 ] } },
{ "type": "Feature", "properties": { "year": 2026.0, "month": "April", "route": 0.0, "stop_id": "806005", "stop_name": "N Prospect Street at Henry Street", "total_boardings": 16, "pct_total_boardings": 0.00010036507797111995, "pct_route_boardings": 0.00010036507797111995, "latitude": 44.484314, "longitude": -73.201458 }, "geometry": { "type": "Point", "coordinates": [ -73.201458, 44.484314 ] } },
{ "type": "Feature", "properties": { "year": 2026.0, "month": "April", "route": 0.0, "stop_id": "806006", "stop_name": "Essex Experience", "total_boardings": 42, "pct_total_boardings": 0.00026345832967418985, "pct_route_boardings": 0.00026345832967418985, "latitude": 44.507, "longitude": -73.08072 }, "geometry": { "type": "Point", "coordinates": [ -73.08072, 44.507 ] } },
{ "type": "Feature", "properties": { "year": 2026.0, "month": "April", "route": 0.0, "stop_id": "806007", "stop_name": "Route 15 at Lyon Lane", "total_boardings": 12, "pct_total_boardings": 7.5273808478339962e-05, "pct_route_boardings": 7.5273808478339962e-05, "latitude": 44.51048, "longitude": -73.0726 }, "geometry": { "type": "Point", "coordinates": [ -73.0726, 44.51048 ] } },
{ "type": "Feature", "properties": { "year": 2026.0, "month": "April", "route": 0.0, "stop_id": "806009", "stop_name": "Heineberg Housing", "total_boardings": 87, "pct_total_boardings": 0.00054573511146796473, "pct_route_boardings": 0.00054573511146796473, "latitude": 44.5107483, "longitude": -73.246847 }, "geometry": { "type": "Point", "coordinates": [ -73.246847, 44.5107483 ] } },
{ "type": "Feature", "properties": { "year": 2026.0, "month": "April", "route": 0.0, "stop_id": "806011", "stop_name": "Cherry Street at Opposite 3 Cathedral Square", "total_boardings": 2, "pct_total_boardings": 1.2545634746389994e-05, "pct_route_boardings": 1.2545634746389994e-05, "latitude": 44.479106, "longitude": -73.217703 }, "geometry": { "type": "Point", "coordinates": [ -73.217703, 44.479106 ] } },
{ "type": "Feature", "properties": { "year": 2026.0, "month": "April", "route": 0.0, "stop_id": "806012", "stop_name": "River Road at Citgo", "total_boardings": 3, "pct_total_boardings": 1.8818452119584991e-05, "pct_route_boardings": 1.8818452119584991e-05, "latitude": 44.483426, "longitude": -73.084564 }, "geometry": { "type": "Point", "coordinates": [ -73.084564, 44.483426 ] } },
{ "type": "Feature", "properties": { "year": 2026.0, "month": "April", "route": 0.0, "stop_id": "806013", "stop_name": "College Parkway at Camp Johnson", "total_boardings": 168, "pct_total_boardings": 0.0010538333186967594, "pct_route_boardings": 0.0010538333186967594, "latitude": 44.498803485158739, "longitude": -73.155983532624703 }, "geometry": { "type": "Point", "coordinates": [ -73.155983532624703, 44.498803485158739 ] } },
{ "type": "Feature", "properties": { "year": 2026.0, "month": "April", "route": 0.0, "stop_id": "806015", "stop_name": "83 Barlow Street", "total_boardings": 196, "pct_total_boardings": 0.0012294722051462194, "pct_route_boardings": 0.0012294722051462194, "latitude": 44.492849650063199, "longitude": -73.18398111017882 }, "geometry": { "type": "Point", "coordinates": [ -73.18398111017882, 44.492849650063199 ] } },
{ "type": "Feature", "properties": { "year": 2026.0, "month": "April", "route": 0.0, "stop_id": "806016", "stop_name": "Riverside Avenue at Opposite Bright Street", "total_boardings": 296, "pct_total_boardings": 0.001856753942465719, "pct_route_boardings": 0.001856753942465719, "latitude": 44.489529, "longitude": -73.208705 }, "geometry": { "type": "Point", "coordinates": [ -73.208705, 44.489529 ] } },
{ "type": "Feature", "properties": { "year": 2026.0, "month": "April", "route": 0.0, "stop_id": "806020", "stop_name": "National Life", "total_boardings": 255, "pct_total_boardings": 0.0015995684301647242, "pct_route_boardings": 0.0015995684301647242, "latitude": 44.255657, "longitude": -72.584187 }, "geometry": { "type": "Point", "coordinates": [ -72.584187, 44.255657 ] } },
{ "type": "Feature", "properties": { "year": 2026.0, "month": "April", "route": 0.0, "stop_id": "806021", "stop_name": "Richmond Park and Ride", "total_boardings": 287, "pct_total_boardings": 0.001800298586106964, "pct_route_boardings": 0.001800298586106964, "latitude": 44.42328, "longitude": -73.008347 }, "geometry": { "type": "Point", "coordinates": [ -73.008347, 44.42328 ] } },
{ "type": "Feature", "properties": { "year": 2026.0, "month": "April", "route": 0.0, "stop_id": "806022", "stop_name": "Waterbury Park and Ride", "total_boardings": 166, "pct_total_boardings": 0.0010412876839503695, "pct_route_boardings": 0.0010412876839503695, "latitude": 44.345122, "longitude": -72.74333 }, "geometry": { "type": "Point", "coordinates": [ -72.74333, 44.345122 ] } },
{ "type": "Feature", "properties": { "year": 2026.0, "month": "April", "route": 0.0, "stop_id": "806025", "stop_name": "Shelburne Road at Bostwick Road", "total_boardings": 96, "pct_total_boardings": 0.0006021904678267197, "pct_route_boardings": 0.0006021904678267197, "latitude": 44.36995, "longitude": -73.23162 }, "geometry": { "type": "Point", "coordinates": [ -73.23162, 44.36995 ] } },
{ "type": "Feature", "properties": { "year": 2026.0, "month": "April", "route": 0.0, "stop_id": "806027", "stop_name": "Fort Ethan Allen/Elly-Long Music Building", "total_boardings": 174, "pct_total_boardings": 0.0010914702229359295, "pct_route_boardings": 0.0010914702229359295, "latitude": 44.505446, "longitude": -73.149362 }, "geometry": { "type": "Point", "coordinates": [ -73.149362, 44.505446 ] } },
{ "type": "Feature", "properties": { "year": 2026.0, "month": "April", "route": 0.0, "stop_id": "806028", "stop_name": "Shelburne Road at Opposite Webster Road (Office Park)", "total_boardings": 7, "pct_total_boardings": 4.3909721612364978e-05, "pct_route_boardings": 4.3909721612364978e-05, "latitude": 44.38795, "longitude": -73.22467 }, "geometry": { "type": "Point", "coordinates": [ -73.22467, 44.38795 ] } },
{ "type": "Feature", "properties": { "year": 2026.0, "month": "April", "route": 0.0, "stop_id": "806029", "stop_name": "Fern Hill", "total_boardings": 147, "pct_total_boardings": 0.00092210415385966457, "pct_route_boardings": 0.00092210415385966457, "latitude": 44.48710922696219, "longitude": -73.200809387731567 }, "geometry": { "type": "Point", "coordinates": [ -73.200809387731567, 44.48710922696219 ] } },
{ "type": "Feature", "properties": { "year": 2026.0, "month": "April", "route": 0.0, "stop_id": "806030", "stop_name": "McAuley Square", "total_boardings": 190, "pct_total_boardings": 0.0011918353009070493, "pct_route_boardings": 0.0011918353009070493, "latitude": 44.48485932111906, "longitude": -73.197974635582 }, "geometry": { "type": "Point", "coordinates": [ -73.197974635582, 44.48485932111906 ] } },
{ "type": "Feature", "properties": { "year": 2026.0, "month": "April", "route": 0.0, "stop_id": "806031", "stop_name": "Abenaki Way at CCV", "total_boardings": 415, "pct_total_boardings": 0.0026032192098759239, "pct_route_boardings": 0.0026032192098759239, "latitude": 44.4914, "longitude": -73.18188 }, "geometry": { "type": "Point", "coordinates": [ -73.18188, 44.4914 ] } },
{ "type": "Feature", "properties": { "year": 2026.0, "month": "April", "route": 0.0, "stop_id": "806037", "stop_name": "Main Street at Brickyard Road", "total_boardings": 10, "pct_total_boardings": 6.2728173731949969e-05, "pct_route_boardings": 6.2728173731949969e-05, "latitude": 44.495989, "longitude": -73.102014 }, "geometry": { "type": "Point", "coordinates": [ -73.102014, 44.495989 ] } },
{ "type": "Feature", "properties": { "year": 2026.0, "month": "April", "route": 0.0, "stop_id": "806038", "stop_name": "River Road at Maple Street", "total_boardings": 12, "pct_total_boardings": 7.5273808478339962e-05, "pct_route_boardings": 7.5273808478339962e-05, "latitude": 44.48417, "longitude": -73.09515 }, "geometry": { "type": "Point", "coordinates": [ -73.09515, 44.48417 ] } },
{ "type": "Feature", "properties": { "year": 2026.0, "month": "April", "route": 0.0, "stop_id": "806041", "stop_name": "5224 Shelburne Road", "total_boardings": 20, "pct_total_boardings": 0.00012545634746389994, "pct_route_boardings": 0.00012545634746389994, "latitude": 44.381457, "longitude": -73.227305 }, "geometry": { "type": "Point", "coordinates": [ -73.227305, 44.381457 ] } },
{ "type": "Feature", "properties": { "year": 2026.0, "month": "April", "route": 0.0, "stop_id": "806045", "stop_name": "Williston Road at Williston Liquidation Center", "total_boardings": 48, "pct_total_boardings": 0.00030109523391335985, "pct_route_boardings": 0.00030109523391335985, "latitude": 44.45728, "longitude": -73.12797 }, "geometry": { "type": "Point", "coordinates": [ -73.12797, 44.45728 ] } },
{ "type": "Feature", "properties": { "year": 2026.0, "month": "April", "route": 0.0, "stop_id": "806048", "stop_name": "Ethan Allen Avenue at Winooski Road (#310)", "total_boardings": 148, "pct_total_boardings": 0.00092837697123285951, "pct_route_boardings": 0.00092837697123285951, "latitude": 44.505670615403503, "longitude": -73.143589963389005 }, "geometry": { "type": "Point", "coordinates": [ -73.143589963389005, 44.505670615403503 ] } },
{ "type": "Feature", "properties": { "year": 2026.0, "month": "April", "route": 0.0, "stop_id": "806049", "stop_name": "Department of Labor Park and Ride", "total_boardings": 145, "pct_total_boardings": 0.00090955851911327448, "pct_route_boardings": 0.00090955851911327448, "latitude": 44.259345, "longitude": -72.590836 }, "geometry": { "type": "Point", "coordinates": [ -72.590836, 44.259345 ] } },
{ "type": "Feature", "properties": { "year": 2026.0, "month": "April", "route": 0.0, "stop_id": "806052", "stop_name": "Chimney Corners Park & Ride", "total_boardings": 20, "pct_total_boardings": 0.00012545634746389994, "pct_route_boardings": 0.00012545634746389994, "latitude": 44.595, "longitude": -73.16538 }, "geometry": { "type": "Point", "coordinates": [ -73.16538, 44.595 ] } },
{ "type": "Feature", "properties": { "year": 2026.0, "month": "April", "route": 0.0, "stop_id": "806053", "stop_name": "Georgia Park & Ride", "total_boardings": 14, "pct_total_boardings": 8.7819443224729956e-05, "pct_route_boardings": 8.7819443224729956e-05, "latitude": 44.6988434, "longitude": -73.1056939 }, "geometry": { "type": "Point", "coordinates": [ -73.1056939, 44.6988434 ] } },
{ "type": "Feature", "properties": { "year": 2026.0, "month": "April", "route": 0.0, "stop_id": "806064", "stop_name": "Williston Road at Aviation Avenue", "total_boardings": 25, "pct_total_boardings": 0.00015682043432987491, "pct_route_boardings": 0.00015682043432987491, "latitude": 44.46058, "longitude": -73.14902 }, "geometry": { "type": "Point", "coordinates": [ -73.14902, 44.46058 ] } },
{ "type": "Feature", "properties": { "year": 2026.0, "month": "April", "route": 0.0, "stop_id": "806065", "stop_name": "3 Cathedral Square", "total_boardings": 25, "pct_total_boardings": 0.00015682043432987491, "pct_route_boardings": 0.00015682043432987491, "latitude": 44.4794974, "longitude": -73.217846 }, "geometry": { "type": "Point", "coordinates": [ -73.217846, 44.4794974 ] } },
{ "type": "Feature", "properties": { "year": 2026.0, "month": "April", "route": 0.0, "stop_id": "806067", "stop_name": "E Allen Street at Gadues Dry Cleaning", "total_boardings": 551, "pct_total_boardings": 0.0034563223726304434, "pct_route_boardings": 0.0034563223726304434, "latitude": 44.492057, "longitude": -73.180731 }, "geometry": { "type": "Point", "coordinates": [ -73.180731, 44.492057 ] } },
{ "type": "Feature", "properties": { "year": 2026.0, "month": "April", "route": 0.0, "stop_id": "806068", "stop_name": "Abenaki Way at Opposite CCV", "total_boardings": 359, "pct_total_boardings": 0.002251941436977004, "pct_route_boardings": 0.002251941436977004, "latitude": 44.490575542884017, "longitude": -73.182068265415651 }, "geometry": { "type": "Point", "coordinates": [ -73.182068265415651, 44.490575542884017 ] } },
{ "type": "Feature", "properties": { "year": 2026.0, "month": "April", "route": 0.0, "stop_id": "806069", "stop_name": "University Mall at Sears", "total_boardings": 663, "pct_total_boardings": 0.0041588779184282831, "pct_route_boardings": 0.0041588779184282831, "latitude": 44.463197, "longitude": -73.18201 }, "geometry": { "type": "Point", "coordinates": [ -73.18201, 44.463197 ] } },
{ "type": "Feature", "properties": { "year": 2026.0, "month": "April", "route": 0.0, "stop_id": "806070", "stop_name": "River Road at Opposite #30", "total_boardings": 11, "pct_total_boardings": 6.9000991105144959e-05, "pct_route_boardings": 6.9000991105144959e-05, "latitude": 44.48357, "longitude": -73.08663 }, "geometry": { "type": "Point", "coordinates": [ -73.08663, 44.48357 ] } },
{ "type": "Feature", "properties": { "year": 2026.0, "month": "April", "route": 0.0, "stop_id": "806071", "stop_name": "North Avenue at N of Institute Road", "total_boardings": 71, "pct_total_boardings": 0.00044537003349684478, "pct_route_boardings": 0.00044537003349684478, "latitude": 44.498863877725697, "longitude": -73.23408881833916 }, "geometry": { "type": "Point", "coordinates": [ -73.23408881833916, 44.498863877725697 ] } },
{ "type": "Feature", "properties": { "year": 2026.0, "month": "April", "route": 0.0, "stop_id": "806078", "stop_name": "Williston Road at VT Tire", "total_boardings": 14, "pct_total_boardings": 8.7819443224729956e-05, "pct_route_boardings": 8.7819443224729956e-05, "latitude": 44.462, "longitude": -73.15225 }, "geometry": { "type": "Point", "coordinates": [ -73.15225, 44.462 ] } },
{ "type": "Feature", "properties": { "year": 2026.0, "month": "April", "route": 0.0, "stop_id": "806079", "stop_name": "Williston Road at Ace Hardware", "total_boardings": 11, "pct_total_boardings": 6.9000991105144959e-05, "pct_route_boardings": 6.9000991105144959e-05, "latitude": 44.46055, "longitude": -73.1492 }, "geometry": { "type": "Point", "coordinates": [ -73.1492, 44.46055 ] } },
{ "type": "Feature", "properties": { "year": 2026.0, "month": "April", "route": 0.0, "stop_id": "806080", "stop_name": "Williston Road at Talent Skate Park", "total_boardings": 4, "pct_total_boardings": 2.5091269492779987e-05, "pct_route_boardings": 2.5091269492779987e-05, "latitude": 44.45882, "longitude": -73.14568 }, "geometry": { "type": "Point", "coordinates": [ -73.14568, 44.45882 ] } },
{ "type": "Feature", "properties": { "year": 2026.0, "month": "April", "route": 0.0, "stop_id": "806081", "stop_name": "Williston Road at Shunpike Road", "total_boardings": 4, "pct_total_boardings": 2.5091269492779987e-05, "pct_route_boardings": 2.5091269492779987e-05, "latitude": 44.45842, "longitude": -73.1429 }, "geometry": { "type": "Point", "coordinates": [ -73.1429, 44.45842 ] } },
{ "type": "Feature", "properties": { "year": 2026.0, "month": "April", "route": 0.0, "stop_id": "806082", "stop_name": "Williston Road at Engineers Drive", "total_boardings": 22, "pct_total_boardings": 0.00013800198221028992, "pct_route_boardings": 0.00013800198221028992, "latitude": 44.4582, "longitude": -73.1327 }, "geometry": { "type": "Point", "coordinates": [ -73.1327, 44.4582 ] } },
{ "type": "Feature", "properties": { "year": 2026.0, "month": "April", "route": 0.0, "stop_id": "806083", "stop_name": "Williston Road at Commerce Street", "total_boardings": 16, "pct_total_boardings": 0.00010036507797111995, "pct_route_boardings": 0.00010036507797111995, "latitude": 44.45337, "longitude": -73.11968 }, "geometry": { "type": "Point", "coordinates": [ -73.11968, 44.45337 ] } },
{ "type": "Feature", "properties": { "year": 2026.0, "month": "April", "route": 0.0, "stop_id": "806084", "stop_name": "Williston Road at Harvest Lane", "total_boardings": 30, "pct_total_boardings": 0.00018818452119584989, "pct_route_boardings": 0.00018818452119584989, "latitude": 44.4521, "longitude": -73.11688 }, "geometry": { "type": "Point", "coordinates": [ -73.11688, 44.4521 ] } },
{ "type": "Feature", "properties": { "year": 2026.0, "month": "April", "route": 0.0, "stop_id": "806085", "stop_name": "Williston Road at VT 2A", "total_boardings": 45, "pct_total_boardings": 0.00028227678179377488, "pct_route_boardings": 0.00028227678179377488, "latitude": 44.45023, "longitude": -73.11262 }, "geometry": { "type": "Point", "coordinates": [ -73.11262, 44.45023 ] } },
{ "type": "Feature", "properties": { "year": 2026.0, "month": "April", "route": 0.0, "stop_id": "806086", "stop_name": "VT 2A at Key Bank", "total_boardings": 14, "pct_total_boardings": 8.7819443224729956e-05, "pct_route_boardings": 8.7819443224729956e-05, "latitude": 44.44872, "longitude": -73.11095 }, "geometry": { "type": "Point", "coordinates": [ -73.11095, 44.44872 ] } },
{ "type": "Feature", "properties": { "year": 2026.0, "month": "April", "route": 0.0, "stop_id": "806087", "stop_name": "VT 2A at Wright Avenue", "total_boardings": 24, "pct_total_boardings": 0.00015054761695667992, "pct_route_boardings": 0.00015054761695667992, "latitude": 44.44722, "longitude": -73.11105 }, "geometry": { "type": "Point", "coordinates": [ -73.11105, 44.44722 ] } },
{ "type": "Feature", "properties": { "year": 2026.0, "month": "April", "route": 0.0, "stop_id": "806088", "stop_name": "VT 2A at Marshall Avenue (Ponderosa)", "total_boardings": 29, "pct_total_boardings": 0.0001819117038226549, "pct_route_boardings": 0.0001819117038226549, "latitude": 44.444733, "longitude": -73.112287 }, "geometry": { "type": "Point", "coordinates": [ -73.112287, 44.444733 ] } },
{ "type": "Feature", "properties": { "year": 2026.0, "month": "April", "route": 0.0, "stop_id": "806096", "stop_name": "VT 2A at Connor Way", "total_boardings": 1096, "pct_total_boardings": 0.0068750078410217165, "pct_route_boardings": 0.0068750078410217165, "latitude": 44.446816, "longitude": -73.110949 }, "geometry": { "type": "Point", "coordinates": [ -73.110949, 44.446816 ] } },
{ "type": "Feature", "properties": { "year": 2026.0, "month": "April", "route": 0.0, "stop_id": "806112", "stop_name": "Williston Road at Miller Lane", "total_boardings": 109, "pct_total_boardings": 0.00068373709367825462, "pct_route_boardings": 0.00068373709367825462, "latitude": 44.45833, "longitude": -73.13283 }, "geometry": { "type": "Point", "coordinates": [ -73.13283, 44.45833 ] } },
{ "type": "Feature", "properties": { "year": 2026.0, "month": "April", "route": 0.0, "stop_id": "806113", "stop_name": "Williston Rd. at Valley Rd", "total_boardings": 151, "pct_total_boardings": 0.00094719542335244453, "pct_route_boardings": 0.00094719542335244453, "latitude": 44.45853, "longitude": -73.142534 }, "geometry": { "type": "Point", "coordinates": [ -73.142534, 44.45853 ] } },
{ "type": "Feature", "properties": { "year": 2026.0, "month": "April", "route": 0.0, "stop_id": "806114", "stop_name": "Williston Road at Contact Communication", "total_boardings": 42, "pct_total_boardings": 0.00026345832967418985, "pct_route_boardings": 0.00026345832967418985, "latitude": 44.45962, "longitude": -73.14707 }, "geometry": { "type": "Point", "coordinates": [ -73.14707, 44.45962 ] } },
{ "type": "Feature", "properties": { "year": 2026.0, "month": "April", "route": 0.0, "stop_id": "806115", "stop_name": "Williston Road at Kennedy Drive", "total_boardings": 47, "pct_total_boardings": 0.00029482241654016486, "pct_route_boardings": 0.00029482241654016486, "latitude": 44.46202, "longitude": -73.15193 }, "geometry": { "type": "Point", "coordinates": [ -73.15193, 44.46202 ] } },
{ "type": "Feature", "properties": { "year": 2026.0, "month": "April", "route": 0.0, "stop_id": "806116", "stop_name": "Williston Road at Stone House Commons", "total_boardings": 92, "pct_total_boardings": 0.00057709919833393974, "pct_route_boardings": 0.00057709919833393974, "latitude": 44.466486, "longitude": -73.168721 }, "geometry": { "type": "Point", "coordinates": [ -73.168721, 44.466486 ] } },
{ "type": "Feature", "properties": { "year": 2026.0, "month": "April", "route": 0.0, "stop_id": "806120", "stop_name": "US 7 at Centre Drive", "total_boardings": 33, "pct_total_boardings": 0.00020700297331543489, "pct_route_boardings": 0.00020700297331543489, "latitude": 44.622440610065837, "longitude": -73.122037430645491 }, "geometry": { "type": "Point", "coordinates": [ -73.122037430645491, 44.622440610065837 ] } },
{ "type": "Feature", "properties": { "year": 2026.0, "month": "April", "route": 0.0, "stop_id": "806127", "stop_name": "Milton Town Office Park & Ride", "total_boardings": 130, "pct_total_boardings": 0.00081546625851534958, "pct_route_boardings": 0.00081546625851534958, "latitude": 44.618487707147665, "longitude": -73.124878081192008 }, "geometry": { "type": "Point", "coordinates": [ -73.124878081192008, 44.618487707147665 ] } },
{ "type": "Feature", "properties": { "year": 2026.0, "month": "April", "route": 0.0, "stop_id": "806130", "stop_name": "Ethan Allen Avenue at Rt. 15", "total_boardings": 114, "pct_total_boardings": 0.00071510118054422963, "pct_route_boardings": 0.00071510118054422963, "latitude": 44.504827, "longitude": -73.142277 }, "geometry": { "type": "Point", "coordinates": [ -73.142277, 44.504827 ] } },
{ "type": "Feature", "properties": { "year": 2026.0, "month": "April", "route": 0.0, "stop_id": "806150", "stop_name": "Hickock St at River Street (Chick's Market)", "total_boardings": 188, "pct_total_boardings": 0.0011792896661606594, "pct_route_boardings": 0.0011792896661606594, "latitude": 44.493262, "longitude": -73.192766 }, "geometry": { "type": "Point", "coordinates": [ -73.192766, 44.493262 ] } },
{ "type": "Feature", "properties": { "year": 2026.0, "month": "April", "route": 0.0, "stop_id": "806165", "stop_name": "Severance Corners", "total_boardings": 13, "pct_total_boardings": 8.1546625851534952e-05, "pct_route_boardings": 8.1546625851534952e-05, "latitude": 44.5282694, "longitude": -73.1747521 }, "geometry": { "type": "Point", "coordinates": [ -73.1747521, 44.5282694 ] } },
{ "type": "Feature", "properties": { "year": 2026.0, "month": "April", "route": 0.0, "stop_id": "806169", "stop_name": "Water Tower Hill/Albany College of Pharmacy and Health Sciences", "total_boardings": 13, "pct_total_boardings": 8.1546625851534952e-05, "pct_route_boardings": 8.1546625851534952e-05, "latitude": 44.509066, "longitude": -73.185039 }, "geometry": { "type": "Point", "coordinates": [ -73.185039, 44.509066 ] } },
{ "type": "Feature", "properties": { "year": 2026.0, "month": "April", "route": 0.0, "stop_id": "806178", "stop_name": "Dorset Street at Opposite Garden Street", "total_boardings": 120, "pct_total_boardings": 0.00075273808478339957, "pct_route_boardings": 0.00075273808478339957, "latitude": 44.463505, "longitude": -73.180857 }, "geometry": { "type": "Point", "coordinates": [ -73.180857, 44.463505 ] } },
{ "type": "Feature", "properties": { "year": 2026.0, "month": "April", "route": 0.0, "stop_id": "806179", "stop_name": "Pine Street at Maple Street", "total_boardings": 16, "pct_total_boardings": 0.00010036507797111995, "pct_route_boardings": 0.00010036507797111995, "latitude": 44.473686, "longitude": -73.215509 }, "geometry": { "type": "Point", "coordinates": [ -73.215509, 44.473686 ] } },
{ "type": "Feature", "properties": { "year": 2026.0, "month": "April", "route": 0.0, "stop_id": "806180", "stop_name": "Flynn Avenue at Richardson Street", "total_boardings": 9, "pct_total_boardings": 5.6455356358754972e-05, "pct_route_boardings": 5.6455356358754972e-05, "latitude": 44.455277, "longitude": -73.212695 }, "geometry": { "type": "Point", "coordinates": [ -73.212695, 44.455277 ] } },
{ "type": "Feature", "properties": { "year": 2026.0, "month": "April", "route": 0.0, "stop_id": "806188", "stop_name": "S Main Street at New Street", "total_boardings": 17, "pct_total_boardings": 0.00010663789534431494, "pct_route_boardings": 0.00010663789534431494, "latitude": 44.806083, "longitude": -73.085288 }, "geometry": { "type": "Point", "coordinates": [ -73.085288, 44.806083 ] } },
{ "type": "Feature", "properties": { "year": 2026.0, "month": "April", "route": 0.0, "stop_id": "806189", "stop_name": "South Main Street at St. Albans Police Department", "total_boardings": 35, "pct_total_boardings": 0.0002195486080618249, "pct_route_boardings": 0.0002195486080618249, "latitude": 44.803963, "longitude": -73.086992 }, "geometry": { "type": "Point", "coordinates": [ -73.086992, 44.803963 ] } },
{ "type": "Feature", "properties": { "year": 2026.0, "month": "April", "route": 0.0, "stop_id": "806193", "stop_name": "S Main Street at Upper Gilman Street", "total_boardings": 7, "pct_total_boardings": 4.3909721612364978e-05, "pct_route_boardings": 4.3909721612364978e-05, "latitude": 44.80425, "longitude": -73.086534 }, "geometry": { "type": "Point", "coordinates": [ -73.086534, 44.80425 ] } },
{ "type": "Feature", "properties": { "year": 2026.0, "month": "April", "route": 0.0, "stop_id": "806194", "stop_name": "S Main Street at Upper Weldon Street", "total_boardings": 92, "pct_total_boardings": 0.00057709919833393974, "pct_route_boardings": 0.00057709919833393974, "latitude": 44.806508, "longitude": -73.084709 }, "geometry": { "type": "Point", "coordinates": [ -73.084709, 44.806508 ] } },
{ "type": "Feature", "properties": { "year": 2026.0, "month": "April", "route": 0.0, "stop_id": "806200", "stop_name": "Route 2 at Lague Drive", "total_boardings": 3, "pct_total_boardings": 1.8818452119584991e-05, "pct_route_boardings": 1.8818452119584991e-05, "latitude": 44.25928, "longitude": -72.60898 }, "geometry": { "type": "Point", "coordinates": [ -72.60898, 44.25928 ] } },
{ "type": "Feature", "properties": { "year": 2026.0, "month": "April", "route": 0.0, "stop_id": "806203", "stop_name": "Route 2 at Opposite Route 100", "total_boardings": 1, "pct_total_boardings": 6.2728173731949969e-06, "pct_route_boardings": 6.2728173731949969e-06, "latitude": 44.325928, "longitude": -72.744883 }, "geometry": { "type": "Point", "coordinates": [ -72.744883, 44.325928 ] } },
{ "type": "Feature", "properties": { "year": 2026.0, "month": "April", "route": 0.0, "stop_id": "806284", "stop_name": "Waterbury State Complex at Agency of Human Resources", "total_boardings": 13, "pct_total_boardings": 8.1546625851534952e-05, "pct_route_boardings": 8.1546625851534952e-05, "latitude": 44.3322723, "longitude": -72.7557993 }, "geometry": { "type": "Point", "coordinates": [ -72.7557993, 44.3322723 ] } },
{ "type": "Feature", "properties": { "year": 2026.0, "month": "April", "route": 0.0, "stop_id": "809081", "stop_name": "Fern Hill (Main Road)", "total_boardings": 1, "pct_total_boardings": 6.2728173731949969e-06, "pct_route_boardings": 6.2728173731949969e-06, "latitude": 44.486947130695434, "longitude": -73.201815136532105 }, "geometry": { "type": "Point", "coordinates": [ -73.201815136532105, 44.486947130695434 ] } },
{ "type": "Feature", "properties": { "year": 2026.0, "month": "April", "route": 0.0, "stop_id": "812017", "stop_name": "Essex Experience-Hannaford", "total_boardings": 60, "pct_total_boardings": 0.00037636904239169978, "pct_route_boardings": 0.00037636904239169978, "latitude": 44.506631, "longitude": -73.084664 }, "geometry": { "type": "Point", "coordinates": [ -73.084664, 44.506631 ] } },
{ "type": "Feature", "properties": { "year": 2026.0, "month": "April", "route": 0.0, "stop_id": "815361", "stop_name": "Thayer Housing", "total_boardings": 13, "pct_total_boardings": 8.1546625851534952e-05, "pct_route_boardings": 8.1546625851534952e-05, "latitude": 44.507586183650318, "longitude": -73.247246125760228 }, "geometry": { "type": "Point", "coordinates": [ -73.247246125760228, 44.507586183650318 ] } },
{ "type": "Feature", "properties": { "year": 2026.0, "month": "April", "route": 0.0, "stop_id": "815404", "stop_name": "Edmunds", "total_boardings": 1818, "pct_total_boardings": 0.011403981984468504, "pct_route_boardings": 0.011403981984468504, "latitude": 44.475857265390026, "longitude": -73.207563045196366 }, "geometry": { "type": "Point", "coordinates": [ -73.207563045196366, 44.475857265390026 ] } },
{ "type": "Feature", "properties": { "year": 2026.0, "month": "April", "route": 0.0, "stop_id": "815405", "stop_name": "North Ave. at Woodbury (Hunt School)", "total_boardings": 451, "pct_total_boardings": 0.0028290406353109437, "pct_route_boardings": 0.0028290406353109437, "latitude": 44.5118223, "longitude": -73.2513535 }, "geometry": { "type": "Point", "coordinates": [ -73.2513535, 44.5118223 ] } },
{ "type": "Feature", "properties": { "year": 2026.0, "month": "April", "route": 0.0, "stop_id": "815406", "stop_name": "HO Wheeler", "total_boardings": 310, "pct_total_boardings": 0.001944573385690449, "pct_route_boardings": 0.001944573385690449, "latitude": 44.487746190080578, "longitude": -73.213888839155175 }, "geometry": { "type": "Point", "coordinates": [ -73.213888839155175, 44.487746190080578 ] } },
{ "type": "Feature", "properties": { "year": 2026.0, "month": "April", "route": 0.0, "stop_id": "815407", "stop_name": "CP Smith Elementary School", "total_boardings": 134, "pct_total_boardings": 0.00084055752800812954, "pct_route_boardings": 0.00084055752800812954, "latitude": 44.512599963419312, "longitude": -73.242036893569093 }, "geometry": { "type": "Point", "coordinates": [ -73.242036893569093, 44.512599963419312 ] } },
{ "type": "Feature", "properties": { "year": 2026.0, "month": "April", "route": 0.0, "stop_id": "815412", "stop_name": "Raymond Pl", "total_boardings": 682, "pct_total_boardings": 0.0042780614485189881, "pct_route_boardings": 0.0042780614485189881, "latitude": 44.450168213506878, "longitude": -73.213042968665036 }, "geometry": { "type": "Point", "coordinates": [ -73.213042968665036, 44.450168213506878 ] } },
{ "type": "Feature", "properties": { "year": 2026.0, "month": "April", "route": 0.0, "stop_id": "820638", "stop_name": "Shelburne Road at Locust Street", "total_boardings": 61, "pct_total_boardings": 0.00038264185976489483, "pct_route_boardings": 0.00038264185976489483, "latitude": 44.463741453424014, "longitude": -73.207865710359897 }, "geometry": { "type": "Point", "coordinates": [ -73.207865710359897, 44.463741453424014 ] } },
{ "type": "Feature", "properties": { "year": 2026.0, "month": "April", "route": 0.0, "stop_id": "847926", "stop_name": "Birchwood Park", "total_boardings": 72, "pct_total_boardings": 0.00045164285087003977, "pct_route_boardings": 0.00045164285087003977, "latitude": 44.633361, "longitude": -73.150694 }, "geometry": { "type": "Point", "coordinates": [ -73.150694, 44.633361 ] } },
{ "type": "Feature", "properties": { "year": 2026.0, "month": "April", "route": 0.0, "stop_id": "849122", "stop_name": "King Street at Pine Street", "total_boardings": 145, "pct_total_boardings": 0.00090955851911327448, "pct_route_boardings": 0.00090955851911327448, "latitude": 44.474627262778469, "longitude": -73.215150119171767 }, "geometry": { "type": "Point", "coordinates": [ -73.215150119171767, 44.474627262778469 ] } },
{ "type": "Feature", "properties": { "year": 2026.0, "month": "April", "route": 0.0, "stop_id": "849473", "stop_name": "Flynn School Circle", "total_boardings": 126, "pct_total_boardings": 0.00079037498902256962, "pct_route_boardings": 0.00079037498902256962, "latitude": 44.517348114470991, "longitude": -73.259615134172691 }, "geometry": { "type": "Point", "coordinates": [ -73.259615134172691, 44.517348114470991 ] } }
]
}
