{
"type": "FeatureCollection",
"name": "fy26_boardings_by_stop_may",
"crs": { "type": "name", "properties": { "name": "urn:ogc:def:crs:OGC:1.3:CRS84" } },
"features": [
{ "type": "Feature", "properties": { "year": 2026.0, "month": "May", "route": 1.0, "stop_id": "2530427", "stop_name": "Williston Road at Mills Avenue", "total_boardings": 60, "pct_total_boardings": 0.00047211381090268162, "pct_route_boardings": 0.0023273855702094647, "latitude": 44.464546559290739, "longitude": -73.160079805877103 }, "geometry": { "type": "Point", "coordinates": [ -73.160079805877103, 44.464546559290739 ] } },
{ "type": "Feature", "properties": { "year": 2026.0, "month": "May", "route": 1.0, "stop_id": "2562322", "stop_name": "Downtown Transit Center", "total_boardings": 6748, "pct_total_boardings": 0.05309706659952159, "pct_route_boardings": 0.2617532971295578, "latitude": 44.479731, "longitude": -73.214298 }, "geometry": { "type": "Point", "coordinates": [ -73.214298, 44.479731 ] } },
{ "type": "Feature", "properties": { "year": 2026.0, "month": "May", "route": 1.0, "stop_id": "4254428", "stop_name": "Pearl Street at Opposite North Champlain Street", "total_boardings": 1, "pct_total_boardings": 7.8685635150446939e-06, "pct_route_boardings": 3.8789759503491075e-05, "latitude": 44.480227, "longitude": -73.218169 }, "geometry": { "type": "Point", "coordinates": [ -73.218169, 44.480227 ] } },
{ "type": "Feature", "properties": { "year": 2026.0, "month": "May", "route": 1.0, "stop_id": "4255578", "stop_name": "South Burlington City Center", "total_boardings": 323, "pct_total_boardings": 0.0025415460153594359, "pct_route_boardings": 0.012529092319627618, "latitude": 44.465916, "longitude": -73.178304 }, "geometry": { "type": "Point", "coordinates": [ -73.178304, 44.465916 ] } },
{ "type": "Feature", "properties": { "year": 2026.0, "month": "May", "route": 1.0, "stop_id": "4255600", "stop_name": "Market Street at Garden Street", "total_boardings": 290, "pct_total_boardings": 0.0022818834193629612, "pct_route_boardings": 0.011249030256012413, "latitude": 44.464424, "longitude": -73.175618 }, "geometry": { "type": "Point", "coordinates": [ -73.175618, 44.464424 ] } },
{ "type": "Feature", "properties": { "year": 2026.0, "month": "May", "route": 1.0, "stop_id": "4255601", "stop_name": "Market Street at Hinesburg Road", "total_boardings": 73, "pct_total_boardings": 0.0005744051365982626, "pct_route_boardings": 0.0028316524437548489, "latitude": 44.46339, "longitude": -73.172066 }, "geometry": { "type": "Point", "coordinates": [ -73.172066, 44.46339 ] } },
{ "type": "Feature", "properties": { "year": 2026.0, "month": "May", "route": 1.0, "stop_id": "4255602", "stop_name": "Market Street at Garden Street", "total_boardings": 151, "pct_total_boardings": 0.0011881530907717488, "pct_route_boardings": 0.0058572536850271528, "latitude": 44.464565, "longitude": -73.176005 }, "geometry": { "type": "Point", "coordinates": [ -73.176005, 44.464565 ] } },
{ "type": "Feature", "properties": { "year": 2026.0, "month": "May", "route": 1.0, "stop_id": "4255603", "stop_name": "Market Street at Hinesburg Road", "total_boardings": 31, "pct_total_boardings": 0.00024392546896638551, "pct_route_boardings": 0.0012024825446082235, "latitude": 44.463335, "longitude": -73.171739 }, "geometry": { "type": "Point", "coordinates": [ -73.171739, 44.463335 ] } },
{ "type": "Feature", "properties": { "year": 2026.0, "month": "May", "route": 1.0, "stop_id": "4255702", "stop_name": "Hinesburg Road at Williston Road", "total_boardings": 80, "pct_total_boardings": 0.00062948508120357549, "pct_route_boardings": 0.0031031807602792862, "latitude": 44.465742, "longitude": -73.171047 }, "geometry": { "type": "Point", "coordinates": [ -73.171047, 44.465742 ] } },
{ "type": "Feature", "properties": { "year": 2026.0, "month": "May", "route": 1.0, "stop_id": "4259370", "stop_name": "South Burlington City Center", "total_boardings": 108, "pct_total_boardings": 0.00084980485962482684, "pct_route_boardings": 0.0041892940263770365, "latitude": 44.465801, "longitude": -73.178344 }, "geometry": { "type": "Point", "coordinates": [ -73.178344, 44.465801 ] } },
{ "type": "Feature", "properties": { "year": 2026.0, "month": "May", "route": 1.0, "stop_id": "805484", "stop_name": "S. Winooski Avenue at Bank Street", "total_boardings": 1170, "pct_total_boardings": 0.0092062193126022911, "pct_route_boardings": 0.04538401861908456, "latitude": 44.478387, "longitude": -73.211225 }, "geometry": { "type": "Point", "coordinates": [ -73.211225, 44.478387 ] } },
{ "type": "Feature", "properties": { "year": 2026.0, "month": "May", "route": 1.0, "stop_id": "805485", "stop_name": "Main Street at S. Winooski", "total_boardings": 849, "pct_total_boardings": 0.0066804104242729444, "pct_route_boardings": 0.032932505818463922, "latitude": 44.475929, "longitude": -73.21056 }, "geometry": { "type": "Point", "coordinates": [ -73.21056, 44.475929 ] } },
{ "type": "Feature", "properties": { "year": 2026.0, "month": "May", "route": 1.0, "stop_id": "805486", "stop_name": "Main Street at S. Union Street", "total_boardings": 572, "pct_total_boardings": 0.0045008183306055648, "pct_route_boardings": 0.022187742435996898, "latitude": 44.47603, "longitude": -73.20863 }, "geometry": { "type": "Point", "coordinates": [ -73.20863, 44.47603 ] } },
{ "type": "Feature", "properties": { "year": 2026.0, "month": "May", "route": 1.0, "stop_id": "805487", "stop_name": "Main Street at S. Willard Street", "total_boardings": 432, "pct_total_boardings": 0.0033992194384993074, "pct_route_boardings": 0.016757176105508146, "latitude": 44.476129, "longitude": -73.205639 }, "geometry": { "type": "Point", "coordinates": [ -73.205639, 44.476129 ] } },
{ "type": "Feature", "properties": { "year": 2026.0, "month": "May", "route": 1.0, "stop_id": "805488", "stop_name": "Main Street at S. Prospect Street", "total_boardings": 275, "pct_total_boardings": 0.0021638549666372908, "pct_route_boardings": 0.010667183863460047, "latitude": 44.476288, "longitude": -73.200853 }, "geometry": { "type": "Point", "coordinates": [ -73.200853, 44.476288 ] } },
{ "type": "Feature", "properties": { "year": 2026.0, "month": "May", "route": 1.0, "stop_id": "805490", "stop_name": "University Heights", "total_boardings": 1607, "pct_total_boardings": 0.012644781568676822, "pct_route_boardings": 0.062335143522110163, "latitude": 44.47443, "longitude": -73.19472 }, "geometry": { "type": "Point", "coordinates": [ -73.19472, 44.47443 ] } },
{ "type": "Feature", "properties": { "year": 2026.0, "month": "May", "route": 1.0, "stop_id": "805491", "stop_name": "Dorset Street at Williston Road", "total_boardings": 13, "pct_total_boardings": 0.00010229132569558102, "pct_route_boardings": 0.00050426687354538399, "latitude": 44.46822, "longitude": -73.18168 }, "geometry": { "type": "Point", "coordinates": [ -73.18168, 44.46822 ] } },
{ "type": "Feature", "properties": { "year": 2026.0, "month": "May", "route": 1.0, "stop_id": "805492", "stop_name": "Dorset Street at Peoples United Bank", "total_boardings": 36, "pct_total_boardings": 0.00028326828654160895, "pct_route_boardings": 0.0013964313421256788, "latitude": 44.46717, "longitude": -73.18152 }, "geometry": { "type": "Point", "coordinates": [ -73.18152, 44.46717 ] } },
{ "type": "Feature", "properties": { "year": 2026.0, "month": "May", "route": 1.0, "stop_id": "805493", "stop_name": "University Mall", "total_boardings": 1958, "pct_total_boardings": 0.015406647362457509, "pct_route_boardings": 0.075950349107835533, "latitude": 44.46386, "longitude": -73.183538 }, "geometry": { "type": "Point", "coordinates": [ -73.183538, 44.46386 ] } },
{ "type": "Feature", "properties": { "year": 2026.0, "month": "May", "route": 1.0, "stop_id": "805500", "stop_name": "Williston Road at Heath Street", "total_boardings": 21, "pct_total_boardings": 0.00016523983381593857, "pct_route_boardings": 0.00081458494957331259, "latitude": 44.46633, "longitude": -73.1689 }, "geometry": { "type": "Point", "coordinates": [ -73.1689, 44.46633 ] } },
{ "type": "Feature", "properties": { "year": 2026.0, "month": "May", "route": 1.0, "stop_id": "805501", "stop_name": "Williston Road at Davis Parkway", "total_boardings": 9, "pct_total_boardings": 7.0817071635402237e-05, "pct_route_boardings": 0.00034910783553141969, "latitude": 44.46617, "longitude": -73.16793 }, "geometry": { "type": "Point", "coordinates": [ -73.16793, 44.46617 ] } },
{ "type": "Feature", "properties": { "year": 2026.0, "month": "May", "route": 1.0, "stop_id": "805502", "stop_name": "Williston Road at Hayden Parkway", "total_boardings": 10, "pct_total_boardings": 7.8685635150446936e-05, "pct_route_boardings": 0.00038789759503491078, "latitude": 44.46578, "longitude": -73.16625 }, "geometry": { "type": "Point", "coordinates": [ -73.16625, 44.46578 ] } },
{ "type": "Feature", "properties": { "year": 2026.0, "month": "May", "route": 1.0, "stop_id": "805503", "stop_name": "Williston Road at Elsom Parkway", "total_boardings": 11, "pct_total_boardings": 8.6554198665491621e-05, "pct_route_boardings": 0.00042668735453840187, "latitude": 44.46537, "longitude": -73.16438 }, "geometry": { "type": "Point", "coordinates": [ -73.16438, 44.46537 ] } },
{ "type": "Feature", "properties": { "year": 2026.0, "month": "May", "route": 1.0, "stop_id": "805504", "stop_name": "Williston Road at Victoria Drive", "total_boardings": 8, "pct_total_boardings": 6.2948508120357552e-05, "pct_route_boardings": 0.0003103180760279286, "latitude": 44.46483, "longitude": -73.16207 }, "geometry": { "type": "Point", "coordinates": [ -73.16207, 44.46483 ] } },
{ "type": "Feature", "properties": { "year": 2026.0, "month": "May", "route": 1.0, "stop_id": "805505", "stop_name": "Williston Road at Mills Avenue", "total_boardings": 27, "pct_total_boardings": 0.00021245121490620671, "pct_route_boardings": 0.0010473235065942591, "latitude": 44.46438, "longitude": -73.16013 }, "geometry": { "type": "Point", "coordinates": [ -73.16013, 44.46438 ] } },
{ "type": "Feature", "properties": { "year": 2026.0, "month": "May", "route": 1.0, "stop_id": "805516", "stop_name": "Hinesburg Road at Williston Road", "total_boardings": 443, "pct_total_boardings": 0.0034857736371647994, "pct_route_boardings": 0.017183863460046547, "latitude": 44.46578, "longitude": -73.17117 }, "geometry": { "type": "Point", "coordinates": [ -73.17117, 44.46578 ] } },
{ "type": "Feature", "properties": { "year": 2026.0, "month": "May", "route": 1.0, "stop_id": "805517", "stop_name": "Hinesburg Road at Village Green Drive", "total_boardings": 191, "pct_total_boardings": 0.0015028956313735365, "pct_route_boardings": 0.0074088440651667959, "latitude": 44.46477, "longitude": -73.17097 }, "geometry": { "type": "Point", "coordinates": [ -73.17097, 44.46477 ] } },
{ "type": "Feature", "properties": { "year": 2026.0, "month": "May", "route": 1.0, "stop_id": "805529", "stop_name": "Dorset Street at Barnes & Noble", "total_boardings": 1392, "pct_total_boardings": 0.010953040412942214, "pct_route_boardings": 0.053995345228859584, "latitude": 44.466905, "longitude": -73.181203 }, "geometry": { "type": "Point", "coordinates": [ -73.181203, 44.466905 ] } },
{ "type": "Feature", "properties": { "year": 2026.0, "month": "May", "route": 1.0, "stop_id": "805530", "stop_name": "Williston Road at Sheraton Hotel", "total_boardings": 220, "pct_total_boardings": 0.0017310839733098325, "pct_route_boardings": 0.0085337470907680367, "latitude": 44.471703, "longitude": -73.188163 }, "geometry": { "type": "Point", "coordinates": [ -73.188163, 44.471703 ] } },
{ "type": "Feature", "properties": { "year": 2026.0, "month": "May", "route": 1.0, "stop_id": "805531", "stop_name": "University Heights", "total_boardings": 981, "pct_total_boardings": 0.0077190608082588442, "pct_route_boardings": 0.038052754072924751, "latitude": 44.474604, "longitude": -73.194513 }, "geometry": { "type": "Point", "coordinates": [ -73.194513, 44.474604 ] } },
{ "type": "Feature", "properties": { "year": 2026.0, "month": "May", "route": 1.0, "stop_id": "805533", "stop_name": "Main Street at S. Willard Street", "total_boardings": 23, "pct_total_boardings": 0.00018097696084602794, "pct_route_boardings": 0.00089216446858029477, "latitude": 44.47623, "longitude": -73.205 }, "geometry": { "type": "Point", "coordinates": [ -73.205, 44.47623 ] } },
{ "type": "Feature", "properties": { "year": 2026.0, "month": "May", "route": 1.0, "stop_id": "805534", "stop_name": "Main Street at S Union Street", "total_boardings": 19, "pct_total_boardings": 0.00014950270678584917, "pct_route_boardings": 0.00073700543056633052, "latitude": 44.47612, "longitude": -73.20933 }, "geometry": { "type": "Point", "coordinates": [ -73.20933, 44.47612 ] } },
{ "type": "Feature", "properties": { "year": 2026.0, "month": "May", "route": 1.0, "stop_id": "805535", "stop_name": "Main Street at Church Street", "total_boardings": 10, "pct_total_boardings": 7.8685635150446936e-05, "pct_route_boardings": 0.00038789759503491078, "latitude": 44.47602, "longitude": -73.21237 }, "geometry": { "type": "Point", "coordinates": [ -73.21237, 44.47602 ] } },
{ "type": "Feature", "properties": { "year": 2026.0, "month": "May", "route": 1.0, "stop_id": "805536", "stop_name": "Main Street at Pine Street", "total_boardings": 6, "pct_total_boardings": 4.721138109026816e-05, "pct_route_boardings": 0.00023273855702094648, "latitude": 44.47588, "longitude": -73.2159 }, "geometry": { "type": "Point", "coordinates": [ -73.2159, 44.47588 ] } },
{ "type": "Feature", "properties": { "year": 2026.0, "month": "May", "route": 1.0, "stop_id": "805537", "stop_name": "Battery Street at College Street", "total_boardings": 38, "pct_total_boardings": 0.00029900541357169835, "pct_route_boardings": 0.001474010861132661, "latitude": 44.4766, "longitude": -73.21867 }, "geometry": { "type": "Point", "coordinates": [ -73.21867, 44.4766 ] } },
{ "type": "Feature", "properties": { "year": 2026.0, "month": "May", "route": 1.0, "stop_id": "805538", "stop_name": "Battery Street at Cherry Street", "total_boardings": 1, "pct_total_boardings": 7.8685635150446939e-06, "pct_route_boardings": 3.8789759503491075e-05, "latitude": 44.478999736300089, "longitude": -73.218831904062654 }, "geometry": { "type": "Point", "coordinates": [ -73.218831904062654, 44.478999736300089 ] } },
{ "type": "Feature", "properties": { "year": 2026.0, "month": "May", "route": 1.0, "stop_id": "805867", "stop_name": "Main Street at Summit Street", "total_boardings": 220, "pct_total_boardings": 0.0017310839733098325, "pct_route_boardings": 0.0085337470907680367, "latitude": 44.476202649592501, "longitude": -73.202512518651602 }, "geometry": { "type": "Point", "coordinates": [ -73.202512518651602, 44.476202649592501 ] } },
{ "type": "Feature", "properties": { "year": 2026.0, "month": "May", "route": 1.0, "stop_id": "805870", "stop_name": "Main Street at Opposite Edmunds School", "total_boardings": 29, "pct_total_boardings": 0.00022818834193629611, "pct_route_boardings": 0.0011249030256012412, "latitude": 44.476195, "longitude": -73.207487 }, "geometry": { "type": "Point", "coordinates": [ -73.207487, 44.476195 ] } },
{ "type": "Feature", "properties": { "year": 2026.0, "month": "May", "route": 1.0, "stop_id": "805875", "stop_name": "Main Street at Opposite Summit Street", "total_boardings": 50, "pct_total_boardings": 0.00039342817575223468, "pct_route_boardings": 0.0019394879751745539, "latitude": 44.476355359631881, "longitude": -73.202486901528829 }, "geometry": { "type": "Point", "coordinates": [ -73.202486901528829, 44.476355359631881 ] } },
{ "type": "Feature", "properties": { "year": 2026.0, "month": "May", "route": 1.0, "stop_id": "805895", "stop_name": "Marshall Avenue at Harvest Lane", "total_boardings": 4, "pct_total_boardings": 3.1474254060178776e-05, "pct_route_boardings": 0.0001551590380139643, "latitude": 44.445714, "longitude": -73.117377 }, "geometry": { "type": "Point", "coordinates": [ -73.117377, 44.445714 ] } },
{ "type": "Feature", "properties": { "year": 2026.0, "month": "May", "route": 1.0, "stop_id": "805896", "stop_name": "Williston Road at N. Brownell Road", "total_boardings": 215, "pct_total_boardings": 0.0016917411557346091, "pct_route_boardings": 0.0083397982932505825, "latitude": 44.45493, "longitude": -73.12297 }, "geometry": { "type": "Point", "coordinates": [ -73.12297, 44.45493 ] } },
{ "type": "Feature", "properties": { "year": 2026.0, "month": "May", "route": 1.0, "stop_id": "805904", "stop_name": "Williston Road at S. Brownell Road", "total_boardings": 19, "pct_total_boardings": 0.00014950270678584917, "pct_route_boardings": 0.00073700543056633052, "latitude": 44.455, "longitude": -73.12343 }, "geometry": { "type": "Point", "coordinates": [ -73.12343, 44.455 ] } },
{ "type": "Feature", "properties": { "year": 2026.0, "month": "May", "route": 1.0, "stop_id": "805943", "stop_name": "University Mall at Stop sign at Hannafords", "total_boardings": 408, "pct_total_boardings": 0.003210373914138235, "pct_route_boardings": 0.01582622187742436, "latitude": 44.463252, "longitude": -73.183412 }, "geometry": { "type": "Point", "coordinates": [ -73.183412, 44.463252 ] } },
{ "type": "Feature", "properties": { "year": 2026.0, "month": "May", "route": 1.0, "stop_id": "805946", "stop_name": "Williston Road at Staples Plaza", "total_boardings": 159, "pct_total_boardings": 0.0012511015988921062, "pct_route_boardings": 0.0061675717610550811, "latitude": 44.471708, "longitude": -73.188722 }, "geometry": { "type": "Point", "coordinates": [ -73.188722, 44.471708 ] } },
{ "type": "Feature", "properties": { "year": 2026.0, "month": "May", "route": 1.0, "stop_id": "805947", "stop_name": "Dorset Street at Blue Mall", "total_boardings": 733, "pct_total_boardings": 0.0057676570565277606, "pct_route_boardings": 0.028432893716058959, "latitude": 44.46448, "longitude": -73.18078 }, "geometry": { "type": "Point", "coordinates": [ -73.18078, 44.46448 ] } },
{ "type": "Feature", "properties": { "year": 2026.0, "month": "May", "route": 1.0, "stop_id": "805960", "stop_name": "Williston Road at Kennedy Drive", "total_boardings": 42, "pct_total_boardings": 0.00033047966763187714, "pct_route_boardings": 0.0016291698991466252, "latitude": 44.46303, "longitude": -73.15443 }, "geometry": { "type": "Point", "coordinates": [ -73.15443, 44.46303 ] } },
{ "type": "Feature", "properties": { "year": 2026.0, "month": "May", "route": 1.0, "stop_id": "805964", "stop_name": "Marshall Avenue at Trader Lane", "total_boardings": 286, "pct_total_boardings": 0.0022504091653027824, "pct_route_boardings": 0.011093871217998449, "latitude": 44.44518, "longitude": -73.1158 }, "geometry": { "type": "Point", "coordinates": [ -73.1158, 44.44518 ] } },
{ "type": "Feature", "properties": { "year": 2026.0, "month": "May", "route": 1.0, "stop_id": "805973", "stop_name": "Marshall Avenue at Hannafords", "total_boardings": 19, "pct_total_boardings": 0.00014950270678584917, "pct_route_boardings": 0.00073700543056633052, "latitude": 44.445047, "longitude": -73.114986 }, "geometry": { "type": "Point", "coordinates": [ -73.114986, 44.445047 ] } },
{ "type": "Feature", "properties": { "year": 2026.0, "month": "May", "route": 1.0, "stop_id": "805974", "stop_name": "Walmart", "total_boardings": 1702, "pct_total_boardings": 0.013392295102606068, "pct_route_boardings": 0.066020170674941814, "latitude": 44.442322707648174, "longitude": -73.121237928214981 }, "geometry": { "type": "Point", "coordinates": [ -73.121237928214981, 44.442322707648174 ] } },
{ "type": "Feature", "properties": { "year": 2026.0, "month": "May", "route": 1.0, "stop_id": "805975", "stop_name": "Williston Road at HoHum Motel", "total_boardings": 172, "pct_total_boardings": 0.0013533929245876874, "pct_route_boardings": 0.0066718386346004653, "latitude": 44.464255, "longitude": -73.158906 }, "geometry": { "type": "Point", "coordinates": [ -73.158906, 44.464255 ] } },
{ "type": "Feature", "properties": { "year": 2026.0, "month": "May", "route": 1.0, "stop_id": "805976", "stop_name": "Williston Road at Thrifty", "total_boardings": 320, "pct_total_boardings": 0.002517940324814302, "pct_route_boardings": 0.012412723041117145, "latitude": 44.46355, "longitude": -73.1558 }, "geometry": { "type": "Point", "coordinates": [ -73.1558, 44.46355 ] } },
{ "type": "Feature", "properties": { "year": 2026.0, "month": "May", "route": 1.0, "stop_id": "805977", "stop_name": "Williston Road at Victory Drive", "total_boardings": 55, "pct_total_boardings": 0.00043277099332745812, "pct_route_boardings": 0.0021334367726920092, "latitude": 44.465096, "longitude": -73.162601 }, "geometry": { "type": "Point", "coordinates": [ -73.162601, 44.465096 ] } },
{ "type": "Feature", "properties": { "year": 2026.0, "month": "May", "route": 1.0, "stop_id": "805978", "stop_name": "Williston Road at Pillsbury Manor", "total_boardings": 66, "pct_total_boardings": 0.00051932519199294981, "pct_route_boardings": 0.0025601241272304111, "latitude": 44.465579, "longitude": -73.164727 }, "geometry": { "type": "Point", "coordinates": [ -73.164727, 44.465579 ] } },
{ "type": "Feature", "properties": { "year": 2026.0, "month": "May", "route": 1.0, "stop_id": "805996", "stop_name": "Williston Road at Helena Drive", "total_boardings": 579, "pct_total_boardings": 0.0045558982752108776, "pct_route_boardings": 0.022459270752521333, "latitude": 44.45038, "longitude": -73.11262 }, "geometry": { "type": "Point", "coordinates": [ -73.11262, 44.45038 ] } },
{ "type": "Feature", "properties": { "year": 2026.0, "month": "May", "route": 1.0, "stop_id": "805997", "stop_name": "Williston Road at Blair Park Road", "total_boardings": 461, "pct_total_boardings": 0.0036274077804356038, "pct_route_boardings": 0.017882079131109386, "latitude": 44.45255, "longitude": -73.11755 }, "geometry": { "type": "Point", "coordinates": [ -73.11755, 44.45255 ] } },
{ "type": "Feature", "properties": { "year": 2026.0, "month": "May", "route": 1.0, "stop_id": "806043", "stop_name": "Marshall Avenue at Gardeners Supply", "total_boardings": 9, "pct_total_boardings": 7.0817071635402237e-05, "pct_route_boardings": 0.00034910783553141969, "latitude": 44.44588, "longitude": -73.11962 }, "geometry": { "type": "Point", "coordinates": [ -73.11962, 44.44588 ] } },
{ "type": "Feature", "properties": { "year": 2026.0, "month": "May", "route": 1.0, "stop_id": "806045", "stop_name": "Williston Road at Williston Liquidation Center", "total_boardings": 78, "pct_total_boardings": 0.00061374795417348609, "pct_route_boardings": 0.0030256012412723039, "latitude": 44.45728, "longitude": -73.12797 }, "geometry": { "type": "Point", "coordinates": [ -73.12797, 44.45728 ] } },
{ "type": "Feature", "properties": { "year": 2026.0, "month": "May", "route": 1.0, "stop_id": "806064", "stop_name": "Williston Road at Aviation Avenue", "total_boardings": 18, "pct_total_boardings": 0.00014163414327080447, "pct_route_boardings": 0.00069821567106283938, "latitude": 44.46058, "longitude": -73.14902 }, "geometry": { "type": "Point", "coordinates": [ -73.14902, 44.46058 ] } },
{ "type": "Feature", "properties": { "year": 2026.0, "month": "May", "route": 1.0, "stop_id": "806069", "stop_name": "University Mall at Sears", "total_boardings": 502, "pct_total_boardings": 0.0039500188845524361, "pct_route_boardings": 0.019472459270752522, "latitude": 44.463197, "longitude": -73.18201 }, "geometry": { "type": "Point", "coordinates": [ -73.18201, 44.463197 ] } },
{ "type": "Feature", "properties": { "year": 2026.0, "month": "May", "route": 1.0, "stop_id": "806078", "stop_name": "Williston Road at VT Tire", "total_boardings": 12, "pct_total_boardings": 9.4422762180536321e-05, "pct_route_boardings": 0.00046547711404189296, "latitude": 44.462, "longitude": -73.15225 }, "geometry": { "type": "Point", "coordinates": [ -73.15225, 44.462 ] } },
{ "type": "Feature", "properties": { "year": 2026.0, "month": "May", "route": 1.0, "stop_id": "806079", "stop_name": "Williston Road at Ace Hardware", "total_boardings": 9, "pct_total_boardings": 7.0817071635402237e-05, "pct_route_boardings": 0.00034910783553141969, "latitude": 44.46055, "longitude": -73.1492 }, "geometry": { "type": "Point", "coordinates": [ -73.1492, 44.46055 ] } },
{ "type": "Feature", "properties": { "year": 2026.0, "month": "May", "route": 1.0, "stop_id": "806080", "stop_name": "Williston Road at Talent Skate Park", "total_boardings": 9, "pct_total_boardings": 7.0817071635402237e-05, "pct_route_boardings": 0.00034910783553141969, "latitude": 44.45882, "longitude": -73.14568 }, "geometry": { "type": "Point", "coordinates": [ -73.14568, 44.45882 ] } },
{ "type": "Feature", "properties": { "year": 2026.0, "month": "May", "route": 1.0, "stop_id": "806081", "stop_name": "Williston Road at Shunpike Road", "total_boardings": 4, "pct_total_boardings": 3.1474254060178776e-05, "pct_route_boardings": 0.0001551590380139643, "latitude": 44.45842, "longitude": -73.1429 }, "geometry": { "type": "Point", "coordinates": [ -73.1429, 44.45842 ] } },
{ "type": "Feature", "properties": { "year": 2026.0, "month": "May", "route": 1.0, "stop_id": "806082", "stop_name": "Williston Road at Engineers Drive", "total_boardings": 7, "pct_total_boardings": 5.5079944605312853e-05, "pct_route_boardings": 0.00027152831652443757, "latitude": 44.4582, "longitude": -73.1327 }, "geometry": { "type": "Point", "coordinates": [ -73.1327, 44.4582 ] } },
{ "type": "Feature", "properties": { "year": 2026.0, "month": "May", "route": 1.0, "stop_id": "806083", "stop_name": "Williston Road at Commerce Street", "total_boardings": 12, "pct_total_boardings": 9.4422762180536321e-05, "pct_route_boardings": 0.00046547711404189296, "latitude": 44.45337, "longitude": -73.11968 }, "geometry": { "type": "Point", "coordinates": [ -73.11968, 44.45337 ] } },
{ "type": "Feature", "properties": { "year": 2026.0, "month": "May", "route": 1.0, "stop_id": "806084", "stop_name": "Williston Road at Harvest Lane", "total_boardings": 16, "pct_total_boardings": 0.0001258970162407151, "pct_route_boardings": 0.0006206361520558572, "latitude": 44.4521, "longitude": -73.11688 }, "geometry": { "type": "Point", "coordinates": [ -73.11688, 44.4521 ] } },
{ "type": "Feature", "properties": { "year": 2026.0, "month": "May", "route": 1.0, "stop_id": "806085", "stop_name": "Williston Road at VT 2A", "total_boardings": 45, "pct_total_boardings": 0.00035408535817701119, "pct_route_boardings": 0.0017455391776570986, "latitude": 44.45023, "longitude": -73.11262 }, "geometry": { "type": "Point", "coordinates": [ -73.11262, 44.45023 ] } },
{ "type": "Feature", "properties": { "year": 2026.0, "month": "May", "route": 1.0, "stop_id": "806086", "stop_name": "VT 2A at Key Bank", "total_boardings": 12, "pct_total_boardings": 9.4422762180536321e-05, "pct_route_boardings": 0.00046547711404189296, "latitude": 44.44872, "longitude": -73.11095 }, "geometry": { "type": "Point", "coordinates": [ -73.11095, 44.44872 ] } },
{ "type": "Feature", "properties": { "year": 2026.0, "month": "May", "route": 1.0, "stop_id": "806087", "stop_name": "VT 2A at Wright Avenue", "total_boardings": 20, "pct_total_boardings": 0.00015737127030089387, "pct_route_boardings": 0.00077579519006982156, "latitude": 44.44722, "longitude": -73.11105 }, "geometry": { "type": "Point", "coordinates": [ -73.11105, 44.44722 ] } },
{ "type": "Feature", "properties": { "year": 2026.0, "month": "May", "route": 1.0, "stop_id": "806088", "stop_name": "VT 2A at Marshall Avenue (Ponderosa)", "total_boardings": 28, "pct_total_boardings": 0.00022031977842125141, "pct_route_boardings": 0.0010861132660977503, "latitude": 44.444733, "longitude": -73.112287 }, "geometry": { "type": "Point", "coordinates": [ -73.112287, 44.444733 ] } },
{ "type": "Feature", "properties": { "year": 2026.0, "month": "May", "route": 1.0, "stop_id": "806096", "stop_name": "VT 2A at Connor Way", "total_boardings": 887, "pct_total_boardings": 0.0069794158378446427, "pct_route_boardings": 0.034406516679596585, "latitude": 44.446816, "longitude": -73.110949 }, "geometry": { "type": "Point", "coordinates": [ -73.110949, 44.446816 ] } },
{ "type": "Feature", "properties": { "year": 2026.0, "month": "May", "route": 1.0, "stop_id": "806112", "stop_name": "Williston Road at Miller Lane", "total_boardings": 129, "pct_total_boardings": 0.0010150446934407654, "pct_route_boardings": 0.005003878975950349, "latitude": 44.45833, "longitude": -73.13283 }, "geometry": { "type": "Point", "coordinates": [ -73.13283, 44.45833 ] } },
{ "type": "Feature", "properties": { "year": 2026.0, "month": "May", "route": 1.0, "stop_id": "806113", "stop_name": "Williston Rd. at Valley Rd", "total_boardings": 116, "pct_total_boardings": 0.00091275336774518444, "pct_route_boardings": 0.0044996121024049648, "latitude": 44.45853, "longitude": -73.142534 }, "geometry": { "type": "Point", "coordinates": [ -73.142534, 44.45853 ] } },
{ "type": "Feature", "properties": { "year": 2026.0, "month": "May", "route": 1.0, "stop_id": "806114", "stop_name": "Williston Road at Contact Communication", "total_boardings": 32, "pct_total_boardings": 0.00025179403248143021, "pct_route_boardings": 0.0012412723041117144, "latitude": 44.45962, "longitude": -73.14707 }, "geometry": { "type": "Point", "coordinates": [ -73.14707, 44.45962 ] } },
{ "type": "Feature", "properties": { "year": 2026.0, "month": "May", "route": 1.0, "stop_id": "806115", "stop_name": "Williston Road at Kennedy Drive", "total_boardings": 42, "pct_total_boardings": 0.00033047966763187714, "pct_route_boardings": 0.0016291698991466252, "latitude": 44.46202, "longitude": -73.15193 }, "geometry": { "type": "Point", "coordinates": [ -73.15193, 44.46202 ] } },
{ "type": "Feature", "properties": { "year": 2026.0, "month": "May", "route": 1.0, "stop_id": "806116", "stop_name": "Williston Road at Stone House Commons", "total_boardings": 67, "pct_total_boardings": 0.00052719375550799451, "pct_route_boardings": 0.0025989138867339025, "latitude": 44.466486, "longitude": -73.168721 }, "geometry": { "type": "Point", "coordinates": [ -73.168721, 44.466486 ] } },
{ "type": "Feature", "properties": { "year": 2026.0, "month": "May", "route": 2.0, "stop_id": "2562322", "stop_name": "Downtown Transit Center", "total_boardings": 6131, "pct_total_boardings": 0.048242162910739017, "pct_route_boardings": 0.24676004185784431, "latitude": 44.479731, "longitude": -73.214298 }, "geometry": { "type": "Point", "coordinates": [ -73.214298, 44.479731 ] } },
{ "type": "Feature", "properties": { "year": 2026.0, "month": "May", "route": 2.0, "stop_id": "4209790", "stop_name": "E Allen Street at Hillside Park", "total_boardings": 157, "pct_total_boardings": 0.0012353644718620168, "pct_route_boardings": 0.0063189245753843678, "latitude": 44.493028716232203, "longitude": -73.175863613391599 }, "geometry": { "type": "Point", "coordinates": [ -73.175863613391599, 44.493028716232203 ] } },
{ "type": "Feature", "properties": { "year": 2026.0, "month": "May", "route": 2.0, "stop_id": "805752", "stop_name": "Pearl Street at Hungerford Terrace", "total_boardings": 460, "pct_total_boardings": 0.0036195392169205589, "pct_route_boardings": 0.018514046526603881, "latitude": 44.480581, "longitude": -73.207105 }, "geometry": { "type": "Point", "coordinates": [ -73.207105, 44.480581 ] } },
{ "type": "Feature", "properties": { "year": 2026.0, "month": "May", "route": 2.0, "stop_id": "805753", "stop_name": "Pearl Street at S. Willard Street", "total_boardings": 272, "pct_total_boardings": 0.0021402492760921564, "pct_route_boardings": 0.010947436207035338, "latitude": 44.480612, "longitude": -73.205833 }, "geometry": { "type": "Point", "coordinates": [ -73.205833, 44.480612 ] } },
{ "type": "Feature", "properties": { "year": 2026.0, "month": "May", "route": 2.0, "stop_id": "805754", "stop_name": "Pearl Street at S Prospect Street (UHC)", "total_boardings": 387, "pct_total_boardings": 0.0030451340803222962, "pct_route_boardings": 0.015575947838686308, "latitude": 44.480731, "longitude": -73.201381 }, "geometry": { "type": "Point", "coordinates": [ -73.201381, 44.480731 ] } },
{ "type": "Feature", "properties": { "year": 2026.0, "month": "May", "route": 2.0, "stop_id": "805755", "stop_name": "Colchester Avenue at Mansfield House", "total_boardings": 211, "pct_total_boardings": 0.0016602669016744303, "pct_route_boardings": 0.0084923126458987357, "latitude": 44.480579, "longitude": -73.198914 }, "geometry": { "type": "Point", "coordinates": [ -73.198914, 44.480579 ] } },
{ "type": "Feature", "properties": { "year": 2026.0, "month": "May", "route": 2.0, "stop_id": "805756", "stop_name": "Colchester Avenue at Fleming Museum", "total_boardings": 146, "pct_total_boardings": 0.0011488102731965252, "pct_route_boardings": 0.0058761973758351448, "latitude": 44.480591262595297, "longitude": -73.196866524096293 }, "geometry": { "type": "Point", "coordinates": [ -73.196866524096293, 44.480591262595297 ] } },
{ "type": "Feature", "properties": { "year": 2026.0, "month": "May", "route": 2.0, "stop_id": "805757", "stop_name": "UVM Medical Center", "total_boardings": 2987, "pct_total_boardings": 0.0235033992194385, "pct_route_boardings": 0.12022055864122998, "latitude": 44.478656664110503, "longitude": -73.193969644180299 }, "geometry": { "type": "Point", "coordinates": [ -73.193969644180299, 44.478656664110503 ] } },
{ "type": "Feature", "properties": { "year": 2026.0, "month": "May", "route": 2.0, "stop_id": "805758", "stop_name": "Colchester Avenue at Latham Court", "total_boardings": 46, "pct_total_boardings": 0.00036195392169205588, "pct_route_boardings": 0.001851404652660388, "latitude": 44.482512, "longitude": -73.191938 }, "geometry": { "type": "Point", "coordinates": [ -73.191938, 44.482512 ] } },
{ "type": "Feature", "properties": { "year": 2026.0, "month": "May", "route": 2.0, "stop_id": "805759", "stop_name": "Colchester Avenue at Thibault Parkway", "total_boardings": 39, "pct_total_boardings": 0.00030687397708674305, "pct_route_boardings": 0.0015696691620381551, "latitude": 44.483129, "longitude": -73.190514 }, "geometry": { "type": "Point", "coordinates": [ -73.190514, 44.483129 ] } },
{ "type": "Feature", "properties": { "year": 2026.0, "month": "May", "route": 2.0, "stop_id": "805760", "stop_name": "Colchester Avenue at 339", "total_boardings": 8, "pct_total_boardings": 6.2948508120357552e-05, "pct_route_boardings": 0.0003219834178539805, "latitude": 44.484018, "longitude": -73.188415 }, "geometry": { "type": "Point", "coordinates": [ -73.188415, 44.484018 ] } },
{ "type": "Feature", "properties": { "year": 2026.0, "month": "May", "route": 2.0, "stop_id": "805761", "stop_name": "Colchester Avenue at Chase Street", "total_boardings": 27, "pct_total_boardings": 0.00021245121490620671, "pct_route_boardings": 0.0010866940352571844, "latitude": 44.486436, "longitude": -73.186976 }, "geometry": { "type": "Point", "coordinates": [ -73.186976, 44.486436 ] } },
{ "type": "Feature", "properties": { "year": 2026.0, "month": "May", "route": 2.0, "stop_id": "805762", "stop_name": "Colchester Avenue at Barrett Street", "total_boardings": 52, "pct_total_boardings": 0.00040916530278232408, "pct_route_boardings": 0.0020928922160508732, "latitude": 44.487802, "longitude": -73.186696 }, "geometry": { "type": "Point", "coordinates": [ -73.186696, 44.487802 ] } },
{ "type": "Feature", "properties": { "year": 2026.0, "month": "May", "route": 2.0, "stop_id": "805763", "stop_name": "Winooski Falls/Champlain Mill", "total_boardings": 500, "pct_total_boardings": 0.0039342817575223465, "pct_route_boardings": 0.020123963615873784, "latitude": 44.49022, "longitude": -73.18437 }, "geometry": { "type": "Point", "coordinates": [ -73.18437, 44.49022 ] } },
{ "type": "Feature", "properties": { "year": 2026.0, "month": "May", "route": 2.0, "stop_id": "805765", "stop_name": "College Parkway at Opposite Florida Avenue", "total_boardings": 22, "pct_total_boardings": 0.00017310839733098324, "pct_route_boardings": 0.00088545439909844639, "latitude": 44.493226, "longitude": -73.170992 }, "geometry": { "type": "Point", "coordinates": [ -73.170992, 44.493226 ] } },
{ "type": "Feature", "properties": { "year": 2026.0, "month": "May", "route": 2.0, "stop_id": "805766", "stop_name": "Saint Michael's College", "total_boardings": 25, "pct_total_boardings": 0.00019671408787611734, "pct_route_boardings": 0.0010061981807936891, "latitude": 44.492973017248161, "longitude": -73.167726976286872 }, "geometry": { "type": "Point", "coordinates": [ -73.167726976286872, 44.492973017248161 ] } },
{ "type": "Feature", "properties": { "year": 2026.0, "month": "May", "route": 2.0, "stop_id": "805767", "stop_name": "College Parkway at Lime Kiln Road", "total_boardings": 20, "pct_total_boardings": 0.00015737127030089387, "pct_route_boardings": 0.00080495854463495133, "latitude": 44.492695, "longitude": -73.163626 }, "geometry": { "type": "Point", "coordinates": [ -73.163626, 44.492695 ] } },
{ "type": "Feature", "properties": { "year": 2026.0, "month": "May", "route": 2.0, "stop_id": "805768", "stop_name": "College Parkway at Fanny Allen Hospital", "total_boardings": 166, "pct_total_boardings": 0.0013061815434974192, "pct_route_boardings": 0.0066811559204700954, "latitude": 44.497364, "longitude": -73.158333 }, "geometry": { "type": "Point", "coordinates": [ -73.158333, 44.497364 ] } },
{ "type": "Feature", "properties": { "year": 2026.0, "month": "May", "route": 2.0, "stop_id": "805769", "stop_name": "Ethan Allen Avenue at University Lane", "total_boardings": 57, "pct_total_boardings": 0.00044850812035754752, "pct_route_boardings": 0.0022941318522096111, "latitude": 44.502994, "longitude": -73.151287 }, "geometry": { "type": "Point", "coordinates": [ -73.151287, 44.502994 ] } },
{ "type": "Feature", "properties": { "year": 2026.0, "month": "May", "route": 2.0, "stop_id": "805770", "stop_name": "Ethan Allen Avenue at Catamount Lane", "total_boardings": 26, "pct_total_boardings": 0.00020458265139116204, "pct_route_boardings": 0.0010464461080254366, "latitude": 44.503845, "longitude": -73.150689 }, "geometry": { "type": "Point", "coordinates": [ -73.150689, 44.503845 ] } },
{ "type": "Feature", "properties": { "year": 2026.0, "month": "May", "route": 2.0, "stop_id": "805771", "stop_name": "Ethan Allen Avenue at VT Public TV", "total_boardings": 71, "pct_total_boardings": 0.0005586680095681732, "pct_route_boardings": 0.0028576028334540769, "latitude": 44.50475, "longitude": -73.149892 }, "geometry": { "type": "Point", "coordinates": [ -73.149892, 44.50475 ] } },
{ "type": "Feature", "properties": { "year": 2026.0, "month": "May", "route": 2.0, "stop_id": "805775", "stop_name": "Ethan Allen Avenue at Opposite Green Mt. Nursing", "total_boardings": 59, "pct_total_boardings": 0.00046424524738763692, "pct_route_boardings": 0.0023746277066731061, "latitude": 44.506784, "longitude": -73.145364 }, "geometry": { "type": "Point", "coordinates": [ -73.145364, 44.506784 ] } },
{ "type": "Feature", "properties": { "year": 2026.0, "month": "May", "route": 2.0, "stop_id": "805776", "stop_name": "Ethan Allen Avenue at Essex Avenue (Bld. #310)", "total_boardings": 48, "pct_total_boardings": 0.00037769104872214528, "pct_route_boardings": 0.0019319005071238831, "latitude": 44.50543, "longitude": -73.143241 }, "geometry": { "type": "Point", "coordinates": [ -73.143241, 44.50543 ] } },
{ "type": "Feature", "properties": { "year": 2026.0, "month": "May", "route": 2.0, "stop_id": "805777", "stop_name": "Pearl Street at West Street Extension", "total_boardings": 55, "pct_total_boardings": 0.00043277099332745812, "pct_route_boardings": 0.002213635997746116, "latitude": 44.499522824791669, "longitude": -73.130628243221167 }, "geometry": { "type": "Point", "coordinates": [ -73.130628243221167, 44.499522824791669 ] } },
{ "type": "Feature", "properties": { "year": 2026.0, "month": "May", "route": 2.0, "stop_id": "805778", "stop_name": "Pearl Street at Opposite Complex 159", "total_boardings": 14, "pct_total_boardings": 0.00011015988921062571, "pct_route_boardings": 0.00056347098124446594, "latitude": 44.497858, "longitude": -73.127775 }, "geometry": { "type": "Point", "coordinates": [ -73.127775, 44.497858 ] } },
{ "type": "Feature", "properties": { "year": 2026.0, "month": "May", "route": 2.0, "stop_id": "805779", "stop_name": "Pearl Street at Opposite Willey's Court", "total_boardings": 4, "pct_total_boardings": 3.1474254060178776e-05, "pct_route_boardings": 0.00016099170892699025, "latitude": 44.4968059911076, "longitude": -73.125413855270693 }, "geometry": { "type": "Point", "coordinates": [ -73.125413855270693, 44.4968059911076 ] } },
{ "type": "Feature", "properties": { "year": 2026.0, "month": "May", "route": 2.0, "stop_id": "805780", "stop_name": "Pearl Street at KFC", "total_boardings": 3, "pct_total_boardings": 2.360569054513408e-05, "pct_route_boardings": 0.00012074378169524269, "latitude": 44.496383, "longitude": -73.124482 }, "geometry": { "type": "Point", "coordinates": [ -73.124482, 44.496383 ] } },
{ "type": "Feature", "properties": { "year": 2026.0, "month": "May", "route": 2.0, "stop_id": "805781", "stop_name": "Pearl Street at Capital Lincoln", "total_boardings": 36, "pct_total_boardings": 0.00028326828654160895, "pct_route_boardings": 0.0014489253803429123, "latitude": 44.495081, "longitude": -73.121634 }, "geometry": { "type": "Point", "coordinates": [ -73.121634, 44.495081 ] } },
{ "type": "Feature", "properties": { "year": 2026.0, "month": "May", "route": 2.0, "stop_id": "805782", "stop_name": "Pearl Street at Roscoe Court (Shopping Center)", "total_boardings": 81, "pct_total_boardings": 0.00063735364471862019, "pct_route_boardings": 0.0032600821057715526, "latitude": 44.494046, "longitude": -73.119419 }, "geometry": { "type": "Point", "coordinates": [ -73.119419, 44.494046 ] } },
{ "type": "Feature", "properties": { "year": 2026.0, "month": "May", "route": 2.0, "stop_id": "805783", "stop_name": "Pearl Street at Merchants Bank", "total_boardings": 10, "pct_total_boardings": 7.8685635150446936e-05, "pct_route_boardings": 0.00040247927231747566, "latitude": 44.492685, "longitude": -73.11657 }, "geometry": { "type": "Point", "coordinates": [ -73.11657, 44.492685 ] } },
{ "type": "Feature", "properties": { "year": 2026.0, "month": "May", "route": 2.0, "stop_id": "805792", "stop_name": "Amtrak", "total_boardings": 1714, "pct_total_boardings": 0.013486717864786604, "pct_route_boardings": 0.068984947275215328, "latitude": 44.4924, "longitude": -73.11022 }, "geometry": { "type": "Point", "coordinates": [ -73.11022, 44.4924 ] } },
{ "type": "Feature", "properties": { "year": 2026.0, "month": "May", "route": 2.0, "stop_id": "805793", "stop_name": "Lincoln Street at Brownell Library", "total_boardings": 400, "pct_total_boardings": 0.0031474254060178774, "pct_route_boardings": 0.016099170892699025, "latitude": 44.49122, "longitude": -73.11107 }, "geometry": { "type": "Point", "coordinates": [ -73.11107, 44.49122 ] } },
{ "type": "Feature", "properties": { "year": 2026.0, "month": "May", "route": 2.0, "stop_id": "805794", "stop_name": "Pearl Street at Summit Street", "total_boardings": 51, "pct_total_boardings": 0.00040129673926727938, "pct_route_boardings": 0.0020526442888191259, "latitude": 44.492274, "longitude": -73.1155 }, "geometry": { "type": "Point", "coordinates": [ -73.1155, 44.492274 ] } },
{ "type": "Feature", "properties": { "year": 2026.0, "month": "May", "route": 2.0, "stop_id": "805795", "stop_name": "Pearl Street at Hillcrest Road (Jiffy Lube)", "total_boardings": 153, "pct_total_boardings": 0.0012038902178018382, "pct_route_boardings": 0.0061579328664573777, "latitude": 44.493225, "longitude": -73.117389 }, "geometry": { "type": "Point", "coordinates": [ -73.117389, 44.493225 ] } },
{ "type": "Feature", "properties": { "year": 2026.0, "month": "May", "route": 2.0, "stop_id": "805796", "stop_name": "Pearl Street at Essex Junction Shopping Center.", "total_boardings": 565, "pct_total_boardings": 0.004445738386000252, "pct_route_boardings": 0.022740078885937376, "latitude": 44.494521, "longitude": -73.120046 }, "geometry": { "type": "Point", "coordinates": [ -73.120046, 44.494521 ] } },
{ "type": "Feature", "properties": { "year": 2026.0, "month": "May", "route": 2.0, "stop_id": "805797", "stop_name": "Pearl Street at Gate A Fairgrounds", "total_boardings": 452, "pct_total_boardings": 0.0035565907088002014, "pct_route_boardings": 0.018192063108749899, "latitude": 44.4956, "longitude": -73.122406 }, "geometry": { "type": "Point", "coordinates": [ -73.122406, 44.4956 ] } },
{ "type": "Feature", "properties": { "year": 2026.0, "month": "May", "route": 2.0, "stop_id": "805798", "stop_name": "Pearl Street at Willey's Court", "total_boardings": 144, "pct_total_boardings": 0.0011330731461664358, "pct_route_boardings": 0.0057957015213716493, "latitude": 44.49691, "longitude": -73.125335 }, "geometry": { "type": "Point", "coordinates": [ -73.125335, 44.49691 ] } },
{ "type": "Feature", "properties": { "year": 2026.0, "month": "May", "route": 2.0, "stop_id": "805799", "stop_name": "Pearl Street at Complex 159", "total_boardings": 66, "pct_total_boardings": 0.00051932519199294981, "pct_route_boardings": 0.0026563631972953395, "latitude": 44.497953, "longitude": -73.127588 }, "geometry": { "type": "Point", "coordinates": [ -73.127588, 44.497953 ] } },
{ "type": "Feature", "properties": { "year": 2026.0, "month": "May", "route": 2.0, "stop_id": "805800", "stop_name": "Pearl Street at West Street (U-Turn)", "total_boardings": 91, "pct_total_boardings": 0.00071603927986906707, "pct_route_boardings": 0.0036625613780890283, "latitude": 44.499922, "longitude": -73.130796 }, "geometry": { "type": "Point", "coordinates": [ -73.130796, 44.499922 ] } },
{ "type": "Feature", "properties": { "year": 2026.0, "month": "May", "route": 2.0, "stop_id": "805801", "stop_name": "Pearl Street at 197 Pearl Inc.", "total_boardings": 64, "pct_total_boardings": 0.00050358806496286041, "pct_route_boardings": 0.002575867342831844, "latitude": 44.50076, "longitude": -73.132168 }, "geometry": { "type": "Point", "coordinates": [ -73.132168, 44.50076 ] } },
{ "type": "Feature", "properties": { "year": 2026.0, "month": "May", "route": 2.0, "stop_id": "805802", "stop_name": "Pearl Street at Contois Music", "total_boardings": 56, "pct_total_boardings": 0.00044063955684250282, "pct_route_boardings": 0.0022538839249778638, "latitude": 44.501798, "longitude": -73.133839 }, "geometry": { "type": "Point", "coordinates": [ -73.133839, 44.501798 ] } },
{ "type": "Feature", "properties": { "year": 2026.0, "month": "May", "route": 2.0, "stop_id": "805803", "stop_name": "Pearl Street at 241 Pearl Apartments", "total_boardings": 72, "pct_total_boardings": 0.0005665365730832179, "pct_route_boardings": 0.0028978507606858247, "latitude": 44.502877, "longitude": -73.135618 }, "geometry": { "type": "Point", "coordinates": [ -73.135618, 44.502877 ] } },
{ "type": "Feature", "properties": { "year": 2026.0, "month": "May", "route": 2.0, "stop_id": "805804", "stop_name": "Pearl Street at Susie Wilson Road", "total_boardings": 391, "pct_total_boardings": 0.003076608334382475, "pct_route_boardings": 0.015736939547613297, "latitude": 44.504157, "longitude": -73.139286 }, "geometry": { "type": "Point", "coordinates": [ -73.139286, 44.504157 ] } },
{ "type": "Feature", "properties": { "year": 2026.0, "month": "May", "route": 2.0, "stop_id": "805805", "stop_name": "Ethan Allen Avenue at Laurette Drive", "total_boardings": 206, "pct_total_boardings": 0.0016209240840992069, "pct_route_boardings": 0.0082910730097399982, "latitude": 44.504828, "longitude": -73.142164 }, "geometry": { "type": "Point", "coordinates": [ -73.142164, 44.504828 ] } },
{ "type": "Feature", "properties": { "year": 2026.0, "month": "May", "route": 2.0, "stop_id": "805806", "stop_name": "Ethan Allen Avenue at Green Mtn. Nursing", "total_boardings": 124, "pct_total_boardings": 0.00097570187586554203, "pct_route_boardings": 0.0049907429767366979, "latitude": 44.506969, "longitude": -73.145567 }, "geometry": { "type": "Point", "coordinates": [ -73.145567, 44.506969 ] } },
{ "type": "Feature", "properties": { "year": 2026.0, "month": "May", "route": 2.0, "stop_id": "805808", "stop_name": "Ethan Allen Avenue at Sloane Hall", "total_boardings": 137, "pct_total_boardings": 0.001077993201561123, "pct_route_boardings": 0.0055139660307494164, "latitude": 44.504656870888162, "longitude": -73.150176640958136 }, "geometry": { "type": "Point", "coordinates": [ -73.150176640958136, 44.504656870888162 ] } },
{ "type": "Feature", "properties": { "year": 2026.0, "month": "May", "route": 2.0, "stop_id": "805809", "stop_name": "Ethan Allen Avenue at Catamount Lane", "total_boardings": 233, "pct_total_boardings": 0.0018333752990054137, "pct_route_boardings": 0.0093777670449971835, "latitude": 44.503856, "longitude": -73.150807 }, "geometry": { "type": "Point", "coordinates": [ -73.150807, 44.503856 ] } },
{ "type": "Feature", "properties": { "year": 2026.0, "month": "May", "route": 2.0, "stop_id": "805810", "stop_name": "Ethan Allen Avenue at Barnes Avenue", "total_boardings": 400, "pct_total_boardings": 0.0031474254060178774, "pct_route_boardings": 0.016099170892699025, "latitude": 44.502712, "longitude": -73.15154 }, "geometry": { "type": "Point", "coordinates": [ -73.15154, 44.502712 ] } },
{ "type": "Feature", "properties": { "year": 2026.0, "month": "May", "route": 2.0, "stop_id": "805811", "stop_name": "College Parkway at Cumberland Farms", "total_boardings": 201, "pct_total_boardings": 0.0015815812665239833, "pct_route_boardings": 0.0080898333735812608, "latitude": 44.497571, "longitude": -73.158398 }, "geometry": { "type": "Point", "coordinates": [ -73.158398, 44.497571 ] } },
{ "type": "Feature", "properties": { "year": 2026.0, "month": "May", "route": 2.0, "stop_id": "805812", "stop_name": "College Parkway at Johnson Avenue", "total_boardings": 143, "pct_total_boardings": 0.0011252045826513912, "pct_route_boardings": 0.005755453594139902, "latitude": 44.496917, "longitude": -73.15976 }, "geometry": { "type": "Point", "coordinates": [ -73.15976, 44.496917 ] } },
{ "type": "Feature", "properties": { "year": 2026.0, "month": "May", "route": 2.0, "stop_id": "805813", "stop_name": "College Parkway at Campus Rd. (Saint Mikes East Entrance)", "total_boardings": 80, "pct_total_boardings": 0.00062948508120357549, "pct_route_boardings": 0.0032198341785398053, "latitude": 44.494898125355199, "longitude": -73.161820025549602 }, "geometry": { "type": "Point", "coordinates": [ -73.161820025549602, 44.494898125355199 ] } },
{ "type": "Feature", "properties": { "year": 2026.0, "month": "May", "route": 2.0, "stop_id": "805814", "stop_name": "Saint Michael's College", "total_boardings": 70, "pct_total_boardings": 0.0005507994460531285, "pct_route_boardings": 0.0028173549062223296, "latitude": 44.493464544027219, "longitude": -73.162882690763865 }, "geometry": { "type": "Point", "coordinates": [ -73.162882690763865, 44.493464544027219 ] } },
{ "type": "Feature", "properties": { "year": 2026.0, "month": "May", "route": 2.0, "stop_id": "805815", "stop_name": "College Parkway at Campus Rd. (Saint Mikes West Entrance)", "total_boardings": 310, "pct_total_boardings": 0.0024392546896638552, "pct_route_boardings": 0.012476857441841745, "latitude": 44.493114, "longitude": -73.166998 }, "geometry": { "type": "Point", "coordinates": [ -73.166998, 44.493114 ] } },
{ "type": "Feature", "properties": { "year": 2026.0, "month": "May", "route": 2.0, "stop_id": "805816", "stop_name": "College Parkway at Florida Avenue", "total_boardings": 134, "pct_total_boardings": 0.001054387511015989, "pct_route_boardings": 0.0053932222490541736, "latitude": 44.493376, "longitude": -73.171038 }, "geometry": { "type": "Point", "coordinates": [ -73.171038, 44.493376 ] } },
{ "type": "Feature", "properties": { "year": 2026.0, "month": "May", "route": 2.0, "stop_id": "805817", "stop_name": "E Allen Street at Dion Street", "total_boardings": 296, "pct_total_boardings": 0.0023290948004532292, "pct_route_boardings": 0.011913386460597279, "latitude": 44.493224275131503, "longitude": -73.175639204609297 }, "geometry": { "type": "Point", "coordinates": [ -73.175639204609297, 44.493224275131503 ] } },
{ "type": "Feature", "properties": { "year": 2026.0, "month": "May", "route": 2.0, "stop_id": "805819", "stop_name": "Spinner Place/ Champlain Mill", "total_boardings": 2107, "pct_total_boardings": 0.01657906332619917, "pct_route_boardings": 0.084802382677292121, "latitude": 44.490307565759402, "longitude": -73.184893183145903 }, "geometry": { "type": "Point", "coordinates": [ -73.184893183145903, 44.490307565759402 ] } },
{ "type": "Feature", "properties": { "year": 2026.0, "month": "May", "route": 2.0, "stop_id": "805820", "stop_name": "Colchester Avenue at Barrett Street", "total_boardings": 337, "pct_total_boardings": 0.0026517059045700615, "pct_route_boardings": 0.01356355147709893, "latitude": 44.48766, "longitude": -73.186825 }, "geometry": { "type": "Point", "coordinates": [ -73.186825, 44.48766 ] } },
{ "type": "Feature", "properties": { "year": 2026.0, "month": "May", "route": 2.0, "stop_id": "805821", "stop_name": "Colchester Avenue at Opposite Chase Street", "total_boardings": 341, "pct_total_boardings": 0.0026831801586302403, "pct_route_boardings": 0.013724543186025919, "latitude": 44.486574, "longitude": -73.187045 }, "geometry": { "type": "Point", "coordinates": [ -73.187045, 44.486574 ] } },
{ "type": "Feature", "properties": { "year": 2026.0, "month": "May", "route": 2.0, "stop_id": "805822", "stop_name": "Colchester Avenue at Nash Place", "total_boardings": 118, "pct_total_boardings": 0.00092849049477527383, "pct_route_boardings": 0.0047492554133462123, "latitude": 44.483724, "longitude": -73.189341 }, "geometry": { "type": "Point", "coordinates": [ -73.189341, 44.483724 ] } },
{ "type": "Feature", "properties": { "year": 2026.0, "month": "May", "route": 2.0, "stop_id": "805823", "stop_name": "Colchester Avenue at UVM Trinty Campus", "total_boardings": 147, "pct_total_boardings": 0.00115667883671157, "pct_route_boardings": 0.0059164453030668921, "latitude": 44.482849, "longitude": -73.191372 }, "geometry": { "type": "Point", "coordinates": [ -73.191372, 44.482849 ] } },
{ "type": "Feature", "properties": { "year": 2026.0, "month": "May", "route": 2.0, "stop_id": "805824", "stop_name": "Colchester Avenue at Mansfield Avenue", "total_boardings": 131, "pct_total_boardings": 0.0010307818204708548, "pct_route_boardings": 0.0052724784673589308, "latitude": 44.480697, "longitude": -73.198467 }, "geometry": { "type": "Point", "coordinates": [ -73.198467, 44.480697 ] } },
{ "type": "Feature", "properties": { "year": 2026.0, "month": "May", "route": 2.0, "stop_id": "805825", "stop_name": "Pearl Street at N. Prospect Street", "total_boardings": 138, "pct_total_boardings": 0.0010858617650761676, "pct_route_boardings": 0.0055542139579811637, "latitude": 44.480722, "longitude": -73.200124 }, "geometry": { "type": "Point", "coordinates": [ -73.200124, 44.480722 ] } },
{ "type": "Feature", "properties": { "year": 2026.0, "month": "May", "route": 2.0, "stop_id": "805826", "stop_name": "Pearl Street at N. Williams Street", "total_boardings": 45, "pct_total_boardings": 0.00035408535817701119, "pct_route_boardings": 0.0018111567254286405, "latitude": 44.480754, "longitude": -73.203485 }, "geometry": { "type": "Point", "coordinates": [ -73.203485, 44.480754 ] } },
{ "type": "Feature", "properties": { "year": 2026.0, "month": "May", "route": 2.0, "stop_id": "805827", "stop_name": "Pearl Street at N. Willard Street", "total_boardings": 27, "pct_total_boardings": 0.00021245121490620671, "pct_route_boardings": 0.0010866940352571844, "latitude": 44.480709, "longitude": -73.205423 }, "geometry": { "type": "Point", "coordinates": [ -73.205423, 44.480709 ] } },
{ "type": "Feature", "properties": { "year": 2026.0, "month": "May", "route": 2.0, "stop_id": "805828", "stop_name": "Pearl Street at Greene Street", "total_boardings": 16, "pct_total_boardings": 0.0001258970162407151, "pct_route_boardings": 0.000643966835707961, "latitude": 44.480637, "longitude": -73.207642 }, "geometry": { "type": "Point", "coordinates": [ -73.207642, 44.480637 ] } },
{ "type": "Feature", "properties": { "year": 2026.0, "month": "May", "route": 2.0, "stop_id": "805829", "stop_name": "Pearl Street at N Union Street", "total_boardings": 18, "pct_total_boardings": 0.00014163414327080447, "pct_route_boardings": 0.00072446269017145616, "latitude": 44.480617, "longitude": -73.209172 }, "geometry": { "type": "Point", "coordinates": [ -73.209172, 44.480617 ] } },
{ "type": "Feature", "properties": { "year": 2026.0, "month": "May", "route": 2.0, "stop_id": "805886", "stop_name": "Pearl Street at Hillcrest Road", "total_boardings": 42, "pct_total_boardings": 0.00033047966763187714, "pct_route_boardings": 0.0016904129437333977, "latitude": 44.49273, "longitude": -73.116386 }, "geometry": { "type": "Point", "coordinates": [ -73.116386, 44.49273 ] } },
{ "type": "Feature", "properties": { "year": 2026.0, "month": "May", "route": 2.0, "stop_id": "805954", "stop_name": "Pearl Street at N Winooski Avenue", "total_boardings": 1084, "pct_total_boardings": 0.0085295228503084481, "pct_route_boardings": 0.04362875311921436, "latitude": 44.48046, "longitude": -73.21053 }, "geometry": { "type": "Point", "coordinates": [ -73.21053, 44.48046 ] } },
{ "type": "Feature", "properties": { "year": 2026.0, "month": "May", "route": 2.0, "stop_id": "805957", "stop_name": "Global Foundries", "total_boardings": 75, "pct_total_boardings": 0.00059014226362835199, "pct_route_boardings": 0.0030185945423810675, "latitude": 44.478670216891103, "longitude": -73.100922195877502 }, "geometry": { "type": "Point", "coordinates": [ -73.100922195877502, 44.478670216891103 ] } },
{ "type": "Feature", "properties": { "year": 2026.0, "month": "May", "route": 2.0, "stop_id": "806001", "stop_name": "Colchester Avenue at VAS Clinic", "total_boardings": 132, "pct_total_boardings": 0.0010386503839858996, "pct_route_boardings": 0.005312726394590679, "latitude": 44.480738, "longitude": -73.197324 }, "geometry": { "type": "Point", "coordinates": [ -73.197324, 44.480738 ] } },
{ "type": "Feature", "properties": { "year": 2026.0, "month": "May", "route": 2.0, "stop_id": "806013", "stop_name": "College Parkway at Camp Johnson", "total_boardings": 120, "pct_total_boardings": 0.00094422762180536323, "pct_route_boardings": 0.0048297512678097078, "latitude": 44.498803485158739, "longitude": -73.155983532624703 }, "geometry": { "type": "Point", "coordinates": [ -73.155983532624703, 44.498803485158739 ] } },
{ "type": "Feature", "properties": { "year": 2026.0, "month": "May", "route": 2.0, "stop_id": "806027", "stop_name": "Fort Ethan Allen/Elly-Long Music Building", "total_boardings": 162, "pct_total_boardings": 0.0012747072894372404, "pct_route_boardings": 0.0065201642115431052, "latitude": 44.505446, "longitude": -73.149362 }, "geometry": { "type": "Point", "coordinates": [ -73.149362, 44.505446 ] } },
{ "type": "Feature", "properties": { "year": 2026.0, "month": "May", "route": 2.0, "stop_id": "806031", "stop_name": "Abenaki Way at CCV", "total_boardings": 334, "pct_total_boardings": 0.0026281002140249275, "pct_route_boardings": 0.013442807695403687, "latitude": 44.4914, "longitude": -73.18188 }, "geometry": { "type": "Point", "coordinates": [ -73.18188, 44.4914 ] } },
{ "type": "Feature", "properties": { "year": 2026.0, "month": "May", "route": 2.0, "stop_id": "806048", "stop_name": "Ethan Allen Avenue at Winooski Road (#310)", "total_boardings": 150, "pct_total_boardings": 0.001180284527256704, "pct_route_boardings": 0.0060371890847621349, "latitude": 44.505670615403503, "longitude": -73.143589963389005 }, "geometry": { "type": "Point", "coordinates": [ -73.143589963389005, 44.505670615403503 ] } },
{ "type": "Feature", "properties": { "year": 2026.0, "month": "May", "route": 2.0, "stop_id": "806067", "stop_name": "E Allen Street at Gadues Dry Cleaning", "total_boardings": 337, "pct_total_boardings": 0.0026517059045700615, "pct_route_boardings": 0.01356355147709893, "latitude": 44.492057, "longitude": -73.180731 }, "geometry": { "type": "Point", "coordinates": [ -73.180731, 44.492057 ] } },
{ "type": "Feature", "properties": { "year": 2026.0, "month": "May", "route": 2.0, "stop_id": "806068", "stop_name": "Abenaki Way at Opposite CCV", "total_boardings": 225, "pct_total_boardings": 0.0017704267908850561, "pct_route_boardings": 0.0090557836271432015, "latitude": 44.490575542884017, "longitude": -73.182068265415651 }, "geometry": { "type": "Point", "coordinates": [ -73.182068265415651, 44.490575542884017 ] } },
{ "type": "Feature", "properties": { "year": 2026.0, "month": "May", "route": 2.0, "stop_id": "806130", "stop_name": "Ethan Allen Avenue at Rt. 15", "total_boardings": 87, "pct_total_boardings": 0.00068456502580888838, "pct_route_boardings": 0.0035015696691620382, "latitude": 44.504827, "longitude": -73.142277 }, "geometry": { "type": "Point", "coordinates": [ -73.142277, 44.504827 ] } },
{ "type": "Feature", "properties": { "year": 2026.0, "month": "May", "route": 4.0, "stop_id": "805792", "stop_name": "Amtrak", "total_boardings": 208, "pct_total_boardings": 0.0016366612111292963, "pct_route_boardings": 0.29928057553956833, "latitude": 44.4924, "longitude": -73.11022 }, "geometry": { "type": "Point", "coordinates": [ -73.11022, 44.4924 ] } },
{ "type": "Feature", "properties": { "year": 2026.0, "month": "May", "route": 4.0, "stop_id": "805830", "stop_name": "Main Street at Densmore Drive", "total_boardings": 4, "pct_total_boardings": 3.1474254060178776e-05, "pct_route_boardings": 0.0057553956834532375, "latitude": 44.49475, "longitude": -73.10395 }, "geometry": { "type": "Point", "coordinates": [ -73.10395, 44.49475 ] } },
{ "type": "Feature", "properties": { "year": 2026.0, "month": "May", "route": 4.0, "stop_id": "805831", "stop_name": "Main Street at #141", "total_boardings": 3, "pct_total_boardings": 2.360569054513408e-05, "pct_route_boardings": 0.0043165467625899279, "latitude": 44.49757, "longitude": -73.09973 }, "geometry": { "type": "Point", "coordinates": [ -73.09973, 44.49757 ] } },
{ "type": "Feature", "properties": { "year": 2026.0, "month": "May", "route": 4.0, "stop_id": "805832", "stop_name": "Main Street at Fairview Drive", "total_boardings": 1, "pct_total_boardings": 7.8685635150446939e-06, "pct_route_boardings": 0.0014388489208633094, "latitude": 44.49922, "longitude": -73.09823 }, "geometry": { "type": "Point", "coordinates": [ -73.09823, 44.49922 ] } },
{ "type": "Feature", "properties": { "year": 2026.0, "month": "May", "route": 4.0, "stop_id": "805835", "stop_name": "Essex Way at Post Office", "total_boardings": 33, "pct_total_boardings": 0.00025966259599647491, "pct_route_boardings": 0.047482014388489209, "latitude": 44.507432, "longitude": -73.078932 }, "geometry": { "type": "Point", "coordinates": [ -73.078932, 44.507432 ] } },
{ "type": "Feature", "properties": { "year": 2026.0, "month": "May", "route": 4.0, "stop_id": "805836", "stop_name": "Center Road at Essex Way", "total_boardings": 27, "pct_total_boardings": 0.00021245121490620671, "pct_route_boardings": 0.03884892086330935, "latitude": 44.510195, "longitude": -73.078172 }, "geometry": { "type": "Point", "coordinates": [ -73.078172, 44.510195 ] } },
{ "type": "Feature", "properties": { "year": 2026.0, "month": "May", "route": 4.0, "stop_id": "805837", "stop_name": "Route 15 at Saybrook Road", "total_boardings": 6, "pct_total_boardings": 4.721138109026816e-05, "pct_route_boardings": 0.0086330935251798559, "latitude": 44.510361, "longitude": -73.074694 }, "geometry": { "type": "Point", "coordinates": [ -73.074694, 44.510361 ] } },
{ "type": "Feature", "properties": { "year": 2026.0, "month": "May", "route": 4.0, "stop_id": "805838", "stop_name": "Route 15 at Sunset Drive", "total_boardings": 7, "pct_total_boardings": 5.5079944605312853e-05, "pct_route_boardings": 0.010071942446043165, "latitude": 44.51062, "longitude": -73.06947 }, "geometry": { "type": "Point", "coordinates": [ -73.06947, 44.51062 ] } },
{ "type": "Feature", "properties": { "year": 2026.0, "month": "May", "route": 4.0, "stop_id": "805839", "stop_name": "Route 15 at Opposite Essex Square", "total_boardings": 12, "pct_total_boardings": 9.4422762180536321e-05, "pct_route_boardings": 0.017266187050359712, "latitude": 44.51078, "longitude": -73.06588 }, "geometry": { "type": "Point", "coordinates": [ -73.06588, 44.51078 ] } },
{ "type": "Feature", "properties": { "year": 2026.0, "month": "May", "route": 4.0, "stop_id": "805840", "stop_name": "Essex Center", "total_boardings": 4, "pct_total_boardings": 3.1474254060178776e-05, "pct_route_boardings": 0.0057553956834532375, "latitude": 44.51147, "longitude": -73.06085 }, "geometry": { "type": "Point", "coordinates": [ -73.06085, 44.51147 ] } },
{ "type": "Feature", "properties": { "year": 2026.0, "month": "May", "route": 4.0, "stop_id": "805841", "stop_name": "Route 15 at Essex Town Public Works", "total_boardings": 4, "pct_total_boardings": 3.1474254060178776e-05, "pct_route_boardings": 0.0057553956834532375, "latitude": 44.51088, "longitude": -73.05813 }, "geometry": { "type": "Point", "coordinates": [ -73.05813, 44.51088 ] } },
{ "type": "Feature", "properties": { "year": 2026.0, "month": "May", "route": 4.0, "stop_id": "805842", "stop_name": "Sand Hill Road at Opposite Champlain Farms", "total_boardings": 7, "pct_total_boardings": 5.5079944605312853e-05, "pct_route_boardings": 0.010071942446043165, "latitude": 44.50812, "longitude": -73.05488 }, "geometry": { "type": "Point", "coordinates": [ -73.05488, 44.50812 ] } },
{ "type": "Feature", "properties": { "year": 2026.0, "month": "May", "route": 4.0, "stop_id": "805843", "stop_name": "Sand Hill Road at Essex Town Park", "total_boardings": 6, "pct_total_boardings": 4.721138109026816e-05, "pct_route_boardings": 0.0086330935251798559, "latitude": 44.50738, "longitude": -73.05433 }, "geometry": { "type": "Point", "coordinates": [ -73.05433, 44.50738 ] } },
{ "type": "Feature", "properties": { "year": 2026.0, "month": "May", "route": 4.0, "stop_id": "805844", "stop_name": "Sand Hill Road at Cemetery Road", "total_boardings": 9, "pct_total_boardings": 7.0817071635402237e-05, "pct_route_boardings": 0.012949640287769784, "latitude": 44.506594, "longitude": -73.05374 }, "geometry": { "type": "Point", "coordinates": [ -73.05374, 44.506594 ] } },
{ "type": "Feature", "properties": { "year": 2026.0, "month": "May", "route": 4.0, "stop_id": "805845", "stop_name": "Sand Hill Road at Foster Road", "total_boardings": 34, "pct_total_boardings": 0.00026753115951151955, "pct_route_boardings": 0.048920863309352518, "latitude": 44.504439, "longitude": -73.052051 }, "geometry": { "type": "Point", "coordinates": [ -73.052051, 44.504439 ] } },
{ "type": "Feature", "properties": { "year": 2026.0, "month": "May", "route": 4.0, "stop_id": "805846", "stop_name": "Sand Hill Road at Founders Road", "total_boardings": 21, "pct_total_boardings": 0.00016523983381593857, "pct_route_boardings": 0.030215827338129497, "latitude": 44.5021, "longitude": -73.05018 }, "geometry": { "type": "Point", "coordinates": [ -73.05018, 44.5021 ] } },
{ "type": "Feature", "properties": { "year": 2026.0, "month": "May", "route": 4.0, "stop_id": "805847", "stop_name": "Sand Hill Road at Opposite Maple Lawn Drive", "total_boardings": 8, "pct_total_boardings": 6.2948508120357552e-05, "pct_route_boardings": 0.011510791366906475, "latitude": 44.50037, "longitude": -73.04912 }, "geometry": { "type": "Point", "coordinates": [ -73.04912, 44.50037 ] } },
{ "type": "Feature", "properties": { "year": 2026.0, "month": "May", "route": 4.0, "stop_id": "805848", "stop_name": "Sand Hill Road at Lasalle Road", "total_boardings": 2, "pct_total_boardings": 1.5737127030089388e-05, "pct_route_boardings": 0.0028776978417266188, "latitude": 44.49745, "longitude": -73.04948 }, "geometry": { "type": "Point", "coordinates": [ -73.04948, 44.49745 ] } },
{ "type": "Feature", "properties": { "year": 2026.0, "month": "May", "route": 4.0, "stop_id": "805849", "stop_name": "Sand Hill Road at Allen Martin Drive", "total_boardings": 1, "pct_total_boardings": 7.8685635150446939e-06, "pct_route_boardings": 0.0014388489208633094, "latitude": 44.494563772833857, "longitude": -73.049604009444522 }, "geometry": { "type": "Point", "coordinates": [ -73.049604009444522, 44.494563772833857 ] } },
{ "type": "Feature", "properties": { "year": 2026.0, "month": "May", "route": 4.0, "stop_id": "805850", "stop_name": "Sand Hill Road at Allen Martin Parkway", "total_boardings": 1, "pct_total_boardings": 7.8685635150446939e-06, "pct_route_boardings": 0.0014388489208633094, "latitude": 44.49185, "longitude": -73.0501 }, "geometry": { "type": "Point", "coordinates": [ -73.0501, 44.49185 ] } },
{ "type": "Feature", "properties": { "year": 2026.0, "month": "May", "route": 4.0, "stop_id": "805852", "stop_name": "Sand Hill Road at Oak Park", "total_boardings": 3, "pct_total_boardings": 2.360569054513408e-05, "pct_route_boardings": 0.0043165467625899279, "latitude": 44.489246030595808, "longitude": -73.050329150999119 }, "geometry": { "type": "Point", "coordinates": [ -73.050329150999119, 44.489246030595808 ] } },
{ "type": "Feature", "properties": { "year": 2026.0, "month": "May", "route": 4.0, "stop_id": "805854", "stop_name": "River Road at #213", "total_boardings": 3, "pct_total_boardings": 2.360569054513408e-05, "pct_route_boardings": 0.0043165467625899279, "latitude": 44.47903, "longitude": -73.05348 }, "geometry": { "type": "Point", "coordinates": [ -73.05348, 44.47903 ] } },
{ "type": "Feature", "properties": { "year": 2026.0, "month": "May", "route": 4.0, "stop_id": "805855", "stop_name": "River Road at #195", "total_boardings": 13, "pct_total_boardings": 0.00010229132569558102, "pct_route_boardings": 0.01870503597122302, "latitude": 44.47912, "longitude": -73.05692 }, "geometry": { "type": "Point", "coordinates": [ -73.05692, 44.47912 ] } },
{ "type": "Feature", "properties": { "year": 2026.0, "month": "May", "route": 4.0, "stop_id": "805856", "stop_name": "River Road at Greenfield Road", "total_boardings": 16, "pct_total_boardings": 0.0001258970162407151, "pct_route_boardings": 0.02302158273381295, "latitude": 44.47912, "longitude": -73.0587 }, "geometry": { "type": "Point", "coordinates": [ -73.0587, 44.47912 ] } },
{ "type": "Feature", "properties": { "year": 2026.0, "month": "May", "route": 4.0, "stop_id": "805857", "stop_name": "River Road at #157", "total_boardings": 3, "pct_total_boardings": 2.360569054513408e-05, "pct_route_boardings": 0.0043165467625899279, "latitude": 44.47962, "longitude": -73.0638 }, "geometry": { "type": "Point", "coordinates": [ -73.0638, 44.47962 ] } },
{ "type": "Feature", "properties": { "year": 2026.0, "month": "May", "route": 4.0, "stop_id": "805858", "stop_name": "River Road at Pinewood Drive", "total_boardings": 1, "pct_total_boardings": 7.8685635150446939e-06, "pct_route_boardings": 0.0014388489208633094, "latitude": 44.48332, "longitude": -73.07422 }, "geometry": { "type": "Point", "coordinates": [ -73.07422, 44.48332 ] } },
{ "type": "Feature", "properties": { "year": 2026.0, "month": "May", "route": 4.0, "stop_id": "805859", "stop_name": "River Road at 83 River Road Apartments", "total_boardings": 2, "pct_total_boardings": 1.5737127030089388e-05, "pct_route_boardings": 0.0028776978417266188, "latitude": 44.483352919719451, "longitude": -73.076046147428997 }, "geometry": { "type": "Point", "coordinates": [ -73.076046147428997, 44.483352919719451 ] } },
{ "type": "Feature", "properties": { "year": 2026.0, "month": "May", "route": 4.0, "stop_id": "805860", "stop_name": "River Road at Valleyview Drive", "total_boardings": 3, "pct_total_boardings": 2.360569054513408e-05, "pct_route_boardings": 0.0043165467625899279, "latitude": 44.483526, "longitude": -73.079358 }, "geometry": { "type": "Point", "coordinates": [ -73.079358, 44.483526 ] } },
{ "type": "Feature", "properties": { "year": 2026.0, "month": "May", "route": 4.0, "stop_id": "805861", "stop_name": "Maple Street at Rivendell Drive", "total_boardings": 1, "pct_total_boardings": 7.8685635150446939e-06, "pct_route_boardings": 0.0014388489208633094, "latitude": 44.484747, "longitude": -73.096712 }, "geometry": { "type": "Point", "coordinates": [ -73.096712, 44.484747 ] } },
{ "type": "Feature", "properties": { "year": 2026.0, "month": "May", "route": 4.0, "stop_id": "805862", "stop_name": "Maple Street at Lawton School", "total_boardings": 1, "pct_total_boardings": 7.8685635150446939e-06, "pct_route_boardings": 0.0014388489208633094, "latitude": 44.48602, "longitude": -73.0998 }, "geometry": { "type": "Point", "coordinates": [ -73.0998, 44.48602 ] } },
{ "type": "Feature", "properties": { "year": 2026.0, "month": "May", "route": 4.0, "stop_id": "805887", "stop_name": "Sand Hill Road at Greenbriar Road", "total_boardings": 1, "pct_total_boardings": 7.8685635150446939e-06, "pct_route_boardings": 0.0014388489208633094, "latitude": 44.485313462223864, "longitude": -73.049922543893217 }, "geometry": { "type": "Point", "coordinates": [ -73.049922543893217, 44.485313462223864 ] } },
{ "type": "Feature", "properties": { "year": 2026.0, "month": "May", "route": 4.0, "stop_id": "805913", "stop_name": "Educational Drive at Main Street", "total_boardings": 46, "pct_total_boardings": 0.00036195392169205588, "pct_route_boardings": 0.066187050359712229, "latitude": 44.494117, "longitude": -73.106157 }, "geometry": { "type": "Point", "coordinates": [ -73.106157, 44.494117 ] } },
{ "type": "Feature", "properties": { "year": 2026.0, "month": "May", "route": 4.0, "stop_id": "805914", "stop_name": "Essex Experience at McDonalds", "total_boardings": 35, "pct_total_boardings": 0.00027539972302656425, "pct_route_boardings": 0.050359712230215826, "latitude": 44.507626739029298, "longitude": -73.086064655136695 }, "geometry": { "type": "Point", "coordinates": [ -73.086064655136695, 44.507626739029298 ] } },
{ "type": "Feature", "properties": { "year": 2026.0, "month": "May", "route": 4.0, "stop_id": "805915", "stop_name": "Sand Hill Road at Tanglewood Road", "total_boardings": 41, "pct_total_boardings": 0.00032261110411683244, "pct_route_boardings": 0.058992805755395686, "latitude": 44.5057, "longitude": -73.053 }, "geometry": { "type": "Point", "coordinates": [ -73.053, 44.5057 ] } },
{ "type": "Feature", "properties": { "year": 2026.0, "month": "May", "route": 4.0, "stop_id": "805916", "stop_name": "River Road at Pinewood Plaza", "total_boardings": 4, "pct_total_boardings": 3.1474254060178776e-05, "pct_route_boardings": 0.0057553956834532375, "latitude": 44.483401306291363, "longitude": -73.081518382145873 }, "geometry": { "type": "Point", "coordinates": [ -73.081518382145873, 44.483401306291363 ] } },
{ "type": "Feature", "properties": { "year": 2026.0, "month": "May", "route": 4.0, "stop_id": "805917", "stop_name": "Maple Street at Maplewood Lane", "total_boardings": 1, "pct_total_boardings": 7.8685635150446939e-06, "pct_route_boardings": 0.0014388489208633094, "latitude": 44.4867, "longitude": -73.10147 }, "geometry": { "type": "Point", "coordinates": [ -73.10147, 44.4867 ] } },
{ "type": "Feature", "properties": { "year": 2026.0, "month": "May", "route": 4.0, "stop_id": "806006", "stop_name": "Essex Experience", "total_boardings": 32, "pct_total_boardings": 0.00025179403248143021, "pct_route_boardings": 0.0460431654676259, "latitude": 44.507, "longitude": -73.08072 }, "geometry": { "type": "Point", "coordinates": [ -73.08072, 44.507 ] } },
{ "type": "Feature", "properties": { "year": 2026.0, "month": "May", "route": 4.0, "stop_id": "806007", "stop_name": "Route 15 at Lyon Lane", "total_boardings": 7, "pct_total_boardings": 5.5079944605312853e-05, "pct_route_boardings": 0.010071942446043165, "latitude": 44.51048, "longitude": -73.0726 }, "geometry": { "type": "Point", "coordinates": [ -73.0726, 44.51048 ] } },
{ "type": "Feature", "properties": { "year": 2026.0, "month": "May", "route": 4.0, "stop_id": "806012", "stop_name": "River Road at Citgo", "total_boardings": 7, "pct_total_boardings": 5.5079944605312853e-05, "pct_route_boardings": 0.010071942446043165, "latitude": 44.483426, "longitude": -73.084564 }, "geometry": { "type": "Point", "coordinates": [ -73.084564, 44.483426 ] } },
{ "type": "Feature", "properties": { "year": 2026.0, "month": "May", "route": 4.0, "stop_id": "806037", "stop_name": "Main Street at Brickyard Road", "total_boardings": 18, "pct_total_boardings": 0.00014163414327080447, "pct_route_boardings": 0.025899280575539568, "latitude": 44.495989, "longitude": -73.102014 }, "geometry": { "type": "Point", "coordinates": [ -73.102014, 44.495989 ] } },
{ "type": "Feature", "properties": { "year": 2026.0, "month": "May", "route": 4.0, "stop_id": "806038", "stop_name": "River Road at Maple Street", "total_boardings": 10, "pct_total_boardings": 7.8685635150446936e-05, "pct_route_boardings": 0.014388489208633094, "latitude": 44.48417, "longitude": -73.09515 }, "geometry": { "type": "Point", "coordinates": [ -73.09515, 44.48417 ] } },
{ "type": "Feature", "properties": { "year": 2026.0, "month": "May", "route": 4.0, "stop_id": "806070", "stop_name": "River Road at Opposite #30", "total_boardings": 6, "pct_total_boardings": 4.721138109026816e-05, "pct_route_boardings": 0.0086330935251798559, "latitude": 44.48357, "longitude": -73.08663 }, "geometry": { "type": "Point", "coordinates": [ -73.08663, 44.48357 ] } },
{ "type": "Feature", "properties": { "year": 2026.0, "month": "May", "route": 4.0, "stop_id": "812017", "stop_name": "Essex Experience-Hannaford", "total_boardings": 43, "pct_total_boardings": 0.00033834823114692184, "pct_route_boardings": 0.061870503597122303, "latitude": 44.506631, "longitude": -73.084664 }, "geometry": { "type": "Point", "coordinates": [ -73.084664, 44.506631 ] } },
{ "type": "Feature", "properties": { "year": 2026.0, "month": "May", "route": 5.0, "stop_id": "2562322", "stop_name": "Downtown Transit Center", "total_boardings": 2044, "pct_total_boardings": 0.016083343824751354, "pct_route_boardings": 0.38595166163141992, "latitude": 44.479731, "longitude": -73.214298 }, "geometry": { "type": "Point", "coordinates": [ -73.214298, 44.479731 ] } },
{ "type": "Feature", "properties": { "year": 2026.0, "month": "May", "route": 5.0, "stop_id": "2573649", "stop_name": "194 St Paul Street (Eagles Landing)", "total_boardings": 67, "pct_total_boardings": 0.00052719375550799451, "pct_route_boardings": 0.012651057401812689, "latitude": 44.474220989280326, "longitude": -73.213814207177123 }, "geometry": { "type": "Point", "coordinates": [ -73.213814207177123, 44.474220989280326 ] } },
{ "type": "Feature", "properties": { "year": 2026.0, "month": "May", "route": 5.0, "stop_id": "4251888", "stop_name": "Champlain Parkway at Home Ave", "total_boardings": 287, "pct_total_boardings": 0.0022582777288178272, "pct_route_boardings": 0.054191842900302115, "latitude": 44.45162405, "longitude": -73.217689578000005 }, "geometry": { "type": "Point", "coordinates": [ -73.217689578, 44.45162405 ] } },
{ "type": "Feature", "properties": { "year": 2026.0, "month": "May", "route": 5.0, "stop_id": "4251889", "stop_name": "Champlain Parkway at Flynn Ave", "total_boardings": 165, "pct_total_boardings": 0.0012983129799823744, "pct_route_boardings": 0.03115558912386707, "latitude": 44.455390432999998, "longitude": -73.217056133 }, "geometry": { "type": "Point", "coordinates": [ -73.217056133, 44.455390433 ] } },
{ "type": "Feature", "properties": { "year": 2026.0, "month": "May", "route": 5.0, "stop_id": "4251891", "stop_name": "Pine Street at Kilburn Street", "total_boardings": 77, "pct_total_boardings": 0.00060587939065844139, "pct_route_boardings": 0.014539274924471299, "latitude": 44.470969443000001, "longitude": -73.21518026 }, "geometry": { "type": "Point", "coordinates": [ -73.21518026, 44.470969443 ] } },
{ "type": "Feature", "properties": { "year": 2026.0, "month": "May", "route": 5.0, "stop_id": "4254428", "stop_name": "Pearl Street at Opposite North Champlain Street", "total_boardings": 2, "pct_total_boardings": 1.5737127030089388e-05, "pct_route_boardings": 0.00037764350453172205, "latitude": 44.480227, "longitude": -73.218169 }, "geometry": { "type": "Point", "coordinates": [ -73.218169, 44.480227 ] } },
{ "type": "Feature", "properties": { "year": 2026.0, "month": "May", "route": 5.0, "stop_id": "805484", "stop_name": "S. Winooski Avenue at Bank Street", "total_boardings": 196, "pct_total_boardings": 0.0015422384489487599, "pct_route_boardings": 0.037009063444108758, "latitude": 44.478387, "longitude": -73.211225 }, "geometry": { "type": "Point", "coordinates": [ -73.211225, 44.478387 ] } },
{ "type": "Feature", "properties": { "year": 2026.0, "month": "May", "route": 5.0, "stop_id": "805536", "stop_name": "Main Street at Pine Street", "total_boardings": 23, "pct_total_boardings": 0.00018097696084602794, "pct_route_boardings": 0.0043429003021148039, "latitude": 44.47588, "longitude": -73.2159 }, "geometry": { "type": "Point", "coordinates": [ -73.2159, 44.47588 ] } },
{ "type": "Feature", "properties": { "year": 2026.0, "month": "May", "route": 5.0, "stop_id": "805537", "stop_name": "Battery Street at College Street", "total_boardings": 56, "pct_total_boardings": 0.00044063955684250282, "pct_route_boardings": 0.010574018126888218, "latitude": 44.4766, "longitude": -73.21867 }, "geometry": { "type": "Point", "coordinates": [ -73.21867, 44.4766 ] } },
{ "type": "Feature", "properties": { "year": 2026.0, "month": "May", "route": 5.0, "stop_id": "805538", "stop_name": "Battery Street at Cherry Street", "total_boardings": 3, "pct_total_boardings": 2.360569054513408e-05, "pct_route_boardings": 0.00056646525679758314, "latitude": 44.478999736300089, "longitude": -73.218831904062654 }, "geometry": { "type": "Point", "coordinates": [ -73.218831904062654, 44.478999736300089 ] } },
{ "type": "Feature", "properties": { "year": 2026.0, "month": "May", "route": 5.0, "stop_id": "805665", "stop_name": "Maple Street at St Paul Street", "total_boardings": 93, "pct_total_boardings": 0.00073177640689915647, "pct_route_boardings": 0.017560422960725075, "latitude": 44.473688, "longitude": -73.213657 }, "geometry": { "type": "Point", "coordinates": [ -73.213657, 44.473688 ] } },
{ "type": "Feature", "properties": { "year": 2026.0, "month": "May", "route": 5.0, "stop_id": "805724", "stop_name": "Opposite 230 St Paul Street", "total_boardings": 156, "pct_total_boardings": 0.0012274959083469722, "pct_route_boardings": 0.029456193353474321, "latitude": 44.472575866378598, "longitude": -73.213879426506651 }, "geometry": { "type": "Point", "coordinates": [ -73.213879426506651, 44.472575866378598 ] } },
{ "type": "Feature", "properties": { "year": 2026.0, "month": "May", "route": 5.0, "stop_id": "805726", "stop_name": "Pine Street Opposite Pine Place (Old Greyhound)", "total_boardings": 54, "pct_total_boardings": 0.00042490242981241342, "pct_route_boardings": 0.010196374622356496, "latitude": 44.469792, "longitude": -73.215209 }, "geometry": { "type": "Point", "coordinates": [ -73.215209, 44.469792 ] } },
{ "type": "Feature", "properties": { "year": 2026.0, "month": "May", "route": 5.0, "stop_id": "805727", "stop_name": "Pine Street at Opposite Howard Street", "total_boardings": 41, "pct_total_boardings": 0.00032261110411683244, "pct_route_boardings": 0.0077416918429003018, "latitude": 44.46707, "longitude": -73.215043 }, "geometry": { "type": "Point", "coordinates": [ -73.215043, 44.46707 ] } },
{ "type": "Feature", "properties": { "year": 2026.0, "month": "May", "route": 5.0, "stop_id": "805728", "stop_name": "Pine Street at Burlington Electric Dept.", "total_boardings": 102, "pct_total_boardings": 0.00080259347853455876, "pct_route_boardings": 0.019259818731117824, "latitude": 44.463529, "longitude": -73.214778 }, "geometry": { "type": "Point", "coordinates": [ -73.214778, 44.463529 ] } },
{ "type": "Feature", "properties": { "year": 2026.0, "month": "May", "route": 5.0, "stop_id": "805729", "stop_name": "Pine Street at Opposite Birchcliff Parkway", "total_boardings": 34, "pct_total_boardings": 0.00026753115951151955, "pct_route_boardings": 0.0064199395770392752, "latitude": 44.459138, "longitude": -73.214493 }, "geometry": { "type": "Point", "coordinates": [ -73.214493, 44.459138 ] } },
{ "type": "Feature", "properties": { "year": 2026.0, "month": "May", "route": 5.0, "stop_id": "805730", "stop_name": "Pine Street at Long Trail Phys. Therapy", "total_boardings": 44, "pct_total_boardings": 0.00034621679466196649, "pct_route_boardings": 0.0083081570996978854, "latitude": 44.457489, "longitude": -73.214395 }, "geometry": { "type": "Point", "coordinates": [ -73.214395, 44.457489 ] } },
{ "type": "Feature", "properties": { "year": 2026.0, "month": "May", "route": 5.0, "stop_id": "805731", "stop_name": "Howard Center", "total_boardings": 74, "pct_total_boardings": 0.00058227370011330729, "pct_route_boardings": 0.013972809667673716, "latitude": 44.455878051784822, "longitude": -73.214332365078349 }, "geometry": { "type": "Point", "coordinates": [ -73.214332365078349, 44.455878051784822 ] } },
{ "type": "Feature", "properties": { "year": 2026.0, "month": "May", "route": 5.0, "stop_id": "805732", "stop_name": "Pine Street at Lyman Avenue", "total_boardings": 93, "pct_total_boardings": 0.00073177640689915647, "pct_route_boardings": 0.017560422960725075, "latitude": 44.453353, "longitude": -73.214448 }, "geometry": { "type": "Point", "coordinates": [ -73.214448, 44.453353 ] } },
{ "type": "Feature", "properties": { "year": 2026.0, "month": "May", "route": 5.0, "stop_id": "805733", "stop_name": "Pine Street at Home Avenue", "total_boardings": 155, "pct_total_boardings": 0.0012196273448319276, "pct_route_boardings": 0.029267371601208458, "latitude": 44.451123, "longitude": -73.214484 }, "geometry": { "type": "Point", "coordinates": [ -73.214484, 44.451123 ] } },
{ "type": "Feature", "properties": { "year": 2026.0, "month": "May", "route": 5.0, "stop_id": "805734", "stop_name": "Green Mountain Transit Office", "total_boardings": 10, "pct_total_boardings": 7.8685635150446936e-05, "pct_route_boardings": 0.0018882175226586104, "latitude": 44.450385, "longitude": -73.219485 }, "geometry": { "type": "Point", "coordinates": [ -73.219485, 44.450385 ] } },
{ "type": "Feature", "properties": { "year": 2026.0, "month": "May", "route": 5.0, "stop_id": "805738", "stop_name": "Opposite Howard Center", "total_boardings": 152, "pct_total_boardings": 0.0011960216542867934, "pct_route_boardings": 0.028700906344410877, "latitude": 44.456046, "longitude": -73.214158 }, "geometry": { "type": "Point", "coordinates": [ -73.214158, 44.456046 ] } },
{ "type": "Feature", "properties": { "year": 2026.0, "month": "May", "route": 5.0, "stop_id": "805739", "stop_name": "Champlain School (Pine Street)", "total_boardings": 132, "pct_total_boardings": 0.0010386503839858996, "pct_route_boardings": 0.024924471299093656, "latitude": 44.456953744271289, "longitude": -73.214221960164764 }, "geometry": { "type": "Point", "coordinates": [ -73.214221960164764, 44.456953744271289 ] } },
{ "type": "Feature", "properties": { "year": 2026.0, "month": "May", "route": 5.0, "stop_id": "805740", "stop_name": "Pine Street at Birchcliff Parkway", "total_boardings": 133, "pct_total_boardings": 0.0010465189475009442, "pct_route_boardings": 0.025113293051359516, "latitude": 44.459553, "longitude": -73.214401 }, "geometry": { "type": "Point", "coordinates": [ -73.214401, 44.459553 ] } },
{ "type": "Feature", "properties": { "year": 2026.0, "month": "May", "route": 5.0, "stop_id": "805745", "stop_name": "Pine Street at Locust Street", "total_boardings": 515, "pct_total_boardings": 0.0040523102102480169, "pct_route_boardings": 0.097243202416918431, "latitude": 44.462799, "longitude": -73.214615 }, "geometry": { "type": "Point", "coordinates": [ -73.214615, 44.462799 ] } },
{ "type": "Feature", "properties": { "year": 2026.0, "month": "May", "route": 5.0, "stop_id": "805746", "stop_name": "Pine Street at Howard Street", "total_boardings": 105, "pct_total_boardings": 0.00082619916907969286, "pct_route_boardings": 0.019826283987915409, "latitude": 44.467066, "longitude": -73.214898 }, "geometry": { "type": "Point", "coordinates": [ -73.214898, 44.467066 ] } },
{ "type": "Feature", "properties": { "year": 2026.0, "month": "May", "route": 5.0, "stop_id": "805747", "stop_name": "230 St Paul Street", "total_boardings": 281, "pct_total_boardings": 0.0022110663477275588, "pct_route_boardings": 0.053058912386706951, "latitude": 44.472639, "longitude": -73.213734 }, "geometry": { "type": "Point", "coordinates": [ -73.213734, 44.472639 ] } },
{ "type": "Feature", "properties": { "year": 2026.0, "month": "May", "route": 5.0, "stop_id": "805906", "stop_name": "S. Winooski Avenue at King Street", "total_boardings": 156, "pct_total_boardings": 0.0012274959083469722, "pct_route_boardings": 0.029456193353474321, "latitude": 44.475317956005064, "longitude": -73.21098945119671 }, "geometry": { "type": "Point", "coordinates": [ -73.21098945119671, 44.475317956005064 ] } },
{ "type": "Feature", "properties": { "year": 2026.0, "month": "May", "route": 5.0, "stop_id": "805918", "stop_name": "Pine Street at Lakeside Avenue (Cumberland Farms)", "total_boardings": 46, "pct_total_boardings": 0.00036195392169205588, "pct_route_boardings": 0.0086858006042296078, "latitude": 44.460789, "longitude": -73.214604 }, "geometry": { "type": "Point", "coordinates": [ -73.214604, 44.460789 ] } },
{ "type": "Feature", "properties": { "year": 2026.0, "month": "May", "route": 6.0, "stop_id": "2562322", "stop_name": "Downtown Transit Center", "total_boardings": 5735, "pct_total_boardings": 0.045126211758781315, "pct_route_boardings": 0.30015177683571465, "latitude": 44.479731, "longitude": -73.214298 }, "geometry": { "type": "Point", "coordinates": [ -73.214298, 44.479731 ] } },
{ "type": "Feature", "properties": { "year": 2026.0, "month": "May", "route": 6.0, "stop_id": "2745400", "stop_name": "Price Chopper", "total_boardings": 122, "pct_total_boardings": 0.00095996474883545263, "pct_route_boardings": 0.0063850944679960222, "latitude": 44.4490348047539, "longitude": -73.210493265239066 }, "geometry": { "type": "Point", "coordinates": [ -73.210493265239066, 44.4490348047539 ] } },
{ "type": "Feature", "properties": { "year": 2026.0, "month": "May", "route": 6.0, "stop_id": "4209791", "stop_name": "Shelburne Road at Harrington Ave", "total_boardings": 224, "pct_total_boardings": 0.0017625582273700113, "pct_route_boardings": 0.01172345213795991, "latitude": 44.383345920995978, "longitude": -73.226394096927336 }, "geometry": { "type": "Point", "coordinates": [ -73.226394096927336, 44.383345920995978 ] } },
{ "type": "Feature", "properties": { "year": 2026.0, "month": "May", "route": 6.0, "stop_id": "4254393", "stop_name": "Shelburne Road at Opposite Prospect Parkway", "total_boardings": 37, "pct_total_boardings": 0.00029113685005665365, "pct_route_boardings": 0.0019364630763594494, "latitude": 44.457376, "longitude": -73.20848 }, "geometry": { "type": "Point", "coordinates": [ -73.20848, 44.457376 ] } },
{ "type": "Feature", "properties": { "year": 2026.0, "month": "May", "route": 6.0, "stop_id": "4259665", "stop_name": "5138 Shelburne Road", "total_boardings": 13, "pct_total_boardings": 0.00010229132569558102, "pct_route_boardings": 0.0006803789187208876, "latitude": 44.382721, "longitude": -73.226898 }, "geometry": { "type": "Point", "coordinates": [ -73.226898, 44.382721 ] } },
{ "type": "Feature", "properties": { "year": 2026.0, "month": "May", "route": 6.0, "stop_id": "805484", "stop_name": "S. Winooski Avenue at Bank Street", "total_boardings": 806, "pct_total_boardings": 0.0063420621931260229, "pct_route_boardings": 0.042183492960695033, "latitude": 44.478387, "longitude": -73.211225 }, "geometry": { "type": "Point", "coordinates": [ -73.211225, 44.478387 ] } },
{ "type": "Feature", "properties": { "year": 2026.0, "month": "May", "route": 6.0, "stop_id": "805534", "stop_name": "Main Street at S Union Street", "total_boardings": 16, "pct_total_boardings": 0.0001258970162407151, "pct_route_boardings": 0.00083738943842570786, "latitude": 44.47612, "longitude": -73.20933 }, "geometry": { "type": "Point", "coordinates": [ -73.20933, 44.47612 ] } },
{ "type": "Feature", "properties": { "year": 2026.0, "month": "May", "route": 6.0, "stop_id": "805535", "stop_name": "Main Street at Church Street", "total_boardings": 20, "pct_total_boardings": 0.00015737127030089387, "pct_route_boardings": 0.0010467367980321349, "latitude": 44.47602, "longitude": -73.21237 }, "geometry": { "type": "Point", "coordinates": [ -73.21237, 44.47602 ] } },
{ "type": "Feature", "properties": { "year": 2026.0, "month": "May", "route": 6.0, "stop_id": "805536", "stop_name": "Main Street at Pine Street", "total_boardings": 15, "pct_total_boardings": 0.0001180284527256704, "pct_route_boardings": 0.00078505259852410111, "latitude": 44.47588, "longitude": -73.2159 }, "geometry": { "type": "Point", "coordinates": [ -73.2159, 44.47588 ] } },
{ "type": "Feature", "properties": { "year": 2026.0, "month": "May", "route": 6.0, "stop_id": "805537", "stop_name": "Battery Street at College Street", "total_boardings": 12, "pct_total_boardings": 9.4422762180536321e-05, "pct_route_boardings": 0.00062804207881928084, "latitude": 44.4766, "longitude": -73.21867 }, "geometry": { "type": "Point", "coordinates": [ -73.21867, 44.4766 ] } },
{ "type": "Feature", "properties": { "year": 2026.0, "month": "May", "route": 6.0, "stop_id": "805538", "stop_name": "Battery Street at Cherry Street", "total_boardings": 2, "pct_total_boardings": 1.5737127030089388e-05, "pct_route_boardings": 0.00010467367980321348, "latitude": 44.478999736300089, "longitude": -73.218831904062654 }, "geometry": { "type": "Point", "coordinates": [ -73.218831904062654, 44.478999736300089 ] } },
{ "type": "Feature", "properties": { "year": 2026.0, "month": "May", "route": 6.0, "stop_id": "805539", "stop_name": "S Union Street at Adams Street", "total_boardings": 161, "pct_total_boardings": 0.0012668387259221956, "pct_route_boardings": 0.0084262312241586857, "latitude": 44.47232, "longitude": -73.20881 }, "geometry": { "type": "Point", "coordinates": [ -73.20881, 44.47232 ] } },
{ "type": "Feature", "properties": { "year": 2026.0, "month": "May", "route": 6.0, "stop_id": "805540", "stop_name": "S Union Street at Spruce Street", "total_boardings": 80, "pct_total_boardings": 0.00062948508120357549, "pct_route_boardings": 0.0041869471921285395, "latitude": 44.470663162357646, "longitude": -73.208743716160484 }, "geometry": { "type": "Point", "coordinates": [ -73.208743716160484, 44.470663162357646 ] } },
{ "type": "Feature", "properties": { "year": 2026.0, "month": "May", "route": 6.0, "stop_id": "805541", "stop_name": "S Union Street at Howard Street", "total_boardings": 75, "pct_total_boardings": 0.00059014226362835199, "pct_route_boardings": 0.0039252629926205054, "latitude": 44.467451748434605, "longitude": -73.208074077993217 }, "geometry": { "type": "Point", "coordinates": [ -73.208074077993217, 44.467451748434605 ] } },
{ "type": "Feature", "properties": { "year": 2026.0, "month": "May", "route": 6.0, "stop_id": "805542", "stop_name": "S Union Street at St Paul Street", "total_boardings": 105, "pct_total_boardings": 0.00082619916907969286, "pct_route_boardings": 0.0054953681896687074, "latitude": 44.465256, "longitude": -73.207703 }, "geometry": { "type": "Point", "coordinates": [ -73.207703, 44.465256 ] } },
{ "type": "Feature", "properties": { "year": 2026.0, "month": "May", "route": 6.0, "stop_id": "805544", "stop_name": "Shelburne Road at Opposite Hoover Street", "total_boardings": 83, "pct_total_boardings": 0.00065309077174870959, "pct_route_boardings": 0.0043439577118333595, "latitude": 44.46058, "longitude": -73.20817 }, "geometry": { "type": "Point", "coordinates": [ -73.20817, 44.46058 ] } },
{ "type": "Feature", "properties": { "year": 2026.0, "month": "May", "route": 6.0, "stop_id": "805545", "stop_name": "Shelburne Road at Birchcliff Parkway", "total_boardings": 60, "pct_total_boardings": 0.00047211381090268162, "pct_route_boardings": 0.0031402103940964044, "latitude": 44.45862, "longitude": -73.208362 }, "geometry": { "type": "Point", "coordinates": [ -73.208362, 44.45862 ] } },
{ "type": "Feature", "properties": { "year": 2026.0, "month": "May", "route": 6.0, "stop_id": "805546", "stop_name": "Shelburne Road at Burlington Subaru", "total_boardings": 44, "pct_total_boardings": 0.00034621679466196649, "pct_route_boardings": 0.0023028209556706968, "latitude": 44.456321, "longitude": -73.20858 }, "geometry": { "type": "Point", "coordinates": [ -73.20858, 44.456321 ] } },
{ "type": "Feature", "properties": { "year": 2026.0, "month": "May", "route": 6.0, "stop_id": "805547", "stop_name": "Shelburne Road at Ferguson Avenue", "total_boardings": 13, "pct_total_boardings": 0.00010229132569558102, "pct_route_boardings": 0.0006803789187208876, "latitude": 44.453955, "longitude": -73.208797 }, "geometry": { "type": "Point", "coordinates": [ -73.208797, 44.453955 ] } },
{ "type": "Feature", "properties": { "year": 2026.0, "month": "May", "route": 6.0, "stop_id": "805548", "stop_name": "Shelburne Road at Lyman Avenue", "total_boardings": 16, "pct_total_boardings": 0.0001258970162407151, "pct_route_boardings": 0.00083738943842570786, "latitude": 44.45298, "longitude": -73.20883 }, "geometry": { "type": "Point", "coordinates": [ -73.20883, 44.45298 ] } },
{ "type": "Feature", "properties": { "year": 2026.0, "month": "May", "route": 6.0, "stop_id": "805549", "stop_name": "Shelburne Road at Scarff Avenue", "total_boardings": 45, "pct_total_boardings": 0.00035408535817701119, "pct_route_boardings": 0.0023551577955723034, "latitude": 44.451904, "longitude": -73.208988 }, "geometry": { "type": "Point", "coordinates": [ -73.208988, 44.451904 ] } },
{ "type": "Feature", "properties": { "year": 2026.0, "month": "May", "route": 6.0, "stop_id": "805550", "stop_name": "Shelburne Road at Home Avenue", "total_boardings": 606, "pct_total_boardings": 0.0047683494901170839, "pct_route_boardings": 0.031716124980373683, "latitude": 44.450357, "longitude": -73.209121 }, "geometry": { "type": "Point", "coordinates": [ -73.209121, 44.450357 ] } },
{ "type": "Feature", "properties": { "year": 2026.0, "month": "May", "route": 6.0, "stop_id": "805551", "stop_name": "Shelburne Road at Queen City Parkway", "total_boardings": 72, "pct_total_boardings": 0.0005665365730832179, "pct_route_boardings": 0.0037682524729156855, "latitude": 44.445006, "longitude": -73.209668 }, "geometry": { "type": "Point", "coordinates": [ -73.209668, 44.445006 ] } },
{ "type": "Feature", "properties": { "year": 2026.0, "month": "May", "route": 6.0, "stop_id": "805552", "stop_name": "Shelburne Road at Opposite Brewer Parkway", "total_boardings": 136, "pct_total_boardings": 0.0010701246380460782, "pct_route_boardings": 0.0071178102266185169, "latitude": 44.44257, "longitude": -73.20993 }, "geometry": { "type": "Point", "coordinates": [ -73.20993, 44.44257 ] } },
{ "type": "Feature", "properties": { "year": 2026.0, "month": "May", "route": 6.0, "stop_id": "805553", "stop_name": "Shelburne Road at Fayette Road", "total_boardings": 209, "pct_total_boardings": 0.0016445297746443409, "pct_route_boardings": 0.010938399539435808, "latitude": 44.436915, "longitude": -73.210534 }, "geometry": { "type": "Point", "coordinates": [ -73.210534, 44.436915 ] } },
{ "type": "Feature", "properties": { "year": 2026.0, "month": "May", "route": 6.0, "stop_id": "805554", "stop_name": "Shelburne Road at Holmes Road", "total_boardings": 38, "pct_total_boardings": 0.00029900541357169835, "pct_route_boardings": 0.001988799916261056, "latitude": 44.43293, "longitude": -73.211 }, "geometry": { "type": "Point", "coordinates": [ -73.211, 44.43293 ] } },
{ "type": "Feature", "properties": { "year": 2026.0, "month": "May", "route": 6.0, "stop_id": "805555", "stop_name": "Shelburne Road at Bartlett Bay Road", "total_boardings": 22, "pct_total_boardings": 0.00017310839733098324, "pct_route_boardings": 0.0011514104778353484, "latitude": 44.42803, "longitude": -73.21152 }, "geometry": { "type": "Point", "coordinates": [ -73.21152, 44.42803 ] } },
{ "type": "Feature", "properties": { "year": 2026.0, "month": "May", "route": 6.0, "stop_id": "805556", "stop_name": "Shelburne Road at Harbor View Road", "total_boardings": 30, "pct_total_boardings": 0.00023605690545134081, "pct_route_boardings": 0.0015701051970482022, "latitude": 44.42382, "longitude": -73.21195 }, "geometry": { "type": "Point", "coordinates": [ -73.21195, 44.42382 ] } },
{ "type": "Feature", "properties": { "year": 2026.0, "month": "May", "route": 6.0, "stop_id": "805557", "stop_name": "Shelburne Road at Opposite Allen Road", "total_boardings": 39, "pct_total_boardings": 0.00030687397708674305, "pct_route_boardings": 0.0020411367561626627, "latitude": 44.42202, "longitude": -73.21215 }, "geometry": { "type": "Point", "coordinates": [ -73.21215, 44.42202 ] } },
{ "type": "Feature", "properties": { "year": 2026.0, "month": "May", "route": 6.0, "stop_id": "805558", "stop_name": "Shelburne Road at Pine Haven Shores Road", "total_boardings": 29, "pct_total_boardings": 0.00022818834193629611, "pct_route_boardings": 0.0015177683571465956, "latitude": 44.4188, "longitude": -73.2127 }, "geometry": { "type": "Point", "coordinates": [ -73.2127, 44.4188 ] } },
{ "type": "Feature", "properties": { "year": 2026.0, "month": "May", "route": 6.0, "stop_id": "805559", "stop_name": "Shelburne Road at Opposite Martindale", "total_boardings": 22, "pct_total_boardings": 0.00017310839733098324, "pct_route_boardings": 0.0011514104778353484, "latitude": 44.4167, "longitude": -73.2134 }, "geometry": { "type": "Point", "coordinates": [ -73.2134, 44.4167 ] } },
{ "type": "Feature", "properties": { "year": 2026.0, "month": "May", "route": 6.0, "stop_id": "805560", "stop_name": "Shelburne Road at Palmer Court", "total_boardings": 9, "pct_total_boardings": 7.0817071635402237e-05, "pct_route_boardings": 0.00047103155911446069, "latitude": 44.41318, "longitude": -73.21455 }, "geometry": { "type": "Point", "coordinates": [ -73.21455, 44.41318 ] } },
{ "type": "Feature", "properties": { "year": 2026.0, "month": "May", "route": 6.0, "stop_id": "805561", "stop_name": "Shelburne Road at Lakeview Drive", "total_boardings": 39, "pct_total_boardings": 0.00030687397708674305, "pct_route_boardings": 0.0020411367561626627, "latitude": 44.41193, "longitude": -73.21497 }, "geometry": { "type": "Point", "coordinates": [ -73.21497, 44.41193 ] } },
{ "type": "Feature", "properties": { "year": 2026.0, "month": "May", "route": 6.0, "stop_id": "805563", "stop_name": "Shelburne Road at Bay Road", "total_boardings": 68, "pct_total_boardings": 0.0005350623190230391, "pct_route_boardings": 0.0035589051133092585, "latitude": 44.4057, "longitude": -73.21698 }, "geometry": { "type": "Point", "coordinates": [ -73.21698, 44.4057 ] } },
{ "type": "Feature", "properties": { "year": 2026.0, "month": "May", "route": 6.0, "stop_id": "805564", "stop_name": "Shelburne Road at Green Mountain Kenworth", "total_boardings": 15, "pct_total_boardings": 0.0001180284527256704, "pct_route_boardings": 0.00078505259852410111, "latitude": 44.40277, "longitude": -73.2179 }, "geometry": { "type": "Point", "coordinates": [ -73.2179, 44.40277 ] } },
{ "type": "Feature", "properties": { "year": 2026.0, "month": "May", "route": 6.0, "stop_id": "805565", "stop_name": "Shelburne Road at Tenneybrook Square", "total_boardings": 16, "pct_total_boardings": 0.0001258970162407151, "pct_route_boardings": 0.00083738943842570786, "latitude": 44.40097, "longitude": -73.21848 }, "geometry": { "type": "Point", "coordinates": [ -73.21848, 44.40097 ] } },
{ "type": "Feature", "properties": { "year": 2026.0, "month": "May", "route": 6.0, "stop_id": "805566", "stop_name": "Shelburne Road at Opposite Longmeadow Drive (The Commons)", "total_boardings": 24, "pct_total_boardings": 0.00018884552436107264, "pct_route_boardings": 0.0012560841576385617, "latitude": 44.395907084193801, "longitude": -73.220143316304899 }, "geometry": { "type": "Point", "coordinates": [ -73.220143316304899, 44.395907084193801 ] } },
{ "type": "Feature", "properties": { "year": 2026.0, "month": "May", "route": 6.0, "stop_id": "805568", "stop_name": "Shelburne Road at Town Office", "total_boardings": 52, "pct_total_boardings": 0.00040916530278232408, "pct_route_boardings": 0.0027215156748835504, "latitude": 44.37908, "longitude": -73.22825 }, "geometry": { "type": "Point", "coordinates": [ -73.22825, 44.37908 ] } },
{ "type": "Feature", "properties": { "year": 2026.0, "month": "May", "route": 6.0, "stop_id": "805569", "stop_name": "Shelburne Museum", "total_boardings": 85, "pct_total_boardings": 0.00066882789877879898, "pct_route_boardings": 0.0044486313916365728, "latitude": 44.37672, "longitude": -73.22913 }, "geometry": { "type": "Point", "coordinates": [ -73.22913, 44.37672 ] } },
{ "type": "Feature", "properties": { "year": 2026.0, "month": "May", "route": 6.0, "stop_id": "805570", "stop_name": "Shelburne Road at Museum Main Gate", "total_boardings": 85, "pct_total_boardings": 0.00066882789877879898, "pct_route_boardings": 0.0044486313916365728, "latitude": 44.37188, "longitude": -73.23092 }, "geometry": { "type": "Point", "coordinates": [ -73.23092, 44.37188 ] } },
{ "type": "Feature", "properties": { "year": 2026.0, "month": "May", "route": 6.0, "stop_id": "805571", "stop_name": "Marsett Road at Green Hills Drive", "total_boardings": 27, "pct_total_boardings": 0.00021245121490620671, "pct_route_boardings": 0.0014130946773433821, "latitude": 44.36972, "longitude": -73.22888 }, "geometry": { "type": "Point", "coordinates": [ -73.22888, 44.36972 ] } },
{ "type": "Feature", "properties": { "year": 2026.0, "month": "May", "route": 6.0, "stop_id": "805572", "stop_name": "Marsett Road at Maplewood Drive", "total_boardings": 28, "pct_total_boardings": 0.00022031977842125141, "pct_route_boardings": 0.0014654315172449887, "latitude": 44.36992, "longitude": -73.22743 }, "geometry": { "type": "Point", "coordinates": [ -73.22743, 44.36992 ] } },
{ "type": "Feature", "properties": { "year": 2026.0, "month": "May", "route": 6.0, "stop_id": "805573", "stop_name": "Marsett Road at Falls Roadd", "total_boardings": 18, "pct_total_boardings": 0.00014163414327080447, "pct_route_boardings": 0.00094206311822892137, "latitude": 44.370314, "longitude": -73.224723 }, "geometry": { "type": "Point", "coordinates": [ -73.224723, 44.370314 ] } },
{ "type": "Feature", "properties": { "year": 2026.0, "month": "May", "route": 6.0, "stop_id": "805574", "stop_name": "Falls Road at Shelburne Shopping Park", "total_boardings": 193, "pct_total_boardings": 0.0015186327584036259, "pct_route_boardings": 0.010101010101010102, "latitude": 44.37948, "longitude": -73.22692 }, "geometry": { "type": "Point", "coordinates": [ -73.22692, 44.37948 ] } },
{ "type": "Feature", "properties": { "year": 2026.0, "month": "May", "route": 6.0, "stop_id": "805576", "stop_name": "Shelburne Road at Webster Road", "total_boardings": 72, "pct_total_boardings": 0.0005665365730832179, "pct_route_boardings": 0.0037682524729156855, "latitude": 44.38762, "longitude": -73.22465 }, "geometry": { "type": "Point", "coordinates": [ -73.22465, 44.38762 ] } },
{ "type": "Feature", "properties": { "year": 2026.0, "month": "May", "route": 6.0, "stop_id": "805577", "stop_name": "Shelburne Road at Dutch Mill", "total_boardings": 198, "pct_total_boardings": 0.0015579755759788493, "pct_route_boardings": 0.010362694300518135, "latitude": 44.3937, "longitude": -73.22055 }, "geometry": { "type": "Point", "coordinates": [ -73.22055, 44.3937 ] } },
{ "type": "Feature", "properties": { "year": 2026.0, "month": "May", "route": 6.0, "stop_id": "805578", "stop_name": "Shelburne Road at Longmeadow Drive", "total_boardings": 173, "pct_total_boardings": 0.001361261488102732, "pct_route_boardings": 0.0090542733029779655, "latitude": 44.39648, "longitude": -73.21962 }, "geometry": { "type": "Point", "coordinates": [ -73.21962, 44.39648 ] } },
{ "type": "Feature", "properties": { "year": 2026.0, "month": "May", "route": 6.0, "stop_id": "805579", "stop_name": "Shelburne Road at Opposite Tenneybrook", "total_boardings": 44, "pct_total_boardings": 0.00034621679466196649, "pct_route_boardings": 0.0023028209556706968, "latitude": 44.40157, "longitude": -73.218 }, "geometry": { "type": "Point", "coordinates": [ -73.218, 44.40157 ] } },
{ "type": "Feature", "properties": { "year": 2026.0, "month": "May", "route": 6.0, "stop_id": "805580", "stop_name": "Shelburne Road at Opposite Shed Sales Antiques", "total_boardings": 60, "pct_total_boardings": 0.00047211381090268162, "pct_route_boardings": 0.0031402103940964044, "latitude": 44.40338, "longitude": -73.21745 }, "geometry": { "type": "Point", "coordinates": [ -73.21745, 44.40338 ] } },
{ "type": "Feature", "properties": { "year": 2026.0, "month": "May", "route": 6.0, "stop_id": "805581", "stop_name": "Shelburne Road at Executive Drive", "total_boardings": 346, "pct_total_boardings": 0.0027225229762054639, "pct_route_boardings": 0.018108546605955931, "latitude": 44.40637, "longitude": -73.2165 }, "geometry": { "type": "Point", "coordinates": [ -73.2165, 44.40637 ] } },
{ "type": "Feature", "properties": { "year": 2026.0, "month": "May", "route": 6.0, "stop_id": "805583", "stop_name": "Shelburne Road at Hullcrest Road", "total_boardings": 277, "pct_total_boardings": 0.00217959209366738, "pct_route_boardings": 0.014497304652745067, "latitude": 44.41257684917089, "longitude": -73.214456435941372 }, "geometry": { "type": "Point", "coordinates": [ -73.214456435941372, 44.41257684917089 ] } },
{ "type": "Feature", "properties": { "year": 2026.0, "month": "May", "route": 6.0, "stop_id": "805584", "stop_name": "Shelburne Road at Juniper Ridge", "total_boardings": 137, "pct_total_boardings": 0.001077993201561123, "pct_route_boardings": 0.0071701470665201236, "latitude": 44.41375, "longitude": -73.21407 }, "geometry": { "type": "Point", "coordinates": [ -73.21407, 44.41375 ] } },
{ "type": "Feature", "properties": { "year": 2026.0, "month": "May", "route": 6.0, "stop_id": "805585", "stop_name": "Shelburne Road at Martindale Road", "total_boardings": 214, "pct_total_boardings": 0.0016838725922195643, "pct_route_boardings": 0.011200083738943843, "latitude": 44.41737, "longitude": -73.21288 }, "geometry": { "type": "Point", "coordinates": [ -73.21288, 44.41737 ] } },
{ "type": "Feature", "properties": { "year": 2026.0, "month": "May", "route": 6.0, "stop_id": "805586", "stop_name": "Shelburne Road at Locust Hill", "total_boardings": 218, "pct_total_boardings": 0.0017153468462797431, "pct_route_boardings": 0.01140943109855027, "latitude": 44.41945, "longitude": -73.21218 }, "geometry": { "type": "Point", "coordinates": [ -73.21218, 44.41945 ] } },
{ "type": "Feature", "properties": { "year": 2026.0, "month": "May", "route": 6.0, "stop_id": "805587", "stop_name": "Shelburne Road at Allen Road", "total_boardings": 627, "pct_total_boardings": 0.0049335893239330231, "pct_route_boardings": 0.03281519861830743, "latitude": 44.4227, "longitude": -73.21175 }, "geometry": { "type": "Point", "coordinates": [ -73.21175, 44.4227 ] } },
{ "type": "Feature", "properties": { "year": 2026.0, "month": "May", "route": 6.0, "stop_id": "805588", "stop_name": "Shelburne Road at Green Mtn. Drive", "total_boardings": 189, "pct_total_boardings": 0.0014871585043434471, "pct_route_boardings": 0.0098916627414036735, "latitude": 44.42875, "longitude": -73.21112 }, "geometry": { "type": "Point", "coordinates": [ -73.21112, 44.42875 ] } },
{ "type": "Feature", "properties": { "year": 2026.0, "month": "May", "route": 6.0, "stop_id": "805589", "stop_name": "Shelburne Road at IDX Drive", "total_boardings": 156, "pct_total_boardings": 0.0012274959083469722, "pct_route_boardings": 0.0081645470246506507, "latitude": 44.43377, "longitude": -73.21058 }, "geometry": { "type": "Point", "coordinates": [ -73.21058, 44.43377 ] } },
{ "type": "Feature", "properties": { "year": 2026.0, "month": "May", "route": 6.0, "stop_id": "805590", "stop_name": "Shelburne Road at Sleepquarters", "total_boardings": 99, "pct_total_boardings": 0.00077898778798942466, "pct_route_boardings": 0.0051813471502590676, "latitude": 44.4351, "longitude": -73.21048 }, "geometry": { "type": "Point", "coordinates": [ -73.21048, 44.4351 ] } },
{ "type": "Feature", "properties": { "year": 2026.0, "month": "May", "route": 6.0, "stop_id": "805591", "stop_name": "Shelburne Road at MacIntosh Drive", "total_boardings": 211, "pct_total_boardings": 0.0016602669016744303, "pct_route_boardings": 0.011043073219239022, "latitude": 44.43715, "longitude": -73.21028 }, "geometry": { "type": "Point", "coordinates": [ -73.21028, 44.43715 ] } },
{ "type": "Feature", "properties": { "year": 2026.0, "month": "May", "route": 6.0, "stop_id": "805592", "stop_name": "Shelburne Road at Baldwin Avenue", "total_boardings": 466, "pct_total_boardings": 0.0036667505980108274, "pct_route_boardings": 0.024388967394148742, "latitude": 44.438626, "longitude": -73.210108 }, "geometry": { "type": "Point", "coordinates": [ -73.210108, 44.438626 ] } },
{ "type": "Feature", "properties": { "year": 2026.0, "month": "May", "route": 6.0, "stop_id": "805593", "stop_name": "Shelburne Road at Laurel Hill Drive", "total_boardings": 323, "pct_total_boardings": 0.0025415460153594359, "pct_route_boardings": 0.016904799288218978, "latitude": 44.441249, "longitude": -73.20983 }, "geometry": { "type": "Point", "coordinates": [ -73.20983, 44.441249 ] } },
{ "type": "Feature", "properties": { "year": 2026.0, "month": "May", "route": 6.0, "stop_id": "805594", "stop_name": "Shelburne Road at Lindenwood Drive", "total_boardings": 501, "pct_total_boardings": 0.0039421503210373913, "pct_route_boardings": 0.026220756790704979, "latitude": 44.444169, "longitude": -73.209501 }, "geometry": { "type": "Point", "coordinates": [ -73.209501, 44.444169 ] } },
{ "type": "Feature", "properties": { "year": 2026.0, "month": "May", "route": 6.0, "stop_id": "805595", "stop_name": "Shelburne Road at Farrell Street", "total_boardings": 2014, "pct_total_boardings": 0.015847286919300013, "pct_route_boardings": 0.10540639556183598, "latitude": 44.450421, "longitude": -73.208905 }, "geometry": { "type": "Point", "coordinates": [ -73.208905, 44.450421 ] } },
{ "type": "Feature", "properties": { "year": 2026.0, "month": "May", "route": 6.0, "stop_id": "805596", "stop_name": "Shelburne Road at Hadley Road", "total_boardings": 264, "pct_total_boardings": 0.0020773007679717992, "pct_route_boardings": 0.013816925734024179, "latitude": 44.452346, "longitude": -73.208731 }, "geometry": { "type": "Point", "coordinates": [ -73.208731, 44.452346 ] } },
{ "type": "Feature", "properties": { "year": 2026.0, "month": "May", "route": 6.0, "stop_id": "805597", "stop_name": "Shelburne Road at Proctor Avenue", "total_boardings": 250, "pct_total_boardings": 0.0019671408787611732, "pct_route_boardings": 0.013084209975401686, "latitude": 44.454962514117597, "longitude": -73.208439575486196 }, "geometry": { "type": "Point", "coordinates": [ -73.208439575486196, 44.454962514117597 ] } },
{ "type": "Feature", "properties": { "year": 2026.0, "month": "May", "route": 6.0, "stop_id": "805598", "stop_name": "Shelburne Road at Kinney Drugs", "total_boardings": 168, "pct_total_boardings": 0.0013219186705275086, "pct_route_boardings": 0.0087925891034699322, "latitude": 44.456778, "longitude": -73.208325 }, "geometry": { "type": "Point", "coordinates": [ -73.208325, 44.456778 ] } },
{ "type": "Feature", "properties": { "year": 2026.0, "month": "May", "route": 6.0, "stop_id": "805599", "stop_name": "Shelburne Road at Clymer Street", "total_boardings": 102, "pct_total_boardings": 0.00080259347853455876, "pct_route_boardings": 0.0053383576699638875, "latitude": 44.458365, "longitude": -73.208201 }, "geometry": { "type": "Point", "coordinates": [ -73.208201, 44.458365 ] } },
{ "type": "Feature", "properties": { "year": 2026.0, "month": "May", "route": 6.0, "stop_id": "805600", "stop_name": "Shelburne Road at Adams Court", "total_boardings": 197, "pct_total_boardings": 0.0015501070124638045, "pct_route_boardings": 0.010310357460616528, "latitude": 44.4615, "longitude": -73.20788 }, "geometry": { "type": "Point", "coordinates": [ -73.20788, 44.4615 ] } },
{ "type": "Feature", "properties": { "year": 2026.0, "month": "May", "route": 6.0, "stop_id": "805601", "stop_name": "South Union Street at Opposite Saint Paul Street", "total_boardings": 124, "pct_total_boardings": 0.00097570187586554203, "pct_route_boardings": 0.0064897681477992354, "latitude": 44.465356, "longitude": -73.207568 }, "geometry": { "type": "Point", "coordinates": [ -73.207568, 44.465356 ] } },
{ "type": "Feature", "properties": { "year": 2026.0, "month": "May", "route": 6.0, "stop_id": "805602", "stop_name": "S Union Street at Howard Street", "total_boardings": 79, "pct_total_boardings": 0.00062161651768853079, "pct_route_boardings": 0.0041346103522269329, "latitude": 44.4672, "longitude": -73.20783 }, "geometry": { "type": "Point", "coordinates": [ -73.20783, 44.4672 ] } },
{ "type": "Feature", "properties": { "year": 2026.0, "month": "May", "route": 6.0, "stop_id": "805603", "stop_name": "S Union Street at Bayview Court", "total_boardings": 65, "pct_total_boardings": 0.00051145662847790511, "pct_route_boardings": 0.0034018945936044381, "latitude": 44.46843, "longitude": -73.20813 }, "geometry": { "type": "Point", "coordinates": [ -73.20813, 44.46843 ] } },
{ "type": "Feature", "properties": { "year": 2026.0, "month": "May", "route": 6.0, "stop_id": "805604", "stop_name": "S Union Street at Spruce Street", "total_boardings": 57, "pct_total_boardings": 0.00044850812035754752, "pct_route_boardings": 0.0029831998743915841, "latitude": 44.470452, "longitude": -73.208604 }, "geometry": { "type": "Point", "coordinates": [ -73.208604, 44.470452 ] } },
{ "type": "Feature", "properties": { "year": 2026.0, "month": "May", "route": 6.0, "stop_id": "805605", "stop_name": "S Union Street at Maple Street", "total_boardings": 9, "pct_total_boardings": 7.0817071635402237e-05, "pct_route_boardings": 0.00047103155911446069, "latitude": 44.47378, "longitude": -73.2088 }, "geometry": { "type": "Point", "coordinates": [ -73.2088, 44.47378 ] } },
{ "type": "Feature", "properties": { "year": 2026.0, "month": "May", "route": 6.0, "stop_id": "805606", "stop_name": "S Union Street at Opposite King Street", "total_boardings": 12, "pct_total_boardings": 9.4422762180536321e-05, "pct_route_boardings": 0.00062804207881928084, "latitude": 44.47498, "longitude": -73.20885 }, "geometry": { "type": "Point", "coordinates": [ -73.20885, 44.47498 ] } },
{ "type": "Feature", "properties": { "year": 2026.0, "month": "May", "route": 6.0, "stop_id": "805871", "stop_name": "Shelburne Road at Flynn Avenue", "total_boardings": 54, "pct_total_boardings": 0.00042490242981241342, "pct_route_boardings": 0.0028261893546867641, "latitude": 44.455267466135794, "longitude": -73.208617658786977 }, "geometry": { "type": "Point", "coordinates": [ -73.208617658786977, 44.455267466135794 ] } },
{ "type": "Feature", "properties": { "year": 2026.0, "month": "May", "route": 6.0, "stop_id": "805872", "stop_name": "Shelburne Road at Hannaford Drive (Olive Garden)", "total_boardings": 73, "pct_total_boardings": 0.0005744051365982626, "pct_route_boardings": 0.0038205893128172921, "latitude": 44.440723, "longitude": -73.210134 }, "geometry": { "type": "Point", "coordinates": [ -73.210134, 44.440723 ] } },
{ "type": "Feature", "properties": { "year": 2026.0, "month": "May", "route": 6.0, "stop_id": "805873", "stop_name": "Shelburne Road at Opposite Baldwin Avenue", "total_boardings": 76, "pct_total_boardings": 0.00059801082714339669, "pct_route_boardings": 0.0039775998325221121, "latitude": 44.438538, "longitude": -73.210366 }, "geometry": { "type": "Point", "coordinates": [ -73.210366, 44.438538 ] } },
{ "type": "Feature", "properties": { "year": 2026.0, "month": "May", "route": 6.0, "stop_id": "805876", "stop_name": "S Union Street at Opposite Bayview Street", "total_boardings": 95, "pct_total_boardings": 0.00074751353392924587, "pct_route_boardings": 0.0049719997906526401, "latitude": 44.4685615194674, "longitude": -73.208303755418299 }, "geometry": { "type": "Point", "coordinates": [ -73.208303755418299, 44.4685615194674 ] } },
{ "type": "Feature", "properties": { "year": 2026.0, "month": "May", "route": 6.0, "stop_id": "805889", "stop_name": "Falls Road at LaPlatte Circle", "total_boardings": 105, "pct_total_boardings": 0.00082619916907969286, "pct_route_boardings": 0.0054953681896687074, "latitude": 44.3722, "longitude": -73.22502 }, "geometry": { "type": "Point", "coordinates": [ -73.22502, 44.3722 ] } },
{ "type": "Feature", "properties": { "year": 2026.0, "month": "May", "route": 6.0, "stop_id": "805906", "stop_name": "S. Winooski Avenue at King Street", "total_boardings": 717, "pct_total_boardings": 0.0056417600402870454, "pct_route_boardings": 0.037525514209452035, "latitude": 44.475317956005064, "longitude": -73.21098945119671 }, "geometry": { "type": "Point", "coordinates": [ -73.21098945119671, 44.475317956005064 ] } },
{ "type": "Feature", "properties": { "year": 2026.0, "month": "May", "route": 6.0, "stop_id": "805907", "stop_name": "Shelburne Road at Harbor Road", "total_boardings": 10, "pct_total_boardings": 7.8685635150446936e-05, "pct_route_boardings": 0.00052336839901606744, "latitude": 44.380805, "longitude": -73.227544 }, "geometry": { "type": "Point", "coordinates": [ -73.227544, 44.380805 ] } },
{ "type": "Feature", "properties": { "year": 2026.0, "month": "May", "route": 6.0, "stop_id": "805908", "stop_name": "Maple Street at Union Street", "total_boardings": 424, "pct_total_boardings": 0.0033362709303789502, "pct_route_boardings": 0.02219082011828126, "latitude": 44.47377, "longitude": -73.20912 }, "geometry": { "type": "Point", "coordinates": [ -73.20912, 44.47377 ] } },
{ "type": "Feature", "properties": { "year": 2026.0, "month": "May", "route": 6.0, "stop_id": "805911", "stop_name": "Shelburne Road at Alfred Street", "total_boardings": 185, "pct_total_boardings": 0.0014556842502832683, "pct_route_boardings": 0.009682315381797247, "latitude": 44.459642, "longitude": -73.20808 }, "geometry": { "type": "Point", "coordinates": [ -73.20808, 44.459642 ] } },
{ "type": "Feature", "properties": { "year": 2026.0, "month": "May", "route": 6.0, "stop_id": "805912", "stop_name": "Vermont Teddy Bear Factory", "total_boardings": 1, "pct_total_boardings": 7.8685635150446939e-06, "pct_route_boardings": 5.2336839901606741e-05, "latitude": 44.36152, "longitude": -73.23055 }, "geometry": { "type": "Point", "coordinates": [ -73.23055, 44.36152 ] } },
{ "type": "Feature", "properties": { "year": 2026.0, "month": "May", "route": 6.0, "stop_id": "806011", "stop_name": "Cherry Street at Opposite 3 Cathedral Square", "total_boardings": 1, "pct_total_boardings": 7.8685635150446939e-06, "pct_route_boardings": 5.2336839901606741e-05, "latitude": 44.479106, "longitude": -73.217703 }, "geometry": { "type": "Point", "coordinates": [ -73.217703, 44.479106 ] } },
{ "type": "Feature", "properties": { "year": 2026.0, "month": "May", "route": 6.0, "stop_id": "806025", "stop_name": "Shelburne Road at Bostwick Road", "total_boardings": 60, "pct_total_boardings": 0.00047211381090268162, "pct_route_boardings": 0.0031402103940964044, "latitude": 44.36995, "longitude": -73.23162 }, "geometry": { "type": "Point", "coordinates": [ -73.23162, 44.36995 ] } },
{ "type": "Feature", "properties": { "year": 2026.0, "month": "May", "route": 6.0, "stop_id": "806028", "stop_name": "Shelburne Road at Opposite Webster Road (Office Park)", "total_boardings": 6, "pct_total_boardings": 4.721138109026816e-05, "pct_route_boardings": 0.00031402103940964042, "latitude": 44.38795, "longitude": -73.22467 }, "geometry": { "type": "Point", "coordinates": [ -73.22467, 44.38795 ] } },
{ "type": "Feature", "properties": { "year": 2026.0, "month": "May", "route": 6.0, "stop_id": "806041", "stop_name": "5224 Shelburne Road", "total_boardings": 14, "pct_total_boardings": 0.00011015988921062571, "pct_route_boardings": 0.00073271575862249435, "latitude": 44.381457, "longitude": -73.227305 }, "geometry": { "type": "Point", "coordinates": [ -73.227305, 44.381457 ] } },
{ "type": "Feature", "properties": { "year": 2026.0, "month": "May", "route": 6.0, "stop_id": "820638", "stop_name": "Shelburne Road at Locust Street", "total_boardings": 88, "pct_total_boardings": 0.00069243358932393297, "pct_route_boardings": 0.0046056419113413936, "latitude": 44.463741453424014, "longitude": -73.207865710359897 }, "geometry": { "type": "Point", "coordinates": [ -73.207865710359897, 44.463741453424014 ] } },
{ "type": "Feature", "properties": { "year": 2026.0, "month": "May", "route": 7.0, "stop_id": "2530430", "stop_name": "Northgate", "total_boardings": 111, "pct_total_boardings": 0.00087341055016996094, "pct_route_boardings": 0.0051450820432001479, "latitude": 44.520183531733551, "longitude": -73.264744240753956 }, "geometry": { "type": "Point", "coordinates": [ -73.264744240753956, 44.520183531733551 ] } },
{ "type": "Feature", "properties": { "year": 2026.0, "month": "May", "route": 7.0, "stop_id": "2562322", "stop_name": "Downtown Transit Center", "total_boardings": 5716, "pct_total_boardings": 0.044976709051995467, "pct_route_boardings": 0.264948549179568, "latitude": 44.479731, "longitude": -73.214298 }, "geometry": { "type": "Point", "coordinates": [ -73.214298, 44.479731 ] } },
{ "type": "Feature", "properties": { "year": 2026.0, "month": "May", "route": 7.0, "stop_id": "2734696", "stop_name": "Downtown BHS", "total_boardings": 917, "pct_total_boardings": 0.0072154727432959835, "pct_route_boardings": 0.042504866969500323, "latitude": 44.479136394041511, "longitude": -73.216444672632022 }, "geometry": { "type": "Point", "coordinates": [ -73.216444672632022, 44.479136394041511 ] } },
{ "type": "Feature", "properties": { "year": 2026.0, "month": "May", "route": 7.0, "stop_id": "805607", "stop_name": "Pearl Street at Elmwood Avenue", "total_boardings": 15, "pct_total_boardings": 0.0001180284527256704, "pct_route_boardings": 0.00069528135718920927, "latitude": 44.480451, "longitude": -73.213722 }, "geometry": { "type": "Point", "coordinates": [ -73.213722, 44.480451 ] } },
{ "type": "Feature", "properties": { "year": 2026.0, "month": "May", "route": 7.0, "stop_id": "805610", "stop_name": "North Street at Elmwood Avenue", "total_boardings": 357, "pct_total_boardings": 0.0028090771748709555, "pct_route_boardings": 0.016547696301103181, "latitude": 44.48478, "longitude": -73.21363 }, "geometry": { "type": "Point", "coordinates": [ -73.21363, 44.48478 ] } },
{ "type": "Feature", "properties": { "year": 2026.0, "month": "May", "route": 7.0, "stop_id": "805669", "stop_name": "North Street at Opposite Murray Street", "total_boardings": 356, "pct_total_boardings": 0.0028012086113559107, "pct_route_boardings": 0.016501344210623898, "latitude": 44.48468, "longitude": -73.21585 }, "geometry": { "type": "Point", "coordinates": [ -73.21585, 44.48468 ] } },
{ "type": "Feature", "properties": { "year": 2026.0, "month": "May", "route": 7.0, "stop_id": "805670", "stop_name": "North Street at N. Champlain Street", "total_boardings": 306, "pct_total_boardings": 0.0024077804356036764, "pct_route_boardings": 0.014183739686659869, "latitude": 44.48464, "longitude": -73.21755 }, "geometry": { "type": "Point", "coordinates": [ -73.21755, 44.48464 ] } },
{ "type": "Feature", "properties": { "year": 2026.0, "month": "May", "route": 7.0, "stop_id": "805671", "stop_name": "North Street at Blodgett Street", "total_boardings": 225, "pct_total_boardings": 0.0017704267908850561, "pct_route_boardings": 0.010429220357838139, "latitude": 44.48448, "longitude": -73.22113 }, "geometry": { "type": "Point", "coordinates": [ -73.22113, 44.48448 ] } },
{ "type": "Feature", "properties": { "year": 2026.0, "month": "May", "route": 7.0, "stop_id": "805672", "stop_name": "North Avenue at Strong Street", "total_boardings": 197, "pct_total_boardings": 0.0015501070124638045, "pct_route_boardings": 0.0091313618244182812, "latitude": 44.48555, "longitude": -73.22318 }, "geometry": { "type": "Point", "coordinates": [ -73.22318, 44.48555 ] } },
{ "type": "Feature", "properties": { "year": 2026.0, "month": "May", "route": 7.0, "stop_id": "805673", "stop_name": "North Avenue at Washington Street", "total_boardings": 190, "pct_total_boardings": 0.0014950270678584917, "pct_route_boardings": 0.0088068971910633172, "latitude": 44.48783, "longitude": -73.22497 }, "geometry": { "type": "Point", "coordinates": [ -73.22497, 44.48783 ] } },
{ "type": "Feature", "properties": { "year": 2026.0, "month": "May", "route": 7.0, "stop_id": "805675", "stop_name": "North Ave at Opposite Cambrian Rise", "total_boardings": 195, "pct_total_boardings": 0.0015343698854337151, "pct_route_boardings": 0.0090386576434597198, "latitude": 44.490374789966715, "longitude": -73.226944982909245 }, "geometry": { "type": "Point", "coordinates": [ -73.226944982909245, 44.490374789966715 ] } },
{ "type": "Feature", "properties": { "year": 2026.0, "month": "May", "route": 7.0, "stop_id": "805676", "stop_name": "North Avenue at Opposite Lakeview Cem.", "total_boardings": 84, "pct_total_boardings": 0.00066095933526375428, "pct_route_boardings": 0.0038935756002595719, "latitude": 44.49305, "longitude": -73.22907 }, "geometry": { "type": "Point", "coordinates": [ -73.22907, 44.49305 ] } },
{ "type": "Feature", "properties": { "year": 2026.0, "month": "May", "route": 7.0, "stop_id": "805677", "stop_name": "Opposite Burlington High School", "total_boardings": 158, "pct_total_boardings": 0.0012432330353770616, "pct_route_boardings": 0.0073236302957263369, "latitude": 44.49637, "longitude": -73.23165 }, "geometry": { "type": "Point", "coordinates": [ -73.23165, 44.49637 ] } },
{ "type": "Feature", "properties": { "year": 2026.0, "month": "May", "route": 7.0, "stop_id": "805678", "stop_name": "North Avenue at Beltline", "total_boardings": 21, "pct_total_boardings": 0.00016523983381593857, "pct_route_boardings": 0.00097339390006489297, "latitude": 44.50003, "longitude": -73.23538 }, "geometry": { "type": "Point", "coordinates": [ -73.23538, 44.50003 ] } },
{ "type": "Feature", "properties": { "year": 2026.0, "month": "May", "route": 7.0, "stop_id": "805679", "stop_name": "North Avenue at Saratoga Avenue", "total_boardings": 12, "pct_total_boardings": 9.4422762180536321e-05, "pct_route_boardings": 0.00055622508575136741, "latitude": 44.502521, "longitude": -73.238743 }, "geometry": { "type": "Point", "coordinates": [ -73.238743, 44.502521 ] } },
{ "type": "Feature", "properties": { "year": 2026.0, "month": "May", "route": 7.0, "stop_id": "805680", "stop_name": "North Avenue at Village Green", "total_boardings": 21, "pct_total_boardings": 0.00016523983381593857, "pct_route_boardings": 0.00097339390006489297, "latitude": 44.503302, "longitude": -73.239826 }, "geometry": { "type": "Point", "coordinates": [ -73.239826, 44.503302 ] } },
{ "type": "Feature", "properties": { "year": 2026.0, "month": "May", "route": 7.0, "stop_id": "805681", "stop_name": "North Avenue at Rite Aid", "total_boardings": 124, "pct_total_boardings": 0.00097570187586554203, "pct_route_boardings": 0.005747659219430796, "latitude": 44.50468, "longitude": -73.24163 }, "geometry": { "type": "Point", "coordinates": [ -73.24163, 44.50468 ] } },
{ "type": "Feature", "properties": { "year": 2026.0, "month": "May", "route": 7.0, "stop_id": "805682", "stop_name": "Opposite Ethan Allen Shopping Center", "total_boardings": 437, "pct_total_boardings": 0.003438562256074531, "pct_route_boardings": 0.020255863539445629, "latitude": 44.506693071031577, "longitude": -73.244366678573783 }, "geometry": { "type": "Point", "coordinates": [ -73.244366678573783, 44.506693071031577 ] } },
{ "type": "Feature", "properties": { "year": 2026.0, "month": "May", "route": 7.0, "stop_id": "805683", "stop_name": "North Avenue at Poirier Place", "total_boardings": 155, "pct_total_boardings": 0.0012196273448319276, "pct_route_boardings": 0.0071845740242884957, "latitude": 44.508373, "longitude": -73.2467 }, "geometry": { "type": "Point", "coordinates": [ -73.2467, 44.508373 ] } },
{ "type": "Feature", "properties": { "year": 2026.0, "month": "May", "route": 7.0, "stop_id": "805684", "stop_name": "North Avenue at Heineberg Road", "total_boardings": 170, "pct_total_boardings": 0.001337655797557598, "pct_route_boardings": 0.0078798553814777052, "latitude": 44.509442, "longitude": -73.248161 }, "geometry": { "type": "Point", "coordinates": [ -73.248161, 44.509442 ] } },
{ "type": "Feature", "properties": { "year": 2026.0, "month": "May", "route": 7.0, "stop_id": "805685", "stop_name": "North Avenue at Gosse Court", "total_boardings": 246, "pct_total_boardings": 0.0019356666247009947, "pct_route_boardings": 0.011402614257903031, "latitude": 44.51062, "longitude": -73.24977 }, "geometry": { "type": "Point", "coordinates": [ -73.24977, 44.51062 ] } },
{ "type": "Feature", "properties": { "year": 2026.0, "month": "May", "route": 7.0, "stop_id": "805686", "stop_name": "North Avenue at Bessery Market", "total_boardings": 587, "pct_total_boardings": 0.0046188467833312352, "pct_route_boardings": 0.027208677111337721, "latitude": 44.51227, "longitude": -73.25198 }, "geometry": { "type": "Point", "coordinates": [ -73.25198, 44.51227 ] } },
{ "type": "Feature", "properties": { "year": 2026.0, "month": "May", "route": 7.0, "stop_id": "805687", "stop_name": "North Avenue at Edgemoor Drive", "total_boardings": 287, "pct_total_boardings": 0.0022582777288178272, "pct_route_boardings": 0.013303049967553536, "latitude": 44.51292, "longitude": -73.25287 }, "geometry": { "type": "Point", "coordinates": [ -73.25287, 44.51292 ] } },
{ "type": "Feature", "properties": { "year": 2026.0, "month": "May", "route": 7.0, "stop_id": "805688", "stop_name": "North Avenue at Cayuga Court", "total_boardings": 226, "pct_total_boardings": 0.0017782953544001007, "pct_route_boardings": 0.010475572448317419, "latitude": 44.51372, "longitude": -73.25393 }, "geometry": { "type": "Point", "coordinates": [ -73.25393, 44.51372 ] } },
{ "type": "Feature", "properties": { "year": 2026.0, "month": "May", "route": 7.0, "stop_id": "805689", "stop_name": "North Avenue at Birch Court", "total_boardings": 335, "pct_total_boardings": 0.0026359687775399723, "pct_route_boardings": 0.015527950310559006, "latitude": 44.51433, "longitude": -73.25475 }, "geometry": { "type": "Point", "coordinates": [ -73.25475, 44.51433 ] } },
{ "type": "Feature", "properties": { "year": 2026.0, "month": "May", "route": 7.0, "stop_id": "805690", "stop_name": "North Avenue at Franklin Sq.", "total_boardings": 619, "pct_total_boardings": 0.0048706408158126656, "pct_route_boardings": 0.028691944006674699, "latitude": 44.515150248912775, "longitude": -73.25586414915972 }, "geometry": { "type": "Point", "coordinates": [ -73.25586414915972, 44.515150248912775 ] } },
{ "type": "Feature", "properties": { "year": 2026.0, "month": "May", "route": 7.0, "stop_id": "805692", "stop_name": "North Avenue at Morgan Street", "total_boardings": 98, "pct_total_boardings": 0.00077111922447437996, "pct_route_boardings": 0.0045425048669695007, "latitude": 44.52015, "longitude": -73.26265 }, "geometry": { "type": "Point", "coordinates": [ -73.26265, 44.52015 ] } },
{ "type": "Feature", "properties": { "year": 2026.0, "month": "May", "route": 7.0, "stop_id": "805693", "stop_name": "North Avenue at Forest Street", "total_boardings": 35, "pct_total_boardings": 0.00027539972302656425, "pct_route_boardings": 0.0016223231667748216, "latitude": 44.52082, "longitude": -73.26357 }, "geometry": { "type": "Point", "coordinates": [ -73.26357, 44.52082 ] } },
{ "type": "Feature", "properties": { "year": 2026.0, "month": "May", "route": 7.0, "stop_id": "805695", "stop_name": "North Avenue at Northgate Road", "total_boardings": 1211, "pct_total_boardings": 0.009528830416719123, "pct_route_boardings": 0.056132381570408826, "latitude": 44.520598660747737, "longitude": -73.263431391254628 }, "geometry": { "type": "Point", "coordinates": [ -73.263431391254628, 44.520598660747737 ] } },
{ "type": "Feature", "properties": { "year": 2026.0, "month": "May", "route": 7.0, "stop_id": "805696", "stop_name": "North Avenue at Opposite Algird Street", "total_boardings": 359, "pct_total_boardings": 0.0028248143019010451, "pct_route_boardings": 0.016640400482061741, "latitude": 44.51935, "longitude": -73.26173 }, "geometry": { "type": "Point", "coordinates": [ -73.26173, 44.51935 ] } },
{ "type": "Feature", "properties": { "year": 2026.0, "month": "May", "route": 7.0, "stop_id": "805697", "stop_name": "North Avenue at Browe Court", "total_boardings": 161, "pct_total_boardings": 0.0012668387259221956, "pct_route_boardings": 0.007462686567164179, "latitude": 44.51855, "longitude": -73.26067 }, "geometry": { "type": "Point", "coordinates": [ -73.26067, 44.51855 ] } },
{ "type": "Feature", "properties": { "year": 2026.0, "month": "May", "route": 7.0, "stop_id": "805698", "stop_name": "North Avenue at Starr Farm Road", "total_boardings": 540, "pct_total_boardings": 0.0042490242981241344, "pct_route_boardings": 0.025030128858811531, "latitude": 44.5172, "longitude": -73.25882 }, "geometry": { "type": "Point", "coordinates": [ -73.25882, 44.5172 ] } },
{ "type": "Feature", "properties": { "year": 2026.0, "month": "May", "route": 7.0, "stop_id": "805699", "stop_name": "North Avenue at Loaldo Drive", "total_boardings": 266, "pct_total_boardings": 0.0020930378950018884, "pct_route_boardings": 0.012329656067488644, "latitude": 44.514866461736659, "longitude": -73.255756268423283 }, "geometry": { "type": "Point", "coordinates": [ -73.255756268423283, 44.514866461736659 ] } },
{ "type": "Feature", "properties": { "year": 2026.0, "month": "May", "route": 7.0, "stop_id": "805700", "stop_name": "North Avenue at Cross Parkway", "total_boardings": 134, "pct_total_boardings": 0.001054387511015989, "pct_route_boardings": 0.0062111801242236021, "latitude": 44.513275913645238, "longitude": -73.2535893886282 }, "geometry": { "type": "Point", "coordinates": [ -73.2535893886282, 44.513275913645238 ] } },
{ "type": "Feature", "properties": { "year": 2026.0, "month": "May", "route": 7.0, "stop_id": "805701", "stop_name": "North Avenue at Staniford Road", "total_boardings": 220, "pct_total_boardings": 0.0017310839733098325, "pct_route_boardings": 0.010197459905441736, "latitude": 44.512482637184064, "longitude": -73.252490889472824 }, "geometry": { "type": "Point", "coordinates": [ -73.252490889472824, 44.512482637184064 ] } },
{ "type": "Feature", "properties": { "year": 2026.0, "month": "May", "route": 7.0, "stop_id": "805702", "stop_name": "North Avenue at Woodbury Road", "total_boardings": 251, "pct_total_boardings": 0.001975009442276218, "pct_route_boardings": 0.011634374710299435, "latitude": 44.51177, "longitude": -73.2515 }, "geometry": { "type": "Point", "coordinates": [ -73.2515, 44.51177 ] } },
{ "type": "Feature", "properties": { "year": 2026.0, "month": "May", "route": 7.0, "stop_id": "805703", "stop_name": "North Avenue at Dodds Court", "total_boardings": 274, "pct_total_boardings": 0.002155986403122246, "pct_route_boardings": 0.012700472791322888, "latitude": 44.510541541785194, "longitude": -73.249894477643181 }, "geometry": { "type": "Point", "coordinates": [ -73.249894477643181, 44.510541541785194 ] } },
{ "type": "Feature", "properties": { "year": 2026.0, "month": "May", "route": 7.0, "stop_id": "805704", "stop_name": "North Avenue at Shore Road", "total_boardings": 226, "pct_total_boardings": 0.0017782953544001007, "pct_route_boardings": 0.010475572448317419, "latitude": 44.509482, "longitude": -73.248476 }, "geometry": { "type": "Point", "coordinates": [ -73.248476, 44.509482 ] } },
{ "type": "Feature", "properties": { "year": 2026.0, "month": "May", "route": 7.0, "stop_id": "805705", "stop_name": "North Avenue at Dept. Motor Vehicles", "total_boardings": 350, "pct_total_boardings": 0.0027539972302656427, "pct_route_boardings": 0.016223231667748216, "latitude": 44.508268, "longitude": -73.246789 }, "geometry": { "type": "Point", "coordinates": [ -73.246789, 44.508268 ] } },
{ "type": "Feature", "properties": { "year": 2026.0, "month": "May", "route": 7.0, "stop_id": "805706", "stop_name": "Ethan Allen Shopping Center", "total_boardings": 871, "pct_total_boardings": 0.0068535188216039284, "pct_route_boardings": 0.040372670807453416, "latitude": 44.506523, "longitude": -73.244415 }, "geometry": { "type": "Point", "coordinates": [ -73.244415, 44.506523 ] } },
{ "type": "Feature", "properties": { "year": 2026.0, "month": "May", "route": 7.0, "stop_id": "805707", "stop_name": "North Avenue at Lakewood Parkway", "total_boardings": 340, "pct_total_boardings": 0.0026753115951151959, "pct_route_boardings": 0.01575971076295541, "latitude": 44.504869, "longitude": -73.242206 }, "geometry": { "type": "Point", "coordinates": [ -73.242206, 44.504869 ] } },
{ "type": "Feature", "properties": { "year": 2026.0, "month": "May", "route": 7.0, "stop_id": "805708", "stop_name": "North Avenue at Killarney Drive", "total_boardings": 139, "pct_total_boardings": 0.0010937303285912124, "pct_route_boardings": 0.0064429405766200055, "latitude": 44.503349, "longitude": -73.240156 }, "geometry": { "type": "Point", "coordinates": [ -73.240156, 44.503349 ] } },
{ "type": "Feature", "properties": { "year": 2026.0, "month": "May", "route": 7.0, "stop_id": "805709", "stop_name": "North Avenue at Oppostie Saratoga Ave. (Elk's Lodge)", "total_boardings": 103, "pct_total_boardings": 0.00081046204204960346, "pct_route_boardings": 0.0047742653193659033, "latitude": 44.50261, "longitude": -73.239132 }, "geometry": { "type": "Point", "coordinates": [ -73.239132, 44.50261 ] } },
{ "type": "Feature", "properties": { "year": 2026.0, "month": "May", "route": 7.0, "stop_id": "805710", "stop_name": "North Avenue at Route 127", "total_boardings": 32, "pct_total_boardings": 0.00025179403248143021, "pct_route_boardings": 0.0014832668953369797, "latitude": 44.501077, "longitude": -73.237206 }, "geometry": { "type": "Point", "coordinates": [ -73.237206, 44.501077 ] } },
{ "type": "Feature", "properties": { "year": 2026.0, "month": "May", "route": 7.0, "stop_id": "805711", "stop_name": "Burlington High School", "total_boardings": 226, "pct_total_boardings": 0.0017782953544001007, "pct_route_boardings": 0.010475572448317419, "latitude": 44.49689546757881, "longitude": -73.232354974159364 }, "geometry": { "type": "Point", "coordinates": [ -73.232354974159364, 44.49689546757881 ] } },
{ "type": "Feature", "properties": { "year": 2026.0, "month": "May", "route": 7.0, "stop_id": "805713", "stop_name": "North Ave at Cambrian Rise", "total_boardings": 447, "pct_total_boardings": 0.0035172478912249778, "pct_route_boardings": 0.020719384444238435, "latitude": 44.489779761483717, "longitude": -73.226694591317667 }, "geometry": { "type": "Point", "coordinates": [ -73.226694591317667, 44.489779761483717 ] } },
{ "type": "Feature", "properties": { "year": 2026.0, "month": "May", "route": 7.0, "stop_id": "805715", "stop_name": "North Avenue at Berry Street", "total_boardings": 122, "pct_total_boardings": 0.00095996474883545263, "pct_route_boardings": 0.0056549550384722355, "latitude": 44.487623, "longitude": -73.224958 }, "geometry": { "type": "Point", "coordinates": [ -73.224958, 44.487623 ] } },
{ "type": "Feature", "properties": { "year": 2026.0, "month": "May", "route": 7.0, "stop_id": "805716", "stop_name": "North Avenue at Opposite Ward Street", "total_boardings": 44, "pct_total_boardings": 0.00034621679466196649, "pct_route_boardings": 0.0020394919810883469, "latitude": 44.486342, "longitude": -73.223938 }, "geometry": { "type": "Point", "coordinates": [ -73.223938, 44.486342 ] } },
{ "type": "Feature", "properties": { "year": 2026.0, "month": "May", "route": 7.0, "stop_id": "805717", "stop_name": "North Avenue at Canfield Street", "total_boardings": 84, "pct_total_boardings": 0.00066095933526375428, "pct_route_boardings": 0.0038935756002595719, "latitude": 44.48527, "longitude": -73.2231 }, "geometry": { "type": "Point", "coordinates": [ -73.2231, 44.48527 ] } },
{ "type": "Feature", "properties": { "year": 2026.0, "month": "May", "route": 7.0, "stop_id": "805718", "stop_name": "North Street at Front Street", "total_boardings": 149, "pct_total_boardings": 0.0011724159637416594, "pct_route_boardings": 0.0069064614814128115, "latitude": 44.484442, "longitude": -73.220842 }, "geometry": { "type": "Point", "coordinates": [ -73.220842, 44.484442 ] } },
{ "type": "Feature", "properties": { "year": 2026.0, "month": "May", "route": 7.0, "stop_id": "805719", "stop_name": "North Street at N. Champlain Street", "total_boardings": 95, "pct_total_boardings": 0.00074751353392924587, "pct_route_boardings": 0.0044034485955316586, "latitude": 44.484544914360399, "longitude": -73.218103611263416 }, "geometry": { "type": "Point", "coordinates": [ -73.218103611263416, 44.484544914360399 ] } },
{ "type": "Feature", "properties": { "year": 2026.0, "month": "May", "route": 7.0, "stop_id": "805720", "stop_name": "North Street at Murray Street", "total_boardings": 86, "pct_total_boardings": 0.00067669646229384368, "pct_route_boardings": 0.0039862797812181333, "latitude": 44.48462, "longitude": -73.216134 }, "geometry": { "type": "Point", "coordinates": [ -73.216134, 44.48462 ] } },
{ "type": "Feature", "properties": { "year": 2026.0, "month": "May", "route": 7.0, "stop_id": "805721", "stop_name": "North Street at Elmwood Avenue", "total_boardings": 54, "pct_total_boardings": 0.00042490242981241342, "pct_route_boardings": 0.0025030128858811534, "latitude": 44.484724, "longitude": -73.213421 }, "geometry": { "type": "Point", "coordinates": [ -73.213421, 44.484724 ] } },
{ "type": "Feature", "properties": { "year": 2026.0, "month": "May", "route": 7.0, "stop_id": "805722", "stop_name": "No. Winooski Avenue at Grant Street", "total_boardings": 17, "pct_total_boardings": 0.00013376557975575977, "pct_route_boardings": 0.00078798553814777043, "latitude": 44.48238, "longitude": -73.21138 }, "geometry": { "type": "Point", "coordinates": [ -73.21138, 44.48238 ] } },
{ "type": "Feature", "properties": { "year": 2026.0, "month": "May", "route": 7.0, "stop_id": "805879", "stop_name": "North Avenue at Algird Street", "total_boardings": 89, "pct_total_boardings": 0.00070030215283897767, "pct_route_boardings": 0.0041253360526559745, "latitude": 44.51945, "longitude": -73.26172 }, "geometry": { "type": "Point", "coordinates": [ -73.26172, 44.51945 ] } },
{ "type": "Feature", "properties": { "year": 2026.0, "month": "May", "route": 7.0, "stop_id": "805880", "stop_name": "North Avenue at Green Acres Drive", "total_boardings": 114, "pct_total_boardings": 0.00089701624071509504, "pct_route_boardings": 0.00528413831463799, "latitude": 44.513835541321122, "longitude": -73.254339107193573 }, "geometry": { "type": "Point", "coordinates": [ -73.254339107193573, 44.513835541321122 ] } },
{ "type": "Feature", "properties": { "year": 2026.0, "month": "May", "route": 7.0, "stop_id": "805881", "stop_name": "North Street at N. Winooski Avenue", "total_boardings": 70, "pct_total_boardings": 0.0005507994460531285, "pct_route_boardings": 0.0032446463335496431, "latitude": 44.484763, "longitude": -73.21159 }, "geometry": { "type": "Point", "coordinates": [ -73.21159, 44.484763 ] } },
{ "type": "Feature", "properties": { "year": 2026.0, "month": "May", "route": 7.0, "stop_id": "805949", "stop_name": "N Union Street at Pearl Street", "total_boardings": 427, "pct_total_boardings": 0.0033598766209240842, "pct_route_boardings": 0.019792342634652824, "latitude": 44.48083, "longitude": -73.2093 }, "geometry": { "type": "Point", "coordinates": [ -73.2093, 44.48083 ] } },
{ "type": "Feature", "properties": { "year": 2026.0, "month": "May", "route": 7.0, "stop_id": "805950", "stop_name": "N Union Street at Loomis Street", "total_boardings": 220, "pct_total_boardings": 0.0017310839733098325, "pct_route_boardings": 0.010197459905441736, "latitude": 44.48292, "longitude": -73.20945 }, "geometry": { "type": "Point", "coordinates": [ -73.20945, 44.48292 ] } },
{ "type": "Feature", "properties": { "year": 2026.0, "month": "May", "route": 7.0, "stop_id": "805951", "stop_name": "N Union Street at North Street", "total_boardings": 118, "pct_total_boardings": 0.00092849049477527383, "pct_route_boardings": 0.0054695466765551128, "latitude": 44.48458, "longitude": -73.20957 }, "geometry": { "type": "Point", "coordinates": [ -73.20957, 44.48458 ] } },
{ "type": "Feature", "properties": { "year": 2026.0, "month": "May", "route": 7.0, "stop_id": "805952", "stop_name": "North Street at N Winooski Avenue", "total_boardings": 120, "pct_total_boardings": 0.00094422762180536323, "pct_route_boardings": 0.0055622508575136741, "latitude": 44.48485, "longitude": -73.21115 }, "geometry": { "type": "Point", "coordinates": [ -73.21115, 44.48485 ] } },
{ "type": "Feature", "properties": { "year": 2026.0, "month": "May", "route": 7.0, "stop_id": "805953", "stop_name": "North Avenue at Barley Road", "total_boardings": 201, "pct_total_boardings": 0.0015815812665239833, "pct_route_boardings": 0.009316770186335404, "latitude": 44.51807, "longitude": -73.25985 }, "geometry": { "type": "Point", "coordinates": [ -73.25985, 44.51807 ] } },
{ "type": "Feature", "properties": { "year": 2026.0, "month": "May", "route": 7.0, "stop_id": "805954", "stop_name": "Pearl Street at N Winooski Avenue", "total_boardings": 314, "pct_total_boardings": 0.0024707289437240335, "pct_route_boardings": 0.014554556410494114, "latitude": 44.48046, "longitude": -73.21053 }, "geometry": { "type": "Point", "coordinates": [ -73.21053, 44.48046 ] } },
{ "type": "Feature", "properties": { "year": 2026.0, "month": "May", "route": 7.0, "stop_id": "805955", "stop_name": "Burlington High School Circle", "total_boardings": 73, "pct_total_boardings": 0.0005744051365982626, "pct_route_boardings": 0.0033837026049874847, "latitude": 44.4973299, "longitude": -73.233234 }, "geometry": { "type": "Point", "coordinates": [ -73.233234, 44.4973299 ] } },
{ "type": "Feature", "properties": { "year": 2026.0, "month": "May", "route": 7.0, "stop_id": "805956", "stop_name": "North Avenue at Tracy Drive", "total_boardings": 535, "pct_total_boardings": 0.0042096814805489113, "pct_route_boardings": 0.024798368406415128, "latitude": 44.515908420590399, "longitude": -73.257145737964436 }, "geometry": { "type": "Point", "coordinates": [ -73.257145737964436, 44.515908420590399 ] } },
{ "type": "Feature", "properties": { "year": 2026.0, "month": "May", "route": 7.0, "stop_id": "805993", "stop_name": "North Avenue at Lakeview Cemetery", "total_boardings": 101, "pct_total_boardings": 0.00079472491501951406, "pct_route_boardings": 0.0046815611384073419, "latitude": 44.492721535987414, "longitude": -73.228979980701013 }, "geometry": { "type": "Point", "coordinates": [ -73.228979980701013, 44.492721535987414 ] } },
{ "type": "Feature", "properties": { "year": 2026.0, "month": "May", "route": 7.0, "stop_id": "805994", "stop_name": "North Street at Park Street", "total_boardings": 88, "pct_total_boardings": 0.00069243358932393297, "pct_route_boardings": 0.0040789839621766938, "latitude": 44.484472, "longitude": -73.21905 }, "geometry": { "type": "Point", "coordinates": [ -73.21905, 44.484472 ] } },
{ "type": "Feature", "properties": { "year": 2026.0, "month": "May", "route": 7.0, "stop_id": "806009", "stop_name": "Heineberg Housing", "total_boardings": 68, "pct_total_boardings": 0.0005350623190230391, "pct_route_boardings": 0.0031519421525910817, "latitude": 44.5107483, "longitude": -73.246847 }, "geometry": { "type": "Point", "coordinates": [ -73.246847, 44.5107483 ] } },
{ "type": "Feature", "properties": { "year": 2026.0, "month": "May", "route": 7.0, "stop_id": "806071", "stop_name": "North Avenue at N of Institute Road", "total_boardings": 35, "pct_total_boardings": 0.00027539972302656425, "pct_route_boardings": 0.0016223231667748216, "latitude": 44.498863877725697, "longitude": -73.23408881833916 }, "geometry": { "type": "Point", "coordinates": [ -73.23408881833916, 44.498863877725697 ] } },
{ "type": "Feature", "properties": { "year": 2026.0, "month": "May", "route": 8.0, "stop_id": "2556011", "stop_name": "N Champlain Street and Peru Street", "total_boardings": 23, "pct_total_boardings": 0.00018097696084602794, "pct_route_boardings": 0.012214551248008496, "latitude": 44.482624633525489, "longitude": -73.217518524467962 }, "geometry": { "type": "Point", "coordinates": [ -73.217518524467962, 44.482624633525489 ] } },
{ "type": "Feature", "properties": { "year": 2026.0, "month": "May", "route": 8.0, "stop_id": "2562322", "stop_name": "Downtown Transit Center", "total_boardings": 603, "pct_total_boardings": 0.0047447437995719504, "pct_route_boardings": 0.32023366967604888, "latitude": 44.479731, "longitude": -73.214298 }, "geometry": { "type": "Point", "coordinates": [ -73.214298, 44.479731 ] } },
{ "type": "Feature", "properties": { "year": 2026.0, "month": "May", "route": 8.0, "stop_id": "805537", "stop_name": "Battery Street at College Street", "total_boardings": 25, "pct_total_boardings": 0.00019671408787611734, "pct_route_boardings": 0.013276686139139671, "latitude": 44.4766, "longitude": -73.21867 }, "geometry": { "type": "Point", "coordinates": [ -73.21867, 44.4766 ] } },
{ "type": "Feature", "properties": { "year": 2026.0, "month": "May", "route": 8.0, "stop_id": "805538", "stop_name": "Battery Street at Cherry Street", "total_boardings": 1, "pct_total_boardings": 7.8685635150446939e-06, "pct_route_boardings": 0.00053106744556558679, "latitude": 44.478999736300089, "longitude": -73.218831904062654 }, "geometry": { "type": "Point", "coordinates": [ -73.218831904062654, 44.478999736300089 ] } },
{ "type": "Feature", "properties": { "year": 2026.0, "month": "May", "route": 8.0, "stop_id": "805647", "stop_name": "Pearl Street at N. Champlain Street", "total_boardings": 42, "pct_total_boardings": 0.00033047966763187714, "pct_route_boardings": 0.022304832713754646, "latitude": 44.4804, "longitude": -73.21682 }, "geometry": { "type": "Point", "coordinates": [ -73.21682, 44.4804 ] } },
{ "type": "Feature", "properties": { "year": 2026.0, "month": "May", "route": 8.0, "stop_id": "805648", "stop_name": "N Union Street at N Winooski Avenue", "total_boardings": 79, "pct_total_boardings": 0.00062161651768853079, "pct_route_boardings": 0.041954328199681361, "latitude": 44.4861, "longitude": -73.20968 }, "geometry": { "type": "Point", "coordinates": [ -73.20968, 44.4861 ] } },
{ "type": "Feature", "properties": { "year": 2026.0, "month": "May", "route": 8.0, "stop_id": "805649", "stop_name": "N Winooski Avenue at Archibald Street", "total_boardings": 120, "pct_total_boardings": 0.00094422762180536323, "pct_route_boardings": 0.063728093467870423, "latitude": 44.48767, "longitude": -73.2081 }, "geometry": { "type": "Point", "coordinates": [ -73.2081, 44.48767 ] } },
{ "type": "Feature", "properties": { "year": 2026.0, "month": "May", "route": 8.0, "stop_id": "805650", "stop_name": "Archibald Street at N Willard Street", "total_boardings": 48, "pct_total_boardings": 0.00037769104872214528, "pct_route_boardings": 0.025491237387148168, "latitude": 44.488026, "longitude": -73.206167 }, "geometry": { "type": "Point", "coordinates": [ -73.206167, 44.488026 ] } },
{ "type": "Feature", "properties": { "year": 2026.0, "month": "May", "route": 8.0, "stop_id": "805651", "stop_name": "Archibald Street at N Prospect Street", "total_boardings": 16, "pct_total_boardings": 0.0001258970162407151, "pct_route_boardings": 0.0084970791290493886, "latitude": 44.4877, "longitude": -73.20227 }, "geometry": { "type": "Point", "coordinates": [ -73.20227, 44.4877 ] } },
{ "type": "Feature", "properties": { "year": 2026.0, "month": "May", "route": 8.0, "stop_id": "805652", "stop_name": "N Prospect Street at Colonial Square", "total_boardings": 22, "pct_total_boardings": 0.00017310839733098324, "pct_route_boardings": 0.01168348380244291, "latitude": 44.48697, "longitude": -73.20195 }, "geometry": { "type": "Point", "coordinates": [ -73.20195, 44.48697 ] } },
{ "type": "Feature", "properties": { "year": 2026.0, "month": "May", "route": 8.0, "stop_id": "805653", "stop_name": "N Prospect Street at Pearl Street", "total_boardings": 30, "pct_total_boardings": 0.00023605690545134081, "pct_route_boardings": 0.015932023366967606, "latitude": 44.48102, "longitude": -73.20082 }, "geometry": { "type": "Point", "coordinates": [ -73.20082, 44.48102 ] } },
{ "type": "Feature", "properties": { "year": 2026.0, "month": "May", "route": 8.0, "stop_id": "805654", "stop_name": "UHC Main Lobby", "total_boardings": 36, "pct_total_boardings": 0.00028326828654160895, "pct_route_boardings": 0.019118428040361127, "latitude": 44.479379819498597, "longitude": -73.200604582459704 }, "geometry": { "type": "Point", "coordinates": [ -73.200604582459704, 44.479379819498597 ] } },
{ "type": "Feature", "properties": { "year": 2026.0, "month": "May", "route": 8.0, "stop_id": "805655", "stop_name": "UVM Waterman Building", "total_boardings": 53, "pct_total_boardings": 0.00041703386629736878, "pct_route_boardings": 0.028146574614976102, "latitude": 44.478071432337174, "longitude": -73.200623308889419 }, "geometry": { "type": "Point", "coordinates": [ -73.200623308889419, 44.478071432337174 ] } },
{ "type": "Feature", "properties": { "year": 2026.0, "month": "May", "route": 8.0, "stop_id": "805656", "stop_name": "S Prospect Street at Maple Street", "total_boardings": 41, "pct_total_boardings": 0.00032261110411683244, "pct_route_boardings": 0.021773765268189062, "latitude": 44.47423, "longitude": -73.200632 }, "geometry": { "type": "Point", "coordinates": [ -73.200632, 44.47423 ] } },
{ "type": "Feature", "properties": { "year": 2026.0, "month": "May", "route": 8.0, "stop_id": "805660", "stop_name": "Maple Street at South Willard Street", "total_boardings": 11, "pct_total_boardings": 8.6554198665491621e-05, "pct_route_boardings": 0.0058417419012214552, "latitude": 44.474047415860184, "longitude": -73.205121369985747 }, "geometry": { "type": "Point", "coordinates": [ -73.205121369985747, 44.474047415860184 ] } },
{ "type": "Feature", "properties": { "year": 2026.0, "month": "May", "route": 8.0, "stop_id": "805663", "stop_name": "Maple Street at S. Winooski Avenue", "total_boardings": 3, "pct_total_boardings": 2.360569054513408e-05, "pct_route_boardings": 0.0015932023366967605, "latitude": 44.47383, "longitude": -73.210641 }, "geometry": { "type": "Point", "coordinates": [ -73.210641, 44.47383 ] } },
{ "type": "Feature", "properties": { "year": 2026.0, "month": "May", "route": 8.0, "stop_id": "805664", "stop_name": "Maple Street at Church Street", "total_boardings": 17, "pct_total_boardings": 0.00013376557975575977, "pct_route_boardings": 0.0090281465746149762, "latitude": 44.473771, "longitude": -73.212224 }, "geometry": { "type": "Point", "coordinates": [ -73.212224, 44.473771 ] } },
{ "type": "Feature", "properties": { "year": 2026.0, "month": "May", "route": 8.0, "stop_id": "805665", "stop_name": "Maple Street at St Paul Street", "total_boardings": 13, "pct_total_boardings": 0.00010229132569558102, "pct_route_boardings": 0.0069038767923526286, "latitude": 44.473688, "longitude": -73.213657 }, "geometry": { "type": "Point", "coordinates": [ -73.213657, 44.473688 ] } },
{ "type": "Feature", "properties": { "year": 2026.0, "month": "May", "route": 8.0, "stop_id": "805666", "stop_name": "Maple Street at Pine Street", "total_boardings": 24, "pct_total_boardings": 0.00018884552436107264, "pct_route_boardings": 0.012745618693574084, "latitude": 44.473622, "longitude": -73.21523 }, "geometry": { "type": "Point", "coordinates": [ -73.21523, 44.473622 ] } },
{ "type": "Feature", "properties": { "year": 2026.0, "month": "May", "route": 8.0, "stop_id": "805667", "stop_name": "Maple Street at Battery St", "total_boardings": 78, "pct_total_boardings": 0.00061374795417348609, "pct_route_boardings": 0.041423260754115773, "latitude": 44.473558, "longitude": -73.217914 }, "geometry": { "type": "Point", "coordinates": [ -73.217914, 44.473558 ] } },
{ "type": "Feature", "properties": { "year": 2026.0, "month": "May", "route": 8.0, "stop_id": "805668", "stop_name": "Battery Street at King Street", "total_boardings": 14, "pct_total_boardings": 0.00011015988921062571, "pct_route_boardings": 0.0074349442379182153, "latitude": 44.474485, "longitude": -73.218508 }, "geometry": { "type": "Point", "coordinates": [ -73.218508, 44.474485 ] } },
{ "type": "Feature", "properties": { "year": 2026.0, "month": "May", "route": 8.0, "stop_id": "805720", "stop_name": "North Street at Murray Street", "total_boardings": 173, "pct_total_boardings": 0.001361261488102732, "pct_route_boardings": 0.091874668082846528, "latitude": 44.48462, "longitude": -73.216134 }, "geometry": { "type": "Point", "coordinates": [ -73.216134, 44.48462 ] } },
{ "type": "Feature", "properties": { "year": 2026.0, "month": "May", "route": 8.0, "stop_id": "805721", "stop_name": "North Street at Elmwood Avenue", "total_boardings": 49, "pct_total_boardings": 0.00038555961223718998, "pct_route_boardings": 0.026022304832713755, "latitude": 44.484724, "longitude": -73.213421 }, "geometry": { "type": "Point", "coordinates": [ -73.213421, 44.484724 ] } },
{ "type": "Feature", "properties": { "year": 2026.0, "month": "May", "route": 8.0, "stop_id": "805877", "stop_name": "North Street at North Union Street", "total_boardings": 30, "pct_total_boardings": 0.00023605690545134081, "pct_route_boardings": 0.015932023366967606, "latitude": 44.484805, "longitude": -73.209904 }, "geometry": { "type": "Point", "coordinates": [ -73.209904, 44.484805 ] } },
{ "type": "Feature", "properties": { "year": 2026.0, "month": "May", "route": 8.0, "stop_id": "805878", "stop_name": "Battery Street at Main Street", "total_boardings": 1, "pct_total_boardings": 7.8685635150446939e-06, "pct_route_boardings": 0.00053106744556558679, "latitude": 44.47538, "longitude": -73.21857 }, "geometry": { "type": "Point", "coordinates": [ -73.21857, 44.47538 ] } },
{ "type": "Feature", "properties": { "year": 2026.0, "month": "May", "route": 8.0, "stop_id": "805881", "stop_name": "North Street at N. Winooski Avenue", "total_boardings": 22, "pct_total_boardings": 0.00017310839733098324, "pct_route_boardings": 0.01168348380244291, "latitude": 44.484763, "longitude": -73.21159 }, "geometry": { "type": "Point", "coordinates": [ -73.21159, 44.484763 ] } },
{ "type": "Feature", "properties": { "year": 2026.0, "month": "May", "route": 8.0, "stop_id": "805920", "stop_name": "N Prospect Street at Loomis Street", "total_boardings": 5, "pct_total_boardings": 3.9342817575223468e-05, "pct_route_boardings": 0.0026553372278279343, "latitude": 44.483159711608565, "longitude": -73.201238384539124 }, "geometry": { "type": "Point", "coordinates": [ -73.201238384539124, 44.483159711608565 ] } },
{ "type": "Feature", "properties": { "year": 2026.0, "month": "May", "route": 8.0, "stop_id": "805999", "stop_name": "N Prospect Street at North Street", "total_boardings": 24, "pct_total_boardings": 0.00018884552436107264, "pct_route_boardings": 0.012745618693574084, "latitude": 44.485126, "longitude": -73.201598 }, "geometry": { "type": "Point", "coordinates": [ -73.201598, 44.485126 ] } },
{ "type": "Feature", "properties": { "year": 2026.0, "month": "May", "route": 8.0, "stop_id": "806005", "stop_name": "N Prospect Street at Henry Street", "total_boardings": 18, "pct_total_boardings": 0.00014163414327080447, "pct_route_boardings": 0.0095592140201805637, "latitude": 44.484314, "longitude": -73.201458 }, "geometry": { "type": "Point", "coordinates": [ -73.201458, 44.484314 ] } },
{ "type": "Feature", "properties": { "year": 2026.0, "month": "May", "route": 8.0, "stop_id": "806029", "stop_name": "Fern Hill", "total_boardings": 93, "pct_total_boardings": 0.00073177640689915647, "pct_route_boardings": 0.049389272437599573, "latitude": 44.48710922696219, "longitude": -73.200809387731567 }, "geometry": { "type": "Point", "coordinates": [ -73.200809387731567, 44.48710922696219 ] } },
{ "type": "Feature", "properties": { "year": 2026.0, "month": "May", "route": 8.0, "stop_id": "806030", "stop_name": "McAuley Square", "total_boardings": 169, "pct_total_boardings": 0.0013297872340425532, "pct_route_boardings": 0.089750398300584178, "latitude": 44.48485932111906, "longitude": -73.197974635582 }, "geometry": { "type": "Point", "coordinates": [ -73.197974635582, 44.48485932111906 ] } },
{ "type": "Feature", "properties": { "year": 2026.0, "month": "May", "route": 9.0, "stop_id": "2535799", "stop_name": "Pine St at Hickock St", "total_boardings": 126, "pct_total_boardings": 0.00099143900289563143, "pct_route_boardings": 0.012092130518234165, "latitude": 44.497364, "longitude": -73.196294 }, "geometry": { "type": "Point", "coordinates": [ -73.196294, 44.497364 ] } },
{ "type": "Feature", "properties": { "year": 2026.0, "month": "May", "route": 9.0, "stop_id": "2562322", "stop_name": "Downtown Transit Center", "total_boardings": 3969, "pct_total_boardings": 0.03123032859121239, "pct_route_boardings": 0.38090211132437618, "latitude": 44.479731, "longitude": -73.214298 }, "geometry": { "type": "Point", "coordinates": [ -73.214298, 44.479731 ] } },
{ "type": "Feature", "properties": { "year": 2026.0, "month": "May", "route": 9.0, "stop_id": "2734696", "stop_name": "Downtown BHS", "total_boardings": 364, "pct_total_boardings": 0.0028641571194762683, "pct_route_boardings": 0.034932821497120924, "latitude": 44.479136394041511, "longitude": -73.216444672632022 }, "geometry": { "type": "Point", "coordinates": [ -73.216444672632022, 44.479136394041511 ] } },
{ "type": "Feature", "properties": { "year": 2026.0, "month": "May", "route": 9.0, "stop_id": "805607", "stop_name": "Pearl Street at Elmwood Avenue", "total_boardings": 19, "pct_total_boardings": 0.00014950270678584917, "pct_route_boardings": 0.0018234165067178502, "latitude": 44.480451, "longitude": -73.213722 }, "geometry": { "type": "Point", "coordinates": [ -73.213722, 44.480451 ] } },
{ "type": "Feature", "properties": { "year": 2026.0, "month": "May", "route": 9.0, "stop_id": "805608", "stop_name": "Elmwood Avenue at Elmwood Center", "total_boardings": 47, "pct_total_boardings": 0.00036982248520710058, "pct_route_boardings": 0.0045105566218809979, "latitude": 44.48132, "longitude": -73.21352 }, "geometry": { "type": "Point", "coordinates": [ -73.21352, 44.48132 ] } },
{ "type": "Feature", "properties": { "year": 2026.0, "month": "May", "route": 9.0, "stop_id": "805609", "stop_name": "Elmwood Avenue at Opposite Peru Street", "total_boardings": 80, "pct_total_boardings": 0.00062948508120357549, "pct_route_boardings": 0.007677543186180422, "latitude": 44.48258, "longitude": -73.21362 }, "geometry": { "type": "Point", "coordinates": [ -73.21362, 44.48258 ] } },
{ "type": "Feature", "properties": { "year": 2026.0, "month": "May", "route": 9.0, "stop_id": "805611", "stop_name": "Elmwood Avenue at Spring Street", "total_boardings": 26, "pct_total_boardings": 0.00020458265139116204, "pct_route_boardings": 0.0024952015355086373, "latitude": 44.487349, "longitude": -73.214014 }, "geometry": { "type": "Point", "coordinates": [ -73.214014, 44.487349 ] } },
{ "type": "Feature", "properties": { "year": 2026.0, "month": "May", "route": 9.0, "stop_id": "805612", "stop_name": "Archibald Street at Walnut Street", "total_boardings": 47, "pct_total_boardings": 0.00036982248520710058, "pct_route_boardings": 0.0045105566218809979, "latitude": 44.487673, "longitude": -73.213751 }, "geometry": { "type": "Point", "coordinates": [ -73.213751, 44.487673 ] } },
{ "type": "Feature", "properties": { "year": 2026.0, "month": "May", "route": 9.0, "stop_id": "805613", "stop_name": "Archibald Street at Intervale Avenue", "total_boardings": 49, "pct_total_boardings": 0.00038555961223718998, "pct_route_boardings": 0.0047024952015355089, "latitude": 44.48778, "longitude": -73.21147 }, "geometry": { "type": "Point", "coordinates": [ -73.21147, 44.48778 ] } },
{ "type": "Feature", "properties": { "year": 2026.0, "month": "May", "route": 9.0, "stop_id": "805614", "stop_name": "Intervale Avenue at Opposite Willow Street", "total_boardings": 78, "pct_total_boardings": 0.00061374795417348609, "pct_route_boardings": 0.0074856046065259118, "latitude": 44.48863, "longitude": -73.21042 }, "geometry": { "type": "Point", "coordinates": [ -73.21042, 44.48863 ] } },
{ "type": "Feature", "properties": { "year": 2026.0, "month": "May", "route": 9.0, "stop_id": "805615", "stop_name": "Intervale Avenue at Riverside Avenue", "total_boardings": 82, "pct_total_boardings": 0.00064522220823366489, "pct_route_boardings": 0.007869481765834933, "latitude": 44.4893, "longitude": -73.20985 }, "geometry": { "type": "Point", "coordinates": [ -73.20985, 44.4893 ] } },
{ "type": "Feature", "properties": { "year": 2026.0, "month": "May", "route": 9.0, "stop_id": "805616", "stop_name": "Riverside Avenue at Bright Street", "total_boardings": 124, "pct_total_boardings": 0.00097570187586554203, "pct_route_boardings": 0.011900191938579654, "latitude": 44.48947, "longitude": -73.20833 }, "geometry": { "type": "Point", "coordinates": [ -73.20833, 44.48947 ] } },
{ "type": "Feature", "properties": { "year": 2026.0, "month": "May", "route": 9.0, "stop_id": "805617", "stop_name": "Community Health Center", "total_boardings": 193, "pct_total_boardings": 0.0015186327584036259, "pct_route_boardings": 0.018522072936660267, "latitude": 44.489602490295084, "longitude": -73.206111207414722 }, "geometry": { "type": "Point", "coordinates": [ -73.206111207414722, 44.489602490295084 ] } },
{ "type": "Feature", "properties": { "year": 2026.0, "month": "May", "route": 9.0, "stop_id": "805618", "stop_name": "Riverside Avenue at N. Prospect Street", "total_boardings": 43, "pct_total_boardings": 0.00033834823114692184, "pct_route_boardings": 0.0041266794625719767, "latitude": 44.48868651, "longitude": -73.20182517000001 }, "geometry": { "type": "Point", "coordinates": [ -73.20182517, 44.48868651 ] } },
{ "type": "Feature", "properties": { "year": 2026.0, "month": "May", "route": 9.0, "stop_id": "805619", "stop_name": "Riverside Avenue at Koffee Kup Bakery", "total_boardings": 20, "pct_total_boardings": 0.00015737127030089387, "pct_route_boardings": 0.0019193857965451055, "latitude": 44.488130016524465, "longitude": -73.198726322577954 }, "geometry": { "type": "Point", "coordinates": [ -73.198726322577954, 44.488130016524465 ] } },
{ "type": "Feature", "properties": { "year": 2026.0, "month": "May", "route": 9.0, "stop_id": "805620", "stop_name": "Riverside Avenue at Salmon Run", "total_boardings": 109, "pct_total_boardings": 0.00085767342313987154, "pct_route_boardings": 0.010460652591170825, "latitude": 44.48641, "longitude": -73.191726 }, "geometry": { "type": "Point", "coordinates": [ -73.191726, 44.48641 ] } },
{ "type": "Feature", "properties": { "year": 2026.0, "month": "May", "route": 9.0, "stop_id": "805623", "stop_name": "Main Street at La Fountain Street", "total_boardings": 27, "pct_total_boardings": 0.00021245121490620671, "pct_route_boardings": 0.0025911708253358924, "latitude": 44.49665, "longitude": -73.18508 }, "geometry": { "type": "Point", "coordinates": [ -73.18508, 44.49665 ] } },
{ "type": "Feature", "properties": { "year": 2026.0, "month": "May", "route": 9.0, "stop_id": "805624", "stop_name": "E Spring Street at Spring Garden", "total_boardings": 137, "pct_total_boardings": 0.001077993201561123, "pct_route_boardings": 0.013147792706333972, "latitude": 44.494627083702397, "longitude": -73.185111625456599 }, "geometry": { "type": "Point", "coordinates": [ -73.185111625456599, 44.494627083702397 ] } },
{ "type": "Feature", "properties": { "year": 2026.0, "month": "May", "route": 9.0, "stop_id": "805625", "stop_name": "Main Street at Burling Street", "total_boardings": 52, "pct_total_boardings": 0.00040916530278232408, "pct_route_boardings": 0.0049904030710172746, "latitude": 44.49802, "longitude": -73.18438 }, "geometry": { "type": "Point", "coordinates": [ -73.18438, 44.49802 ] } },
{ "type": "Feature", "properties": { "year": 2026.0, "month": "May", "route": 9.0, "stop_id": "805627", "stop_name": "Main Street at Normand Street", "total_boardings": 165, "pct_total_boardings": 0.0012983129799823744, "pct_route_boardings": 0.01583493282149712, "latitude": 44.50062909, "longitude": -73.18312749 }, "geometry": { "type": "Point", "coordinates": [ -73.18312749, 44.50062909 ] } },
{ "type": "Feature", "properties": { "year": 2026.0, "month": "May", "route": 9.0, "stop_id": "805628", "stop_name": "Weaver Street at Tigan Street", "total_boardings": 87, "pct_total_boardings": 0.00068456502580888838, "pct_route_boardings": 0.0083493282149712088, "latitude": 44.50142, "longitude": -73.18435 }, "geometry": { "type": "Point", "coordinates": [ -73.18435, 44.50142 ] } },
{ "type": "Feature", "properties": { "year": 2026.0, "month": "May", "route": 9.0, "stop_id": "805629", "stop_name": "Weaver Street at St. Francis Xavier Cemetery", "total_boardings": 11, "pct_total_boardings": 8.6554198665491621e-05, "pct_route_boardings": 0.001055662188099808, "latitude": 44.498596705036597, "longitude": -73.185891753165293 }, "geometry": { "type": "Point", "coordinates": [ -73.185891753165293, 44.498596705036597 ] } },
{ "type": "Feature", "properties": { "year": 2026.0, "month": "May", "route": 9.0, "stop_id": "805630", "stop_name": "W. Spring Street at Our Lady of Providence", "total_boardings": 58, "pct_total_boardings": 0.00045637668387259222, "pct_route_boardings": 0.0055662188099808059, "latitude": 44.49518, "longitude": -73.18847 }, "geometry": { "type": "Point", "coordinates": [ -73.18847, 44.49518 ] } },
{ "type": "Feature", "properties": { "year": 2026.0, "month": "May", "route": 9.0, "stop_id": "805631", "stop_name": "W. Spring Street at North Street", "total_boardings": 60, "pct_total_boardings": 0.00047211381090268162, "pct_route_boardings": 0.0057581573896353169, "latitude": 44.495188730029568, "longitude": -73.189577659532233 }, "geometry": { "type": "Point", "coordinates": [ -73.189577659532233, 44.495188730029568 ] } },
{ "type": "Feature", "properties": { "year": 2026.0, "month": "May", "route": 9.0, "stop_id": "805632", "stop_name": "Hickok Street at Elm Street", "total_boardings": 164, "pct_total_boardings": 0.0012904444164673298, "pct_route_boardings": 0.015738963531669866, "latitude": 44.495502, "longitude": -73.194925 }, "geometry": { "type": "Point", "coordinates": [ -73.194925, 44.495502 ] } },
{ "type": "Feature", "properties": { "year": 2026.0, "month": "May", "route": 9.0, "stop_id": "805633", "stop_name": "West Lane at Malletts Bay Avenue", "total_boardings": 223, "pct_total_boardings": 0.0017546896638549667, "pct_route_boardings": 0.021401151631477926, "latitude": 44.49343, "longitude": -73.19125 }, "geometry": { "type": "Point", "coordinates": [ -73.19125, 44.49343 ] } },
{ "type": "Feature", "properties": { "year": 2026.0, "month": "May", "route": 9.0, "stop_id": "805634", "stop_name": "Mallets Bay Avenue at O'Brien Center", "total_boardings": 323, "pct_total_boardings": 0.0025415460153594359, "pct_route_boardings": 0.030998080614203456, "latitude": 44.492253713092303, "longitude": -73.189969313896896 }, "geometry": { "type": "Point", "coordinates": [ -73.189969313896896, 44.492253713092303 ] } },
{ "type": "Feature", "properties": { "year": 2026.0, "month": "May", "route": 9.0, "stop_id": "805635", "stop_name": "Riverside Avenue at Dunkin Donuts", "total_boardings": 57, "pct_total_boardings": 0.00044850812035754752, "pct_route_boardings": 0.0054702495201535513, "latitude": 44.488606614866669, "longitude": -73.200768283475668 }, "geometry": { "type": "Point", "coordinates": [ -73.200768283475668, 44.488606614866669 ] } },
{ "type": "Feature", "properties": { "year": 2026.0, "month": "May", "route": 9.0, "stop_id": "805636", "stop_name": "Riverside Avenue at Intervale Road", "total_boardings": 42, "pct_total_boardings": 0.00033047966763187714, "pct_route_boardings": 0.004030710172744722, "latitude": 44.489038385620418, "longitude": -73.202188043399531 }, "geometry": { "type": "Point", "coordinates": [ -73.202188043399531, 44.489038385620418 ] } },
{ "type": "Feature", "properties": { "year": 2026.0, "month": "May", "route": 9.0, "stop_id": "805637", "stop_name": "Community Health Center", "total_boardings": 314, "pct_total_boardings": 0.0024707289437240335, "pct_route_boardings": 0.030134357005758158, "latitude": 44.489674, "longitude": -73.206354 }, "geometry": { "type": "Point", "coordinates": [ -73.206354, 44.489674 ] } },
{ "type": "Feature", "properties": { "year": 2026.0, "month": "May", "route": 9.0, "stop_id": "805638", "stop_name": "Riverside Avenue at Intervale Avenue", "total_boardings": 113, "pct_total_boardings": 0.00088914767720005034, "pct_route_boardings": 0.010844529750479847, "latitude": 44.489485, "longitude": -73.209628 }, "geometry": { "type": "Point", "coordinates": [ -73.209628, 44.489485 ] } },
{ "type": "Feature", "properties": { "year": 2026.0, "month": "May", "route": 9.0, "stop_id": "805639", "stop_name": "Intervale Avenue at Willow Street", "total_boardings": 83, "pct_total_boardings": 0.00065309077174870959, "pct_route_boardings": 0.0079654510556621885, "latitude": 44.488718, "longitude": -73.210544 }, "geometry": { "type": "Point", "coordinates": [ -73.210544, 44.488718 ] } },
{ "type": "Feature", "properties": { "year": 2026.0, "month": "May", "route": 9.0, "stop_id": "805640", "stop_name": "Archibald Street at Walnut Street", "total_boardings": 66, "pct_total_boardings": 0.00051932519199294981, "pct_route_boardings": 0.0063339731285988483, "latitude": 44.487786, "longitude": -73.213167 }, "geometry": { "type": "Point", "coordinates": [ -73.213167, 44.487786 ] } },
{ "type": "Feature", "properties": { "year": 2026.0, "month": "May", "route": 9.0, "stop_id": "805641", "stop_name": "Elmwood Avenue at Spring Street", "total_boardings": 46, "pct_total_boardings": 0.00036195392169205588, "pct_route_boardings": 0.0044145873320537432, "latitude": 44.48738, "longitude": -73.21415 }, "geometry": { "type": "Point", "coordinates": [ -73.21415, 44.48738 ] } },
{ "type": "Feature", "properties": { "year": 2026.0, "month": "May", "route": 9.0, "stop_id": "805642", "stop_name": "Elmwood Avenue at Cedar Street", "total_boardings": 50, "pct_total_boardings": 0.00039342817575223468, "pct_route_boardings": 0.0047984644913627635, "latitude": 44.48595, "longitude": -73.21402 }, "geometry": { "type": "Point", "coordinates": [ -73.21402, 44.48595 ] } },
{ "type": "Feature", "properties": { "year": 2026.0, "month": "May", "route": 9.0, "stop_id": "805643", "stop_name": "Elmwood Avenue at North Street", "total_boardings": 27, "pct_total_boardings": 0.00021245121490620671, "pct_route_boardings": 0.0025911708253358924, "latitude": 44.484847, "longitude": -73.213943 }, "geometry": { "type": "Point", "coordinates": [ -73.213943, 44.484847 ] } },
{ "type": "Feature", "properties": { "year": 2026.0, "month": "May", "route": 9.0, "stop_id": "805644", "stop_name": "Elmwood Avenue at Allen Street", "total_boardings": 12, "pct_total_boardings": 9.4422762180536321e-05, "pct_route_boardings": 0.0011516314779270633, "latitude": 44.483791587177642, "longitude": -73.213883867882998 }, "geometry": { "type": "Point", "coordinates": [ -73.213883867882998, 44.483791587177642 ] } },
{ "type": "Feature", "properties": { "year": 2026.0, "month": "May", "route": 9.0, "stop_id": "805645", "stop_name": "Grant Street at Clarke Street", "total_boardings": 2, "pct_total_boardings": 1.5737127030089388e-05, "pct_route_boardings": 0.00019193857965451057, "latitude": 44.4822, "longitude": -73.21252 }, "geometry": { "type": "Point", "coordinates": [ -73.21252, 44.4822 ] } },
{ "type": "Feature", "properties": { "year": 2026.0, "month": "May", "route": 9.0, "stop_id": "805763", "stop_name": "Winooski Falls/Champlain Mill", "total_boardings": 173, "pct_total_boardings": 0.001361261488102732, "pct_route_boardings": 0.016602687140115164, "latitude": 44.49022, "longitude": -73.18437 }, "geometry": { "type": "Point", "coordinates": [ -73.18437, 44.49022 ] } },
{ "type": "Feature", "properties": { "year": 2026.0, "month": "May", "route": 9.0, "stop_id": "805819", "stop_name": "Spinner Place/ Champlain Mill", "total_boardings": 1054, "pct_total_boardings": 0.0082934659448571073, "pct_route_boardings": 0.10115163147792706, "latitude": 44.490307565759402, "longitude": -73.184893183145903 }, "geometry": { "type": "Point", "coordinates": [ -73.184893183145903, 44.490307565759402 ] } },
{ "type": "Feature", "properties": { "year": 2026.0, "month": "May", "route": 9.0, "stop_id": "805874", "stop_name": "Riverside Avenue at Hillside Terrace", "total_boardings": 30, "pct_total_boardings": 0.00023605690545134081, "pct_route_boardings": 0.0028790786948176585, "latitude": 44.48778622, "longitude": -73.19634542 }, "geometry": { "type": "Point", "coordinates": [ -73.19634542, 44.48778622 ] } },
{ "type": "Feature", "properties": { "year": 2026.0, "month": "May", "route": 9.0, "stop_id": "805958", "stop_name": "Elmwood Avenue at Cedar Street", "total_boardings": 69, "pct_total_boardings": 0.0005429308825380838, "pct_route_boardings": 0.0066218809980806139, "latitude": 44.48587, "longitude": -73.21387 }, "geometry": { "type": "Point", "coordinates": [ -73.21387, 44.48587 ] } },
{ "type": "Feature", "properties": { "year": 2026.0, "month": "May", "route": 9.0, "stop_id": "805987", "stop_name": "Riverside Avenue at Opposite Barrett Street", "total_boardings": 128, "pct_total_boardings": 0.0010071761299257208, "pct_route_boardings": 0.012284069097888676, "latitude": 44.487832, "longitude": -73.187295 }, "geometry": { "type": "Point", "coordinates": [ -73.187295, 44.487832 ] } },
{ "type": "Feature", "properties": { "year": 2026.0, "month": "May", "route": 9.0, "stop_id": "805988", "stop_name": "Intervale Avenue at Archibald", "total_boardings": 48, "pct_total_boardings": 0.00037769104872214528, "pct_route_boardings": 0.0046065259117082534, "latitude": 44.487946, "longitude": -73.211161 }, "geometry": { "type": "Point", "coordinates": [ -73.211161, 44.487946 ] } },
{ "type": "Feature", "properties": { "year": 2026.0, "month": "May", "route": 9.0, "stop_id": "805989", "stop_name": "Courtyard", "total_boardings": 66, "pct_total_boardings": 0.00051932519199294981, "pct_route_boardings": 0.0063339731285988483, "latitude": 44.4927114, "longitude": -73.181172 }, "geometry": { "type": "Point", "coordinates": [ -73.181172, 44.4927114 ] } },
{ "type": "Feature", "properties": { "year": 2026.0, "month": "May", "route": 9.0, "stop_id": "805990", "stop_name": "Weaver Street at St. Peter Street", "total_boardings": 16, "pct_total_boardings": 0.0001258970162407151, "pct_route_boardings": 0.0015355086372360845, "latitude": 44.4963640829017, "longitude": -73.187071517359897 }, "geometry": { "type": "Point", "coordinates": [ -73.187071517359897, 44.4963640829017 ] } },
{ "type": "Feature", "properties": { "year": 2026.0, "month": "May", "route": 9.0, "stop_id": "805991", "stop_name": "Mallets Bay Avenue at St. Peter Street", "total_boardings": 76, "pct_total_boardings": 0.00059801082714339669, "pct_route_boardings": 0.0072936660268714008, "latitude": 44.49613, "longitude": -73.19353 }, "geometry": { "type": "Point", "coordinates": [ -73.19353, 44.49613 ] } },
{ "type": "Feature", "properties": { "year": 2026.0, "month": "May", "route": 9.0, "stop_id": "805992", "stop_name": "Elmwood Avenue at North Street", "total_boardings": 174, "pct_total_boardings": 0.0013691300516177768, "pct_route_boardings": 0.016698656429942418, "latitude": 44.48458, "longitude": -73.2138 }, "geometry": { "type": "Point", "coordinates": [ -73.2138, 44.48458 ] } },
{ "type": "Feature", "properties": { "year": 2026.0, "month": "May", "route": 9.0, "stop_id": "806000", "stop_name": "Riverside Avenue at Opposite #236", "total_boardings": 327, "pct_total_boardings": 0.0025730202694196147, "pct_route_boardings": 0.031381957773512478, "latitude": 44.48669, "longitude": -73.192724 }, "geometry": { "type": "Point", "coordinates": [ -73.192724, 44.48669 ] } },
{ "type": "Feature", "properties": { "year": 2026.0, "month": "May", "route": 9.0, "stop_id": "806004", "stop_name": "Riverside Avenue at Hillside Terrace", "total_boardings": 302, "pct_total_boardings": 0.0023763061815434976, "pct_route_boardings": 0.028982725527831096, "latitude": 44.48790773, "longitude": -73.19620594 }, "geometry": { "type": "Point", "coordinates": [ -73.19620594, 44.48790773 ] } },
{ "type": "Feature", "properties": { "year": 2026.0, "month": "May", "route": 9.0, "stop_id": "806015", "stop_name": "83 Barlow Street", "total_boardings": 138, "pct_total_boardings": 0.0010858617650761676, "pct_route_boardings": 0.013243761996161228, "latitude": 44.492849650063199, "longitude": -73.18398111017882 }, "geometry": { "type": "Point", "coordinates": [ -73.18398111017882, 44.492849650063199 ] } },
{ "type": "Feature", "properties": { "year": 2026.0, "month": "May", "route": 9.0, "stop_id": "806016", "stop_name": "Riverside Avenue at Opposite Bright Street", "total_boardings": 215, "pct_total_boardings": 0.0016917411557346091, "pct_route_boardings": 0.020633397312859885, "latitude": 44.489529, "longitude": -73.208705 }, "geometry": { "type": "Point", "coordinates": [ -73.208705, 44.489529 ] } },
{ "type": "Feature", "properties": { "year": 2026.0, "month": "May", "route": 9.0, "stop_id": "806068", "stop_name": "Abenaki Way at Opposite CCV", "total_boardings": 4, "pct_total_boardings": 3.1474254060178776e-05, "pct_route_boardings": 0.00038387715930902113, "latitude": 44.490575542884017, "longitude": -73.182068265415651 }, "geometry": { "type": "Point", "coordinates": [ -73.182068265415651, 44.490575542884017 ] } },
{ "type": "Feature", "properties": { "year": 2026.0, "month": "May", "route": 9.0, "stop_id": "806150", "stop_name": "Hickock St at River Street (Chick's Market)", "total_boardings": 105, "pct_total_boardings": 0.00082619916907969286, "pct_route_boardings": 0.010076775431861805, "latitude": 44.493262, "longitude": -73.192766 }, "geometry": { "type": "Point", "coordinates": [ -73.192766, 44.493262 ] } },
{ "type": "Feature", "properties": { "year": 2026.0, "month": "May", "route": 11.0, "stop_id": "2562322", "stop_name": "Downtown Transit Center", "total_boardings": 2179, "pct_total_boardings": 0.017145599899282386, "pct_route_boardings": 0.28105249580807429, "latitude": 44.479731, "longitude": -73.214298 }, "geometry": { "type": "Point", "coordinates": [ -73.214298, 44.479731 ] } },
{ "type": "Feature", "properties": { "year": 2026.0, "month": "May", "route": 11.0, "stop_id": "2734696", "stop_name": "Downtown BHS", "total_boardings": 1, "pct_total_boardings": 7.8685635150446939e-06, "pct_route_boardings": 0.00012898232942086933, "latitude": 44.479136394041511, "longitude": -73.216444672632022 }, "geometry": { "type": "Point", "coordinates": [ -73.216444672632022, 44.479136394041511 ] } },
{ "type": "Feature", "properties": { "year": 2026.0, "month": "May", "route": 11.0, "stop_id": "4255578", "stop_name": "South Burlington City Center", "total_boardings": 429, "pct_total_boardings": 0.0033756137479541734, "pct_route_boardings": 0.055333419321552946, "latitude": 44.465916, "longitude": -73.178304 }, "geometry": { "type": "Point", "coordinates": [ -73.178304, 44.465916 ] } },
{ "type": "Feature", "properties": { "year": 2026.0, "month": "May", "route": 11.0, "stop_id": "4255596", "stop_name": "Hinesburg Road at Prouty Parkway", "total_boardings": 30, "pct_total_boardings": 0.00023605690545134081, "pct_route_boardings": 0.0038694698826260802, "latitude": 44.457897, "longitude": -73.169572 }, "geometry": { "type": "Point", "coordinates": [ -73.169572, 44.457897 ] } },
{ "type": "Feature", "properties": { "year": 2026.0, "month": "May", "route": 11.0, "stop_id": "4255597", "stop_name": "Hinesburg Road at Wright Court", "total_boardings": 29, "pct_total_boardings": 0.00022818834193629611, "pct_route_boardings": 0.003740487553205211, "latitude": 44.459664, "longitude": -73.169867 }, "geometry": { "type": "Point", "coordinates": [ -73.169867, 44.459664 ] } },
{ "type": "Feature", "properties": { "year": 2026.0, "month": "May", "route": 11.0, "stop_id": "4255599", "stop_name": "Hinesburg Road at Opposite Iby Street", "total_boardings": 23, "pct_total_boardings": 0.00018097696084602794, "pct_route_boardings": 0.002966593576679995, "latitude": 44.462676, "longitude": -73.170423 }, "geometry": { "type": "Point", "coordinates": [ -73.170423, 44.462676 ] } },
{ "type": "Feature", "properties": { "year": 2026.0, "month": "May", "route": 11.0, "stop_id": "4255600", "stop_name": "Market Street at Garden Street", "total_boardings": 474, "pct_total_boardings": 0.0037296991061311845, "pct_route_boardings": 0.061137624145492064, "latitude": 44.464424, "longitude": -73.175618 }, "geometry": { "type": "Point", "coordinates": [ -73.175618, 44.464424 ] } },
{ "type": "Feature", "properties": { "year": 2026.0, "month": "May", "route": 11.0, "stop_id": "4255601", "stop_name": "Market Street at Hinesburg Road", "total_boardings": 95, "pct_total_boardings": 0.00074751353392924587, "pct_route_boardings": 0.012253321294982588, "latitude": 44.46339, "longitude": -73.172066 }, "geometry": { "type": "Point", "coordinates": [ -73.172066, 44.46339 ] } },
{ "type": "Feature", "properties": { "year": 2026.0, "month": "May", "route": 11.0, "stop_id": "4255703", "stop_name": "620 Hinesburg Rd", "total_boardings": 102, "pct_total_boardings": 0.00080259347853455876, "pct_route_boardings": 0.013156197600928673, "latitude": 44.454911, "longitude": -73.165713 }, "geometry": { "type": "Point", "coordinates": [ -73.165713, 44.454911 ] } },
{ "type": "Feature", "properties": { "year": 2026.0, "month": "May", "route": 11.0, "stop_id": "805484", "stop_name": "S. Winooski Avenue at Bank Street", "total_boardings": 377, "pct_total_boardings": 0.0029664484451718495, "pct_route_boardings": 0.048626338191667742, "latitude": 44.478387, "longitude": -73.211225 }, "geometry": { "type": "Point", "coordinates": [ -73.211225, 44.478387 ] } },
{ "type": "Feature", "properties": { "year": 2026.0, "month": "May", "route": 11.0, "stop_id": "805485", "stop_name": "Main Street at S. Winooski", "total_boardings": 296, "pct_total_boardings": 0.0023290948004532292, "pct_route_boardings": 0.038178769508577327, "latitude": 44.475929, "longitude": -73.21056 }, "geometry": { "type": "Point", "coordinates": [ -73.21056, 44.475929 ] } },
{ "type": "Feature", "properties": { "year": 2026.0, "month": "May", "route": 11.0, "stop_id": "805486", "stop_name": "Main Street at S. Union Street", "total_boardings": 249, "pct_total_boardings": 0.0019592723152461289, "pct_route_boardings": 0.032116600025796464, "latitude": 44.47603, "longitude": -73.20863 }, "geometry": { "type": "Point", "coordinates": [ -73.20863, 44.47603 ] } },
{ "type": "Feature", "properties": { "year": 2026.0, "month": "May", "route": 11.0, "stop_id": "805487", "stop_name": "Main Street at S. Willard Street", "total_boardings": 120, "pct_total_boardings": 0.00094422762180536323, "pct_route_boardings": 0.015477879530504321, "latitude": 44.476129, "longitude": -73.205639 }, "geometry": { "type": "Point", "coordinates": [ -73.205639, 44.476129 ] } },
{ "type": "Feature", "properties": { "year": 2026.0, "month": "May", "route": 11.0, "stop_id": "805488", "stop_name": "Main Street at S. Prospect Street", "total_boardings": 50, "pct_total_boardings": 0.00039342817575223468, "pct_route_boardings": 0.0064491164710434668, "latitude": 44.476288, "longitude": -73.200853 }, "geometry": { "type": "Point", "coordinates": [ -73.200853, 44.476288 ] } },
{ "type": "Feature", "properties": { "year": 2026.0, "month": "May", "route": 11.0, "stop_id": "805490", "stop_name": "University Heights", "total_boardings": 733, "pct_total_boardings": 0.0057676570565277606, "pct_route_boardings": 0.09454404746549723, "latitude": 44.47443, "longitude": -73.19472 }, "geometry": { "type": "Point", "coordinates": [ -73.19472, 44.47443 ] } },
{ "type": "Feature", "properties": { "year": 2026.0, "month": "May", "route": 11.0, "stop_id": "805492", "stop_name": "Dorset Street at Peoples United Bank", "total_boardings": 50, "pct_total_boardings": 0.00039342817575223468, "pct_route_boardings": 0.0064491164710434668, "latitude": 44.46717, "longitude": -73.18152 }, "geometry": { "type": "Point", "coordinates": [ -73.18152, 44.46717 ] } },
{ "type": "Feature", "properties": { "year": 2026.0, "month": "May", "route": 11.0, "stop_id": "805495", "stop_name": "Dorset Street at The Pines", "total_boardings": 186, "pct_total_boardings": 0.0014635528137983129, "pct_route_boardings": 0.023990713272281698, "latitude": 44.457633283199272, "longitude": -73.179792740096786 }, "geometry": { "type": "Point", "coordinates": [ -73.179792740096786, 44.457633283199272 ] } },
{ "type": "Feature", "properties": { "year": 2026.0, "month": "May", "route": 11.0, "stop_id": "805496", "stop_name": "Dorset Street at Fire Station", "total_boardings": 120, "pct_total_boardings": 0.00094422762180536323, "pct_route_boardings": 0.015477879530504321, "latitude": 44.454692892372208, "longitude": -73.179299893836401 }, "geometry": { "type": "Point", "coordinates": [ -73.179299893836401, 44.454692892372208 ] } },
{ "type": "Feature", "properties": { "year": 2026.0, "month": "May", "route": 11.0, "stop_id": "805497", "stop_name": "Kennedy Drive at Dorset Street", "total_boardings": 25, "pct_total_boardings": 0.00019671408787611734, "pct_route_boardings": 0.0032245582355217334, "latitude": 44.452867, "longitude": -73.177547 }, "geometry": { "type": "Point", "coordinates": [ -73.177547, 44.452867 ] } },
{ "type": "Feature", "properties": { "year": 2026.0, "month": "May", "route": 11.0, "stop_id": "805498", "stop_name": "Kennedy Drive at Twin Oaks Terrace", "total_boardings": 15, "pct_total_boardings": 0.0001180284527256704, "pct_route_boardings": 0.0019347349413130401, "latitude": 44.453148026331554, "longitude": -73.173946428169529 }, "geometry": { "type": "Point", "coordinates": [ -73.173946428169529, 44.453148026331554 ] } },
{ "type": "Feature", "properties": { "year": 2026.0, "month": "May", "route": 11.0, "stop_id": "805499", "stop_name": "Kennedy Drive at Timber Lane", "total_boardings": 395, "pct_total_boardings": 0.0031080825884426538, "pct_route_boardings": 0.050948020121243387, "latitude": 44.453916068790797, "longitude": -73.166720670860201 }, "geometry": { "type": "Point", "coordinates": [ -73.166720670860201, 44.453916068790797 ] } },
{ "type": "Feature", "properties": { "year": 2026.0, "month": "May", "route": 11.0, "stop_id": "805529", "stop_name": "Dorset Street at Barnes & Noble", "total_boardings": 748, "pct_total_boardings": 0.005885685509253431, "pct_route_boardings": 0.096478782406810265, "latitude": 44.466905, "longitude": -73.181203 }, "geometry": { "type": "Point", "coordinates": [ -73.181203, 44.466905 ] } },
{ "type": "Feature", "properties": { "year": 2026.0, "month": "May", "route": 11.0, "stop_id": "805530", "stop_name": "Williston Road at Sheraton Hotel", "total_boardings": 123, "pct_total_boardings": 0.00096783331235049733, "pct_route_boardings": 0.015864826518766927, "latitude": 44.471703, "longitude": -73.188163 }, "geometry": { "type": "Point", "coordinates": [ -73.188163, 44.471703 ] } },
{ "type": "Feature", "properties": { "year": 2026.0, "month": "May", "route": 11.0, "stop_id": "805531", "stop_name": "University Heights", "total_boardings": 381, "pct_total_boardings": 0.0029979226992320283, "pct_route_boardings": 0.049142267509351217, "latitude": 44.474604, "longitude": -73.194513 }, "geometry": { "type": "Point", "coordinates": [ -73.194513, 44.474604 ] } },
{ "type": "Feature", "properties": { "year": 2026.0, "month": "May", "route": 11.0, "stop_id": "805533", "stop_name": "Main Street at S. Willard Street", "total_boardings": 54, "pct_total_boardings": 0.00042490242981241342, "pct_route_boardings": 0.0069650457887269444, "latitude": 44.47623, "longitude": -73.205 }, "geometry": { "type": "Point", "coordinates": [ -73.205, 44.47623 ] } },
{ "type": "Feature", "properties": { "year": 2026.0, "month": "May", "route": 11.0, "stop_id": "805534", "stop_name": "Main Street at S Union Street", "total_boardings": 16, "pct_total_boardings": 0.0001258970162407151, "pct_route_boardings": 0.0020637172707339093, "latitude": 44.47612, "longitude": -73.20933 }, "geometry": { "type": "Point", "coordinates": [ -73.20933, 44.47612 ] } },
{ "type": "Feature", "properties": { "year": 2026.0, "month": "May", "route": 11.0, "stop_id": "805535", "stop_name": "Main Street at Church Street", "total_boardings": 6, "pct_total_boardings": 4.721138109026816e-05, "pct_route_boardings": 0.00077389397652521605, "latitude": 44.47602, "longitude": -73.21237 }, "geometry": { "type": "Point", "coordinates": [ -73.21237, 44.47602 ] } },
{ "type": "Feature", "properties": { "year": 2026.0, "month": "May", "route": 11.0, "stop_id": "805536", "stop_name": "Main Street at Pine Street", "total_boardings": 10, "pct_total_boardings": 7.8685635150446936e-05, "pct_route_boardings": 0.0012898232942086935, "latitude": 44.47588, "longitude": -73.2159 }, "geometry": { "type": "Point", "coordinates": [ -73.2159, 44.47588 ] } },
{ "type": "Feature", "properties": { "year": 2026.0, "month": "May", "route": 11.0, "stop_id": "805537", "stop_name": "Battery Street at College Street", "total_boardings": 20, "pct_total_boardings": 0.00015737127030089387, "pct_route_boardings": 0.002579646588417387, "latitude": 44.4766, "longitude": -73.21867 }, "geometry": { "type": "Point", "coordinates": [ -73.21867, 44.4766 ] } },
{ "type": "Feature", "properties": { "year": 2026.0, "month": "May", "route": 11.0, "stop_id": "805538", "stop_name": "Battery Street at Cherry Street", "total_boardings": 2, "pct_total_boardings": 1.5737127030089388e-05, "pct_route_boardings": 0.00025796465884173866, "latitude": 44.478999736300089, "longitude": -73.218831904062654 }, "geometry": { "type": "Point", "coordinates": [ -73.218831904062654, 44.478999736300089 ] } },
{ "type": "Feature", "properties": { "year": 2026.0, "month": "May", "route": 11.0, "stop_id": "805867", "stop_name": "Main Street at Summit Street", "total_boardings": 87, "pct_total_boardings": 0.00068456502580888838, "pct_route_boardings": 0.011221462659615633, "latitude": 44.476202649592501, "longitude": -73.202512518651602 }, "geometry": { "type": "Point", "coordinates": [ -73.202512518651602, 44.476202649592501 ] } },
{ "type": "Feature", "properties": { "year": 2026.0, "month": "May", "route": 11.0, "stop_id": "805869", "stop_name": "Dorset Street at Town Square Drive", "total_boardings": 102, "pct_total_boardings": 0.00080259347853455876, "pct_route_boardings": 0.013156197600928673, "latitude": 44.456766673169497, "longitude": -73.179657021310007 }, "geometry": { "type": "Point", "coordinates": [ -73.179657021310007, 44.456766673169497 ] } },
{ "type": "Feature", "properties": { "year": 2026.0, "month": "May", "route": 11.0, "stop_id": "805925", "stop_name": "College Street at S Winooski Avenue", "total_boardings": 49, "pct_total_boardings": 0.00038555961223718998, "pct_route_boardings": 0.006320134141622598, "latitude": 44.477089, "longitude": -73.211186 }, "geometry": { "type": "Point", "coordinates": [ -73.211186, 44.477089 ] } },
{ "type": "Feature", "properties": { "year": 2026.0, "month": "May", "route": 11.0, "stop_id": "805946", "stop_name": "Williston Road at Staples Plaza", "total_boardings": 56, "pct_total_boardings": 0.00044063955684250282, "pct_route_boardings": 0.0072230104475686828, "latitude": 44.471708, "longitude": -73.188722 }, "geometry": { "type": "Point", "coordinates": [ -73.188722, 44.471708 ] } },
{ "type": "Feature", "properties": { "year": 2026.0, "month": "May", "route": 11.0, "stop_id": "806178", "stop_name": "Dorset Street at Opposite Garden Street", "total_boardings": 121, "pct_total_boardings": 0.00095209618532040793, "pct_route_boardings": 0.01560686185992519, "latitude": 44.463505, "longitude": -73.180857 }, "geometry": { "type": "Point", "coordinates": [ -73.180857, 44.463505 ] } },
{ "type": "Feature", "properties": { "year": 2026.0, "month": "May", "route": 16.0, "stop_id": "4255578", "stop_name": "South Burlington City Center", "total_boardings": 12, "pct_total_boardings": 9.4422762180536321e-05, "pct_route_boardings": 0.11009174311926606, "latitude": 44.465916, "longitude": -73.178304 }, "geometry": { "type": "Point", "coordinates": [ -73.178304, 44.465916 ] } },
{ "type": "Feature", "properties": { "year": 2026.0, "month": "May", "route": 16.0, "stop_id": "805495", "stop_name": "Dorset Street at The Pines", "total_boardings": 56, "pct_total_boardings": 0.00044063955684250282, "pct_route_boardings": 0.51376146788990829, "latitude": 44.457633283199272, "longitude": -73.179792740096786 }, "geometry": { "type": "Point", "coordinates": [ -73.179792740096786, 44.457633283199272 ] } },
{ "type": "Feature", "properties": { "year": 2026.0, "month": "May", "route": 16.0, "stop_id": "805948", "stop_name": "Country Park", "total_boardings": 41, "pct_total_boardings": 0.00032261110411683244, "pct_route_boardings": 0.37614678899082571, "latitude": 44.453053856494307, "longitude": -73.163151719347468 }, "geometry": { "type": "Point", "coordinates": [ -73.163151719347468, 44.453053856494307 ] } },
{ "type": "Feature", "properties": { "year": 2026.0, "month": "May", "route": 19.0, "stop_id": "4259993", "stop_name": "10 North Champlain Street", "total_boardings": 18, "pct_total_boardings": 0.00014163414327080447, "pct_route_boardings": 0.1276595744680851, "latitude": 44.480657, "longitude": -73.217354 }, "geometry": { "type": "Point", "coordinates": [ -73.217354, 44.480657 ] } },
{ "type": "Feature", "properties": { "year": 2026.0, "month": "May", "route": 19.0, "stop_id": "805747", "stop_name": "230 St Paul Street", "total_boardings": 25, "pct_total_boardings": 0.00019671408787611734, "pct_route_boardings": 0.1773049645390071, "latitude": 44.472639, "longitude": -73.213734 }, "geometry": { "type": "Point", "coordinates": [ -73.213734, 44.472639 ] } },
{ "type": "Feature", "properties": { "year": 2026.0, "month": "May", "route": 19.0, "stop_id": "806003", "stop_name": "College Street at Pine Street", "total_boardings": 51, "pct_total_boardings": 0.00040129673926727938, "pct_route_boardings": 0.36170212765957449, "latitude": 44.476926993503298, "longitude": -73.2158524026283 }, "geometry": { "type": "Point", "coordinates": [ -73.2158524026283, 44.476926993503298 ] } },
{ "type": "Feature", "properties": { "year": 2026.0, "month": "May", "route": 19.0, "stop_id": "806009", "stop_name": "Heineberg Housing", "total_boardings": 4, "pct_total_boardings": 3.1474254060178776e-05, "pct_route_boardings": 0.028368794326241134, "latitude": 44.5107483, "longitude": -73.246847 }, "geometry": { "type": "Point", "coordinates": [ -73.246847, 44.5107483 ] } },
{ "type": "Feature", "properties": { "year": 2026.0, "month": "May", "route": 19.0, "stop_id": "806065", "stop_name": "3 Cathedral Square", "total_boardings": 24, "pct_total_boardings": 0.00018884552436107264, "pct_route_boardings": 0.1702127659574468, "latitude": 44.4794974, "longitude": -73.217846 }, "geometry": { "type": "Point", "coordinates": [ -73.217846, 44.4794974 ] } },
{ "type": "Feature", "properties": { "year": 2026.0, "month": "May", "route": 19.0, "stop_id": "815361", "stop_name": "Thayer Housing", "total_boardings": 19, "pct_total_boardings": 0.00014950270678584917, "pct_route_boardings": 0.13475177304964539, "latitude": 44.507586183650318, "longitude": -73.247246125760228 }, "geometry": { "type": "Point", "coordinates": [ -73.247246125760228, 44.507586183650318 ] } },
{ "type": "Feature", "properties": { "year": 2026.0, "month": "May", "route": 20.0, "stop_id": "805624", "stop_name": "E Spring Street at Spring Garden", "total_boardings": 5, "pct_total_boardings": 3.9342817575223468e-05, "pct_route_boardings": 0.0390625, "latitude": 44.494627083702397, "longitude": -73.185111625456599 }, "geometry": { "type": "Point", "coordinates": [ -73.185111625456599, 44.494627083702397 ] } },
{ "type": "Feature", "properties": { "year": 2026.0, "month": "May", "route": 20.0, "stop_id": "805989", "stop_name": "Courtyard", "total_boardings": 38, "pct_total_boardings": 0.00029900541357169835, "pct_route_boardings": 0.296875, "latitude": 44.4927114, "longitude": -73.181172 }, "geometry": { "type": "Point", "coordinates": [ -73.181172, 44.4927114 ] } },
{ "type": "Feature", "properties": { "year": 2026.0, "month": "May", "route": 20.0, "stop_id": "806015", "stop_name": "83 Barlow Street", "total_boardings": 38, "pct_total_boardings": 0.00029900541357169835, "pct_route_boardings": 0.296875, "latitude": 44.492849650063199, "longitude": -73.18398111017882 }, "geometry": { "type": "Point", "coordinates": [ -73.18398111017882, 44.492849650063199 ] } },
{ "type": "Feature", "properties": { "year": 2026.0, "month": "May", "route": 20.0, "stop_id": "806029", "stop_name": "Fern Hill", "total_boardings": 16, "pct_total_boardings": 0.0001258970162407151, "pct_route_boardings": 0.125, "latitude": 44.48710922696219, "longitude": -73.200809387731567 }, "geometry": { "type": "Point", "coordinates": [ -73.200809387731567, 44.48710922696219 ] } },
{ "type": "Feature", "properties": { "year": 2026.0, "month": "May", "route": 20.0, "stop_id": "806030", "stop_name": "McAuley Square", "total_boardings": 31, "pct_total_boardings": 0.00024392546896638551, "pct_route_boardings": 0.2421875, "latitude": 44.48485932111906, "longitude": -73.197974635582 }, "geometry": { "type": "Point", "coordinates": [ -73.197974635582, 44.48485932111906 ] } },
{ "type": "Feature", "properties": { "year": 2026.0, "month": "May", "route": 21.0, "stop_id": "2562322", "stop_name": "Downtown Transit Center", "total_boardings": 116, "pct_total_boardings": 0.00091275336774518444, "pct_route_boardings": 0.01918306598313213, "latitude": 44.479731, "longitude": -73.214298 }, "geometry": { "type": "Point", "coordinates": [ -73.214298, 44.479731 ] } },
{ "type": "Feature", "properties": { "year": 2026.0, "month": "May", "route": 21.0, "stop_id": "4247351", "stop_name": "Opposite Boys & Girls Club", "total_boardings": 410, "pct_total_boardings": 0.0032261110411683242, "pct_route_boardings": 0.067802215974863564, "latitude": 44.489718578559803, "longitude": -73.2111712459659 }, "geometry": { "type": "Point", "coordinates": [ -73.2111712459659, 44.489718578559803 ] } },
{ "type": "Feature", "properties": { "year": 2026.0, "month": "May", "route": 21.0, "stop_id": "4258661", "stop_name": "Austin Drive at Ledgewood Circle", "total_boardings": 29, "pct_total_boardings": 0.00022818834193629611, "pct_route_boardings": 0.0047957664957830326, "latitude": 44.451498, "longitude": -73.221579 }, "geometry": { "type": "Point", "coordinates": [ -73.221579, 44.451498 ] } },
{ "type": "Feature", "properties": { "year": 2026.0, "month": "May", "route": 21.0, "stop_id": "4258662", "stop_name": "South Cove Road at Austin Drive", "total_boardings": 16, "pct_total_boardings": 0.0001258970162407151, "pct_route_boardings": 0.002645940135604432, "latitude": 44.451304, "longitude": -73.228474 }, "geometry": { "type": "Point", "coordinates": [ -73.228474, 44.451304 ] } },
{ "type": "Feature", "properties": { "year": 2026.0, "month": "May", "route": 21.0, "stop_id": "805734", "stop_name": "Green Mountain Transit Office", "total_boardings": 1, "pct_total_boardings": 7.8685635150446939e-06, "pct_route_boardings": 0.000165371258475277, "latitude": 44.450385, "longitude": -73.219485 }, "geometry": { "type": "Point", "coordinates": [ -73.219485, 44.450385 ] } },
{ "type": "Feature", "properties": { "year": 2026.0, "month": "May", "route": 21.0, "stop_id": "805739", "stop_name": "Champlain School (Pine Street)", "total_boardings": 829, "pct_total_boardings": 0.0065230391539720508, "pct_route_boardings": 0.13709277327600464, "latitude": 44.456953744271289, "longitude": -73.214221960164764 }, "geometry": { "type": "Point", "coordinates": [ -73.214221960164764, 44.456953744271289 ] } },
{ "type": "Feature", "properties": { "year": 2026.0, "month": "May", "route": 21.0, "stop_id": "805742", "stop_name": "Lakeside Community", "total_boardings": 102, "pct_total_boardings": 0.00080259347853455876, "pct_route_boardings": 0.016867868364478254, "latitude": 44.46027, "longitude": -73.22083 }, "geometry": { "type": "Point", "coordinates": [ -73.22083, 44.46027 ] } },
{ "type": "Feature", "properties": { "year": 2026.0, "month": "May", "route": 21.0, "stop_id": "805761", "stop_name": "Colchester Avenue at Chase Street", "total_boardings": 309, "pct_total_boardings": 0.0024313861261488104, "pct_route_boardings": 0.05109971886886059, "latitude": 44.486436, "longitude": -73.186976 }, "geometry": { "type": "Point", "coordinates": [ -73.186976, 44.486436 ] } },
{ "type": "Feature", "properties": { "year": 2026.0, "month": "May", "route": 21.0, "stop_id": "815404", "stop_name": "Edmunds", "total_boardings": 1988, "pct_total_boardings": 0.015642704267908852, "pct_route_boardings": 0.32875806184885065, "latitude": 44.475857265390026, "longitude": -73.207563045196366 }, "geometry": { "type": "Point", "coordinates": [ -73.207563045196366, 44.475857265390026 ] } },
{ "type": "Feature", "properties": { "year": 2026.0, "month": "May", "route": 21.0, "stop_id": "815405", "stop_name": "North Ave. at Woodbury (Hunt School)", "total_boardings": 714, "pct_total_boardings": 0.005618154349741911, "pct_route_boardings": 0.11807507855134777, "latitude": 44.5118223, "longitude": -73.2513535 }, "geometry": { "type": "Point", "coordinates": [ -73.2513535, 44.5118223 ] } },
{ "type": "Feature", "properties": { "year": 2026.0, "month": "May", "route": 21.0, "stop_id": "815406", "stop_name": "HO Wheeler", "total_boardings": 388, "pct_total_boardings": 0.0030530026438373411, "pct_route_boardings": 0.06416404828840748, "latitude": 44.487746190080578, "longitude": -73.213888839155175 }, "geometry": { "type": "Point", "coordinates": [ -73.213888839155175, 44.487746190080578 ] } },
{ "type": "Feature", "properties": { "year": 2026.0, "month": "May", "route": 21.0, "stop_id": "815407", "stop_name": "CP Smith Elementary School", "total_boardings": 110, "pct_total_boardings": 0.00086554198665491624, "pct_route_boardings": 0.018190838432280469, "latitude": 44.512599963419312, "longitude": -73.242036893569093 }, "geometry": { "type": "Point", "coordinates": [ -73.242036893569093, 44.512599963419312 ] } },
{ "type": "Feature", "properties": { "year": 2026.0, "month": "May", "route": 21.0, "stop_id": "815412", "stop_name": "Raymond Pl", "total_boardings": 716, "pct_total_boardings": 0.0056338914767720006, "pct_route_boardings": 0.11840582106829833, "latitude": 44.450168213506878, "longitude": -73.213042968665036 }, "geometry": { "type": "Point", "coordinates": [ -73.213042968665036, 44.450168213506878 ] } },
{ "type": "Feature", "properties": { "year": 2026.0, "month": "May", "route": 21.0, "stop_id": "849122", "stop_name": "King Street at Pine Street", "total_boardings": 206, "pct_total_boardings": 0.0016209240840992069, "pct_route_boardings": 0.034066479245907062, "latitude": 44.474627262778469, "longitude": -73.215150119171767 }, "geometry": { "type": "Point", "coordinates": [ -73.215150119171767, 44.474627262778469 ] } },
{ "type": "Feature", "properties": { "year": 2026.0, "month": "May", "route": 21.0, "stop_id": "849473", "stop_name": "Flynn School Circle", "total_boardings": 113, "pct_total_boardings": 0.00088914767720005034, "pct_route_boardings": 0.0186869522077063, "latitude": 44.517348114470991, "longitude": -73.259615134172691 }, "geometry": { "type": "Point", "coordinates": [ -73.259615134172691, 44.517348114470991 ] } },
{ "type": "Feature", "properties": { "year": 2026.0, "month": "May", "route": 86.0, "stop_id": "2387294", "stop_name": "Waterbury State Complex", "total_boardings": 2, "pct_total_boardings": 1.5737127030089388e-05, "pct_route_boardings": 0.0011890606420927466, "latitude": 44.331774, "longitude": -72.754829 }, "geometry": { "type": "Point", "coordinates": [ -72.754829, 44.331774 ] } },
{ "type": "Feature", "properties": { "year": 2026.0, "month": "May", "route": 86.0, "stop_id": "2562322", "stop_name": "Downtown Transit Center", "total_boardings": 282, "pct_total_boardings": 0.0022189349112426036, "pct_route_boardings": 0.16765755053507728, "latitude": 44.479731, "longitude": -73.214298 }, "geometry": { "type": "Point", "coordinates": [ -73.214298, 44.479731 ] } },
{ "type": "Feature", "properties": { "year": 2026.0, "month": "May", "route": 86.0, "stop_id": "2574444", "stop_name": "Montpelier Transit Center", "total_boardings": 283, "pct_total_boardings": 0.0022268034747576484, "pct_route_boardings": 0.16825208085612367, "latitude": 44.2600159183554, "longitude": -72.579695735311304 }, "geometry": { "type": "Point", "coordinates": [ -72.579695735311304, 44.2600159183554 ] } },
{ "type": "Feature", "properties": { "year": 2026.0, "month": "May", "route": 86.0, "stop_id": "4212452", "stop_name": "Williston Park & Ride", "total_boardings": 46, "pct_total_boardings": 0.00036195392169205588, "pct_route_boardings": 0.027348394768133173, "latitude": 44.4382869455902, "longitude": -73.117666280292497 }, "geometry": { "type": "Point", "coordinates": [ -73.117666280292497, 44.4382869455902 ] } },
{ "type": "Feature", "properties": { "year": 2026.0, "month": "May", "route": 86.0, "stop_id": "805550", "stop_name": "Shelburne Road at Home Avenue", "total_boardings": 12, "pct_total_boardings": 9.4422762180536321e-05, "pct_route_boardings": 0.0071343638525564806, "latitude": 44.450357, "longitude": -73.209121 }, "geometry": { "type": "Point", "coordinates": [ -73.209121, 44.450357 ] } },
{ "type": "Feature", "properties": { "year": 2026.0, "month": "May", "route": 86.0, "stop_id": "805727", "stop_name": "Pine Street at Opposite Howard Street", "total_boardings": 2, "pct_total_boardings": 1.5737127030089388e-05, "pct_route_boardings": 0.0011890606420927466, "latitude": 44.46707, "longitude": -73.215043 }, "geometry": { "type": "Point", "coordinates": [ -73.215043, 44.46707 ] } },
{ "type": "Feature", "properties": { "year": 2026.0, "month": "May", "route": 86.0, "stop_id": "805728", "stop_name": "Pine Street at Burlington Electric Dept.", "total_boardings": 1, "pct_total_boardings": 7.8685635150446939e-06, "pct_route_boardings": 0.00059453032104637331, "latitude": 44.463529, "longitude": -73.214778 }, "geometry": { "type": "Point", "coordinates": [ -73.214778, 44.463529 ] } },
{ "type": "Feature", "properties": { "year": 2026.0, "month": "May", "route": 86.0, "stop_id": "805752", "stop_name": "Pearl Street at Hungerford Terrace", "total_boardings": 1, "pct_total_boardings": 7.8685635150446939e-06, "pct_route_boardings": 0.00059453032104637331, "latitude": 44.480581, "longitude": -73.207105 }, "geometry": { "type": "Point", "coordinates": [ -73.207105, 44.480581 ] } },
{ "type": "Feature", "properties": { "year": 2026.0, "month": "May", "route": 86.0, "stop_id": "805754", "stop_name": "Pearl Street at S Prospect Street (UHC)", "total_boardings": 13, "pct_total_boardings": 0.00010229132569558102, "pct_route_boardings": 0.0077288941736028535, "latitude": 44.480731, "longitude": -73.201381 }, "geometry": { "type": "Point", "coordinates": [ -73.201381, 44.480731 ] } },
{ "type": "Feature", "properties": { "year": 2026.0, "month": "May", "route": 86.0, "stop_id": "805757", "stop_name": "UVM Medical Center", "total_boardings": 496, "pct_total_boardings": 0.0039028075034621681, "pct_route_boardings": 0.29488703923900117, "latitude": 44.478656664110503, "longitude": -73.193969644180299 }, "geometry": { "type": "Point", "coordinates": [ -73.193969644180299, 44.478656664110503 ] } },
{ "type": "Feature", "properties": { "year": 2026.0, "month": "May", "route": 86.0, "stop_id": "805946", "stop_name": "Williston Road at Staples Plaza", "total_boardings": 14, "pct_total_boardings": 0.00011015988921062571, "pct_route_boardings": 0.0083234244946492272, "latitude": 44.471708, "longitude": -73.188722 }, "geometry": { "type": "Point", "coordinates": [ -73.188722, 44.471708 ] } },
{ "type": "Feature", "properties": { "year": 2026.0, "month": "May", "route": 86.0, "stop_id": "806003", "stop_name": "College Street at Pine Street", "total_boardings": 1, "pct_total_boardings": 7.8685635150446939e-06, "pct_route_boardings": 0.00059453032104637331, "latitude": 44.476926993503298, "longitude": -73.2158524026283 }, "geometry": { "type": "Point", "coordinates": [ -73.2158524026283, 44.476926993503298 ] } },
{ "type": "Feature", "properties": { "year": 2026.0, "month": "May", "route": 86.0, "stop_id": "806020", "stop_name": "National Life", "total_boardings": 122, "pct_total_boardings": 0.00095996474883545263, "pct_route_boardings": 0.072532699167657547, "latitude": 44.255657, "longitude": -72.584187 }, "geometry": { "type": "Point", "coordinates": [ -72.584187, 44.255657 ] } },
{ "type": "Feature", "properties": { "year": 2026.0, "month": "May", "route": 86.0, "stop_id": "806021", "stop_name": "Richmond Park and Ride", "total_boardings": 191, "pct_total_boardings": 0.0015028956313735365, "pct_route_boardings": 0.11355529131985731, "latitude": 44.42328, "longitude": -73.008347 }, "geometry": { "type": "Point", "coordinates": [ -73.008347, 44.42328 ] } },
{ "type": "Feature", "properties": { "year": 2026.0, "month": "May", "route": 86.0, "stop_id": "806022", "stop_name": "Waterbury Park and Ride", "total_boardings": 93, "pct_total_boardings": 0.00073177640689915647, "pct_route_boardings": 0.055291319857312726, "latitude": 44.345122, "longitude": -72.74333 }, "geometry": { "type": "Point", "coordinates": [ -72.74333, 44.345122 ] } },
{ "type": "Feature", "properties": { "year": 2026.0, "month": "May", "route": 86.0, "stop_id": "806049", "stop_name": "Department of Labor Park and Ride", "total_boardings": 114, "pct_total_boardings": 0.00089701624071509504, "pct_route_boardings": 0.067776456599286564, "latitude": 44.259345, "longitude": -72.590836 }, "geometry": { "type": "Point", "coordinates": [ -72.590836, 44.259345 ] } },
{ "type": "Feature", "properties": { "year": 2026.0, "month": "May", "route": 86.0, "stop_id": "806179", "stop_name": "Pine Street at Maple Street", "total_boardings": 8, "pct_total_boardings": 6.2948508120357552e-05, "pct_route_boardings": 0.0047562425683709865, "latitude": 44.473686, "longitude": -73.215509 }, "geometry": { "type": "Point", "coordinates": [ -73.215509, 44.473686 ] } },
{ "type": "Feature", "properties": { "year": 2026.0, "month": "May", "route": 86.0, "stop_id": "806180", "stop_name": "Flynn Avenue at Richardson Street", "total_boardings": 1, "pct_total_boardings": 7.8685635150446939e-06, "pct_route_boardings": 0.00059453032104637331, "latitude": 44.455277, "longitude": -73.212695 }, "geometry": { "type": "Point", "coordinates": [ -73.212695, 44.455277 ] } },
{ "type": "Feature", "properties": { "year": 2026.0, "month": "May", "route": 96.0, "stop_id": "2562322", "stop_name": "Downtown Transit Center", "total_boardings": 251, "pct_total_boardings": 0.001975009442276218, "pct_route_boardings": 0.23414179104477612, "latitude": 44.479731, "longitude": -73.214298 }, "geometry": { "type": "Point", "coordinates": [ -73.214298, 44.479731 ] } },
{ "type": "Feature", "properties": { "year": 2026.0, "month": "May", "route": 96.0, "stop_id": "2574545", "stop_name": "Creek Farm Plaza", "total_boardings": 3, "pct_total_boardings": 2.360569054513408e-05, "pct_route_boardings": 0.002798507462686567, "latitude": 44.551422, "longitude": -73.16359 }, "geometry": { "type": "Point", "coordinates": [ -73.16359, 44.551422 ] } },
{ "type": "Feature", "properties": { "year": 2026.0, "month": "May", "route": 96.0, "stop_id": "4255696", "stop_name": "Saint Albans Park and Ride", "total_boardings": 167, "pct_total_boardings": 0.0013140501070124638, "pct_route_boardings": 0.15578358208955223, "latitude": 44.804924, "longitude": -73.069639 }, "geometry": { "type": "Point", "coordinates": [ -73.069639, 44.804924 ] } },
{ "type": "Feature", "properties": { "year": 2026.0, "month": "May", "route": 96.0, "stop_id": "4256754", "stop_name": "Creek Farm Plaza", "total_boardings": 18, "pct_total_boardings": 0.00014163414327080447, "pct_route_boardings": 0.016791044776119403, "latitude": 44.551831, "longitude": -73.163725 }, "geometry": { "type": "Point", "coordinates": [ -73.163725, 44.551831 ] } },
{ "type": "Feature", "properties": { "year": 2026.0, "month": "May", "route": 96.0, "stop_id": "4256763", "stop_name": "River Street at Main Street", "total_boardings": 2, "pct_total_boardings": 1.5737127030089388e-05, "pct_route_boardings": 0.0018656716417910447, "latitude": 44.639824, "longitude": -73.113325 }, "geometry": { "type": "Point", "coordinates": [ -73.113325, 44.639824 ] } },
{ "type": "Feature", "properties": { "year": 2026.0, "month": "May", "route": 96.0, "stop_id": "4256766", "stop_name": "River Street Park", "total_boardings": 16, "pct_total_boardings": 0.0001258970162407151, "pct_route_boardings": 0.014925373134328358, "latitude": 44.637401, "longitude": -73.1137 }, "geometry": { "type": "Point", "coordinates": [ -73.1137, 44.637401 ] } },
{ "type": "Feature", "properties": { "year": 2026.0, "month": "May", "route": 96.0, "stop_id": "4256767", "stop_name": "River Street at Opposite Villemaire Lane", "total_boardings": 7, "pct_total_boardings": 5.5079944605312853e-05, "pct_route_boardings": 0.0065298507462686565, "latitude": 44.627308, "longitude": -73.1170779 }, "geometry": { "type": "Point", "coordinates": [ -73.1170779, 44.627308 ] } },
{ "type": "Feature", "properties": { "year": 2026.0, "month": "May", "route": 96.0, "stop_id": "4256768", "stop_name": "259 US 7-Milton Square", "total_boardings": 3, "pct_total_boardings": 2.360569054513408e-05, "pct_route_boardings": 0.002798507462686567, "latitude": 44.623179, "longitude": -73.120129 }, "geometry": { "type": "Point", "coordinates": [ -73.120129, 44.623179 ] } },
{ "type": "Feature", "properties": { "year": 2026.0, "month": "May", "route": 96.0, "stop_id": "4256770", "stop_name": "Fairfield Street at Northwestern Medical Center", "total_boardings": 6, "pct_total_boardings": 4.721138109026816e-05, "pct_route_boardings": 0.005597014925373134, "latitude": 44.80638, "longitude": -73.072262 }, "geometry": { "type": "Point", "coordinates": [ -73.072262, 44.80638 ] } },
{ "type": "Feature", "properties": { "year": 2026.0, "month": "May", "route": 96.0, "stop_id": "4256771", "stop_name": "Fairfield Street at opposite Northwestern Medical Center", "total_boardings": 1, "pct_total_boardings": 7.8685635150446939e-06, "pct_route_boardings": 0.00093283582089552237, "latitude": 44.806265, "longitude": -73.072225 }, "geometry": { "type": "Point", "coordinates": [ -73.072225, 44.806265 ] } },
{ "type": "Feature", "properties": { "year": 2026.0, "month": "May", "route": 96.0, "stop_id": "805621", "stop_name": "Main Street at Platt Street", "total_boardings": 29, "pct_total_boardings": 0.00022818834193629611, "pct_route_boardings": 0.027052238805970148, "latitude": 44.493943, "longitude": -73.186434 }, "geometry": { "type": "Point", "coordinates": [ -73.186434, 44.493943 ] } },
{ "type": "Feature", "properties": { "year": 2026.0, "month": "May", "route": 96.0, "stop_id": "805757", "stop_name": "UVM Medical Center", "total_boardings": 178, "pct_total_boardings": 0.0014006043056779553, "pct_route_boardings": 0.16604477611940299, "latitude": 44.478656664110503, "longitude": -73.193969644180299 }, "geometry": { "type": "Point", "coordinates": [ -73.193969644180299, 44.478656664110503 ] } },
{ "type": "Feature", "properties": { "year": 2026.0, "month": "May", "route": 96.0, "stop_id": "805763", "stop_name": "Winooski Falls/Champlain Mill", "total_boardings": 37, "pct_total_boardings": 0.00029113685005665365, "pct_route_boardings": 0.034514925373134331, "latitude": 44.49022, "longitude": -73.18437 }, "geometry": { "type": "Point", "coordinates": [ -73.18437, 44.49022 ] } },
{ "type": "Feature", "properties": { "year": 2026.0, "month": "May", "route": 96.0, "stop_id": "806052", "stop_name": "Chimney Corners Park & Ride", "total_boardings": 22, "pct_total_boardings": 0.00017310839733098324, "pct_route_boardings": 0.020522388059701493, "latitude": 44.595, "longitude": -73.16538 }, "geometry": { "type": "Point", "coordinates": [ -73.16538, 44.595 ] } },
{ "type": "Feature", "properties": { "year": 2026.0, "month": "May", "route": 96.0, "stop_id": "806053", "stop_name": "Georgia Park & Ride", "total_boardings": 7, "pct_total_boardings": 5.5079944605312853e-05, "pct_route_boardings": 0.0065298507462686565, "latitude": 44.6988434, "longitude": -73.1056939 }, "geometry": { "type": "Point", "coordinates": [ -73.1056939, 44.6988434 ] } },
{ "type": "Feature", "properties": { "year": 2026.0, "month": "May", "route": 96.0, "stop_id": "806120", "stop_name": "US 7 at Centre Drive", "total_boardings": 15, "pct_total_boardings": 0.0001180284527256704, "pct_route_boardings": 0.013992537313432836, "latitude": 44.622440610065837, "longitude": -73.122037430645491 }, "geometry": { "type": "Point", "coordinates": [ -73.122037430645491, 44.622440610065837 ] } },
{ "type": "Feature", "properties": { "year": 2026.0, "month": "May", "route": 96.0, "stop_id": "806127", "stop_name": "Milton Town Office Park & Ride", "total_boardings": 108, "pct_total_boardings": 0.00084980485962482684, "pct_route_boardings": 0.10074626865671642, "latitude": 44.618487707147665, "longitude": -73.124878081192008 }, "geometry": { "type": "Point", "coordinates": [ -73.124878081192008, 44.618487707147665 ] } },
{ "type": "Feature", "properties": { "year": 2026.0, "month": "May", "route": 96.0, "stop_id": "806148", "stop_name": "Main Street at Opposite Platt Street", "total_boardings": 4, "pct_total_boardings": 3.1474254060178776e-05, "pct_route_boardings": 0.0037313432835820895, "latitude": 44.4937759566455, "longitude": -73.186658241733497 }, "geometry": { "type": "Point", "coordinates": [ -73.186658241733497, 44.4937759566455 ] } },
{ "type": "Feature", "properties": { "year": 2026.0, "month": "May", "route": 96.0, "stop_id": "806165", "stop_name": "Severance Corners", "total_boardings": 10, "pct_total_boardings": 7.8685635150446936e-05, "pct_route_boardings": 0.0093283582089552231, "latitude": 44.5282694, "longitude": -73.1747521 }, "geometry": { "type": "Point", "coordinates": [ -73.1747521, 44.5282694 ] } },
{ "type": "Feature", "properties": { "year": 2026.0, "month": "May", "route": 96.0, "stop_id": "806169", "stop_name": "Water Tower Hill/Albany College of Pharmacy and Health Sciences", "total_boardings": 14, "pct_total_boardings": 0.00011015988921062571, "pct_route_boardings": 0.013059701492537313, "latitude": 44.509066, "longitude": -73.185039 }, "geometry": { "type": "Point", "coordinates": [ -73.185039, 44.509066 ] } },
{ "type": "Feature", "properties": { "year": 2026.0, "month": "May", "route": 96.0, "stop_id": "806188", "stop_name": "S Main Street at New Street", "total_boardings": 24, "pct_total_boardings": 0.00018884552436107264, "pct_route_boardings": 0.022388059701492536, "latitude": 44.806083, "longitude": -73.085288 }, "geometry": { "type": "Point", "coordinates": [ -73.085288, 44.806083 ] } },
{ "type": "Feature", "properties": { "year": 2026.0, "month": "May", "route": 96.0, "stop_id": "806189", "stop_name": "South Main Street at St. Albans Police Department", "total_boardings": 19, "pct_total_boardings": 0.00014950270678584917, "pct_route_boardings": 0.017723880597014924, "latitude": 44.803963, "longitude": -73.086992 }, "geometry": { "type": "Point", "coordinates": [ -73.086992, 44.803963 ] } },
{ "type": "Feature", "properties": { "year": 2026.0, "month": "May", "route": 96.0, "stop_id": "806193", "stop_name": "S Main Street at Upper Gilman Street", "total_boardings": 17, "pct_total_boardings": 0.00013376557975575977, "pct_route_boardings": 0.015858208955223881, "latitude": 44.80425, "longitude": -73.086534 }, "geometry": { "type": "Point", "coordinates": [ -73.086534, 44.80425 ] } },
{ "type": "Feature", "properties": { "year": 2026.0, "month": "May", "route": 96.0, "stop_id": "806194", "stop_name": "S Main Street at Upper Weldon Street", "total_boardings": 75, "pct_total_boardings": 0.00059014226362835199, "pct_route_boardings": 0.069962686567164173, "latitude": 44.806508, "longitude": -73.084709 }, "geometry": { "type": "Point", "coordinates": [ -73.084709, 44.806508 ] } },
{ "type": "Feature", "properties": { "year": 2026.0, "month": "May", "route": 96.0, "stop_id": "847926", "stop_name": "Birchwood Park", "total_boardings": 39, "pct_total_boardings": 0.00030687397708674305, "pct_route_boardings": 0.036380597014925374, "latitude": 44.633361, "longitude": -73.150694 }, "geometry": { "type": "Point", "coordinates": [ -73.150694, 44.633361 ] } },
{ "type": "Feature", "properties": { "year": 2026.0, "month": "May", "route": 756.0, "stop_id": "2562322", "stop_name": "Downtown Transit Center", "total_boardings": 42, "pct_total_boardings": 0.00033047966763187714, "pct_route_boardings": 0.24705882352941178, "latitude": 44.479731, "longitude": -73.214298 }, "geometry": { "type": "Point", "coordinates": [ -73.214298, 44.479731 ] } },
{ "type": "Feature", "properties": { "year": 2026.0, "month": "May", "route": 756.0, "stop_id": "4254390", "stop_name": "Shelburne Road at Opposite Marion St", "total_boardings": 4, "pct_total_boardings": 3.1474254060178776e-05, "pct_route_boardings": 0.023529411764705882, "latitude": 44.464545793, "longitude": -73.207594826999994 }, "geometry": { "type": "Point", "coordinates": [ -73.207594827, 44.464545793 ] } },
{ "type": "Feature", "properties": { "year": 2026.0, "month": "May", "route": 756.0, "stop_id": "4254458", "stop_name": "Queen City Park Rd. at 733 Queen City Park Rd.", "total_boardings": 3, "pct_total_boardings": 2.360569054513408e-05, "pct_route_boardings": 0.017647058823529412, "latitude": 44.445084972508297, "longitude": -73.212062499413292 }, "geometry": { "type": "Point", "coordinates": [ -73.212062499413292, 44.445084972508297 ] } },
{ "type": "Feature", "properties": { "year": 2026.0, "month": "May", "route": 756.0, "stop_id": "805484", "stop_name": "S. Winooski Avenue at Bank Street", "total_boardings": 7, "pct_total_boardings": 5.5079944605312853e-05, "pct_route_boardings": 0.041176470588235294, "latitude": 44.478387, "longitude": -73.211225 }, "geometry": { "type": "Point", "coordinates": [ -73.211225, 44.478387 ] } },
{ "type": "Feature", "properties": { "year": 2026.0, "month": "May", "route": 756.0, "stop_id": "805534", "stop_name": "Main Street at S Union Street", "total_boardings": 1, "pct_total_boardings": 7.8685635150446939e-06, "pct_route_boardings": 0.0058823529411764705, "latitude": 44.47612, "longitude": -73.20933 }, "geometry": { "type": "Point", "coordinates": [ -73.20933, 44.47612 ] } },
{ "type": "Feature", "properties": { "year": 2026.0, "month": "May", "route": 756.0, "stop_id": "805537", "stop_name": "Battery Street at College Street", "total_boardings": 1, "pct_total_boardings": 7.8685635150446939e-06, "pct_route_boardings": 0.0058823529411764705, "latitude": 44.4766, "longitude": -73.21867 }, "geometry": { "type": "Point", "coordinates": [ -73.21867, 44.4766 ] } },
{ "type": "Feature", "properties": { "year": 2026.0, "month": "May", "route": 756.0, "stop_id": "805595", "stop_name": "Shelburne Road at Farrell Street", "total_boardings": 48, "pct_total_boardings": 0.00037769104872214528, "pct_route_boardings": 0.28235294117647058, "latitude": 44.450421, "longitude": -73.208905 }, "geometry": { "type": "Point", "coordinates": [ -73.208905, 44.450421 ] } },
{ "type": "Feature", "properties": { "year": 2026.0, "month": "May", "route": 756.0, "stop_id": "805596", "stop_name": "Shelburne Road at Hadley Road", "total_boardings": 4, "pct_total_boardings": 3.1474254060178776e-05, "pct_route_boardings": 0.023529411764705882, "latitude": 44.452346, "longitude": -73.208731 }, "geometry": { "type": "Point", "coordinates": [ -73.208731, 44.452346 ] } },
{ "type": "Feature", "properties": { "year": 2026.0, "month": "May", "route": 756.0, "stop_id": "805597", "stop_name": "Shelburne Road at Proctor Avenue", "total_boardings": 3, "pct_total_boardings": 2.360569054513408e-05, "pct_route_boardings": 0.017647058823529412, "latitude": 44.454962514117597, "longitude": -73.208439575486196 }, "geometry": { "type": "Point", "coordinates": [ -73.208439575486196, 44.454962514117597 ] } },
{ "type": "Feature", "properties": { "year": 2026.0, "month": "May", "route": 756.0, "stop_id": "805598", "stop_name": "Shelburne Road at Kinney Drugs", "total_boardings": 3, "pct_total_boardings": 2.360569054513408e-05, "pct_route_boardings": 0.017647058823529412, "latitude": 44.456778, "longitude": -73.208325 }, "geometry": { "type": "Point", "coordinates": [ -73.208325, 44.456778 ] } },
{ "type": "Feature", "properties": { "year": 2026.0, "month": "May", "route": 756.0, "stop_id": "805599", "stop_name": "Shelburne Road at Clymer Street", "total_boardings": 1, "pct_total_boardings": 7.8685635150446939e-06, "pct_route_boardings": 0.0058823529411764705, "latitude": 44.458365, "longitude": -73.208201 }, "geometry": { "type": "Point", "coordinates": [ -73.208201, 44.458365 ] } },
{ "type": "Feature", "properties": { "year": 2026.0, "month": "May", "route": 756.0, "stop_id": "805602", "stop_name": "S Union Street at Howard Street", "total_boardings": 2, "pct_total_boardings": 1.5737127030089388e-05, "pct_route_boardings": 0.011764705882352941, "latitude": 44.4672, "longitude": -73.20783 }, "geometry": { "type": "Point", "coordinates": [ -73.20783, 44.4672 ] } },
{ "type": "Feature", "properties": { "year": 2026.0, "month": "May", "route": 756.0, "stop_id": "805604", "stop_name": "S Union Street at Spruce Street", "total_boardings": 1, "pct_total_boardings": 7.8685635150446939e-06, "pct_route_boardings": 0.0058823529411764705, "latitude": 44.470452, "longitude": -73.208604 }, "geometry": { "type": "Point", "coordinates": [ -73.208604, 44.470452 ] } },
{ "type": "Feature", "properties": { "year": 2026.0, "month": "May", "route": 756.0, "stop_id": "805664", "stop_name": "Maple Street at Church Street", "total_boardings": 3, "pct_total_boardings": 2.360569054513408e-05, "pct_route_boardings": 0.017647058823529412, "latitude": 44.473771, "longitude": -73.212224 }, "geometry": { "type": "Point", "coordinates": [ -73.212224, 44.473771 ] } },
{ "type": "Feature", "properties": { "year": 2026.0, "month": "May", "route": 756.0, "stop_id": "805665", "stop_name": "Maple Street at St Paul Street", "total_boardings": 3, "pct_total_boardings": 2.360569054513408e-05, "pct_route_boardings": 0.017647058823529412, "latitude": 44.473688, "longitude": -73.213657 }, "geometry": { "type": "Point", "coordinates": [ -73.213657, 44.473688 ] } },
{ "type": "Feature", "properties": { "year": 2026.0, "month": "May", "route": 756.0, "stop_id": "805724", "stop_name": "Opposite 230 St Paul Street", "total_boardings": 10, "pct_total_boardings": 7.8685635150446936e-05, "pct_route_boardings": 0.058823529411764705, "latitude": 44.472575866378598, "longitude": -73.213879426506651 }, "geometry": { "type": "Point", "coordinates": [ -73.213879426506651, 44.472575866378598 ] } },
{ "type": "Feature", "properties": { "year": 2026.0, "month": "May", "route": 756.0, "stop_id": "805725", "stop_name": "Kilburn Street at Pine Street", "total_boardings": 1, "pct_total_boardings": 7.8685635150446939e-06, "pct_route_boardings": 0.0058823529411764705, "latitude": 44.471083, "longitude": -73.215057 }, "geometry": { "type": "Point", "coordinates": [ -73.215057, 44.471083 ] } },
{ "type": "Feature", "properties": { "year": 2026.0, "month": "May", "route": 756.0, "stop_id": "805726", "stop_name": "Pine Street Opposite Pine Place (Old Greyhound)", "total_boardings": 1, "pct_total_boardings": 7.8685635150446939e-06, "pct_route_boardings": 0.0058823529411764705, "latitude": 44.469792, "longitude": -73.215209 }, "geometry": { "type": "Point", "coordinates": [ -73.215209, 44.469792 ] } },
{ "type": "Feature", "properties": { "year": 2026.0, "month": "May", "route": 756.0, "stop_id": "805727", "stop_name": "Pine Street at Opposite Howard Street", "total_boardings": 6, "pct_total_boardings": 4.721138109026816e-05, "pct_route_boardings": 0.035294117647058823, "latitude": 44.46707, "longitude": -73.215043 }, "geometry": { "type": "Point", "coordinates": [ -73.215043, 44.46707 ] } },
{ "type": "Feature", "properties": { "year": 2026.0, "month": "May", "route": 756.0, "stop_id": "805728", "stop_name": "Pine Street at Burlington Electric Dept.", "total_boardings": 2, "pct_total_boardings": 1.5737127030089388e-05, "pct_route_boardings": 0.011764705882352941, "latitude": 44.463529, "longitude": -73.214778 }, "geometry": { "type": "Point", "coordinates": [ -73.214778, 44.463529 ] } },
{ "type": "Feature", "properties": { "year": 2026.0, "month": "May", "route": 756.0, "stop_id": "805730", "stop_name": "Pine Street at Long Trail Phys. Therapy", "total_boardings": 1, "pct_total_boardings": 7.8685635150446939e-06, "pct_route_boardings": 0.0058823529411764705, "latitude": 44.457489, "longitude": -73.214395 }, "geometry": { "type": "Point", "coordinates": [ -73.214395, 44.457489 ] } },
{ "type": "Feature", "properties": { "year": 2026.0, "month": "May", "route": 756.0, "stop_id": "805731", "stop_name": "Howard Center", "total_boardings": 4, "pct_total_boardings": 3.1474254060178776e-05, "pct_route_boardings": 0.023529411764705882, "latitude": 44.455878051784822, "longitude": -73.214332365078349 }, "geometry": { "type": "Point", "coordinates": [ -73.214332365078349, 44.455878051784822 ] } },
{ "type": "Feature", "properties": { "year": 2026.0, "month": "May", "route": 756.0, "stop_id": "805732", "stop_name": "Pine Street at Lyman Avenue", "total_boardings": 3, "pct_total_boardings": 2.360569054513408e-05, "pct_route_boardings": 0.017647058823529412, "latitude": 44.453353, "longitude": -73.214448 }, "geometry": { "type": "Point", "coordinates": [ -73.214448, 44.453353 ] } },
{ "type": "Feature", "properties": { "year": 2026.0, "month": "May", "route": 756.0, "stop_id": "805734", "stop_name": "Green Mountain Transit Office", "total_boardings": 2, "pct_total_boardings": 1.5737127030089388e-05, "pct_route_boardings": 0.011764705882352941, "latitude": 44.450385, "longitude": -73.219485 }, "geometry": { "type": "Point", "coordinates": [ -73.219485, 44.450385 ] } },
{ "type": "Feature", "properties": { "year": 2026.0, "month": "May", "route": 756.0, "stop_id": "805735", "stop_name": "Queen City Park Road at Central Avenue", "total_boardings": 1, "pct_total_boardings": 7.8685635150446939e-06, "pct_route_boardings": 0.0058823529411764705, "latitude": 44.446374584413178, "longitude": -73.219588287761781 }, "geometry": { "type": "Point", "coordinates": [ -73.219588287761781, 44.446374584413178 ] } },
{ "type": "Feature", "properties": { "year": 2026.0, "month": "May", "route": 756.0, "stop_id": "805736", "stop_name": "Queen City Park Road at Opposite Pine Street", "total_boardings": 3, "pct_total_boardings": 2.360569054513408e-05, "pct_route_boardings": 0.017647058823529412, "latitude": 44.446265, "longitude": -73.215134 }, "geometry": { "type": "Point", "coordinates": [ -73.215134, 44.446265 ] } },
{ "type": "Feature", "properties": { "year": 2026.0, "month": "May", "route": 756.0, "stop_id": "805906", "stop_name": "S. Winooski Avenue at King Street", "total_boardings": 4, "pct_total_boardings": 3.1474254060178776e-05, "pct_route_boardings": 0.023529411764705882, "latitude": 44.475317956005064, "longitude": -73.21098945119671 }, "geometry": { "type": "Point", "coordinates": [ -73.21098945119671, 44.475317956005064 ] } },
{ "type": "Feature", "properties": { "year": 2026.0, "month": "May", "route": 756.0, "stop_id": "805911", "stop_name": "Shelburne Road at Alfred Street", "total_boardings": 2, "pct_total_boardings": 1.5737127030089388e-05, "pct_route_boardings": 0.011764705882352941, "latitude": 44.459642, "longitude": -73.20808 }, "geometry": { "type": "Point", "coordinates": [ -73.20808, 44.459642 ] } },
{ "type": "Feature", "properties": { "year": 2026.0, "month": "May", "route": 756.0, "stop_id": "805918", "stop_name": "Pine Street at Lakeside Avenue (Cumberland Farms)", "total_boardings": 1, "pct_total_boardings": 7.8685635150446939e-06, "pct_route_boardings": 0.0058823529411764705, "latitude": 44.460789, "longitude": -73.214604 }, "geometry": { "type": "Point", "coordinates": [ -73.214604, 44.460789 ] } },
{ "type": "Feature", "properties": { "year": 2026.0, "month": "May", "route": 756.0, "stop_id": "806010", "stop_name": "Rhino Foods", "total_boardings": 3, "pct_total_boardings": 2.360569054513408e-05, "pct_route_boardings": 0.017647058823529412, "latitude": 44.44913, "longitude": -73.220151 }, "geometry": { "type": "Point", "coordinates": [ -73.220151, 44.44913 ] } },
{ "type": "Feature", "properties": { "year": 2026.0, "month": "May", "route": 778.0, "stop_id": "2562322", "stop_name": "Downtown Transit Center", "total_boardings": 130, "pct_total_boardings": 0.0010229132569558102, "pct_route_boardings": 0.33766233766233766, "latitude": 44.479731, "longitude": -73.214298 }, "geometry": { "type": "Point", "coordinates": [ -73.214298, 44.479731 ] } },
{ "type": "Feature", "properties": { "year": 2026.0, "month": "May", "route": 778.0, "stop_id": "805608", "stop_name": "Elmwood Avenue at Elmwood Center", "total_boardings": 2, "pct_total_boardings": 1.5737127030089388e-05, "pct_route_boardings": 0.0051948051948051948, "latitude": 44.48132, "longitude": -73.21352 }, "geometry": { "type": "Point", "coordinates": [ -73.21352, 44.48132 ] } },
{ "type": "Feature", "properties": { "year": 2026.0, "month": "May", "route": 778.0, "stop_id": "805648", "stop_name": "N Union Street at N Winooski Avenue", "total_boardings": 1, "pct_total_boardings": 7.8685635150446939e-06, "pct_route_boardings": 0.0025974025974025974, "latitude": 44.4861, "longitude": -73.20968 }, "geometry": { "type": "Point", "coordinates": [ -73.20968, 44.4861 ] } },
{ "type": "Feature", "properties": { "year": 2026.0, "month": "May", "route": 778.0, "stop_id": "805649", "stop_name": "N Winooski Avenue at Archibald Street", "total_boardings": 3, "pct_total_boardings": 2.360569054513408e-05, "pct_route_boardings": 0.0077922077922077922, "latitude": 44.48767, "longitude": -73.2081 }, "geometry": { "type": "Point", "coordinates": [ -73.2081, 44.48767 ] } },
{ "type": "Feature", "properties": { "year": 2026.0, "month": "May", "route": 778.0, "stop_id": "805650", "stop_name": "Archibald Street at N Willard Street", "total_boardings": 3, "pct_total_boardings": 2.360569054513408e-05, "pct_route_boardings": 0.0077922077922077922, "latitude": 44.488026, "longitude": -73.206167 }, "geometry": { "type": "Point", "coordinates": [ -73.206167, 44.488026 ] } },
{ "type": "Feature", "properties": { "year": 2026.0, "month": "May", "route": 778.0, "stop_id": "805653", "stop_name": "N Prospect Street at Pearl Street", "total_boardings": 1, "pct_total_boardings": 7.8685635150446939e-06, "pct_route_boardings": 0.0025974025974025974, "latitude": 44.48102, "longitude": -73.20082 }, "geometry": { "type": "Point", "coordinates": [ -73.20082, 44.48102 ] } },
{ "type": "Feature", "properties": { "year": 2026.0, "month": "May", "route": 778.0, "stop_id": "805669", "stop_name": "North Street at Opposite Murray Street", "total_boardings": 11, "pct_total_boardings": 8.6554198665491621e-05, "pct_route_boardings": 0.028571428571428571, "latitude": 44.48468, "longitude": -73.21585 }, "geometry": { "type": "Point", "coordinates": [ -73.21585, 44.48468 ] } },
{ "type": "Feature", "properties": { "year": 2026.0, "month": "May", "route": 778.0, "stop_id": "805670", "stop_name": "North Street at N. Champlain Street", "total_boardings": 6, "pct_total_boardings": 4.721138109026816e-05, "pct_route_boardings": 0.015584415584415584, "latitude": 44.48464, "longitude": -73.21755 }, "geometry": { "type": "Point", "coordinates": [ -73.21755, 44.48464 ] } },
{ "type": "Feature", "properties": { "year": 2026.0, "month": "May", "route": 778.0, "stop_id": "805671", "stop_name": "North Street at Blodgett Street", "total_boardings": 2, "pct_total_boardings": 1.5737127030089388e-05, "pct_route_boardings": 0.0051948051948051948, "latitude": 44.48448, "longitude": -73.22113 }, "geometry": { "type": "Point", "coordinates": [ -73.22113, 44.48448 ] } },
{ "type": "Feature", "properties": { "year": 2026.0, "month": "May", "route": 778.0, "stop_id": "805672", "stop_name": "North Avenue at Strong Street", "total_boardings": 2, "pct_total_boardings": 1.5737127030089388e-05, "pct_route_boardings": 0.0051948051948051948, "latitude": 44.48555, "longitude": -73.22318 }, "geometry": { "type": "Point", "coordinates": [ -73.22318, 44.48555 ] } },
{ "type": "Feature", "properties": { "year": 2026.0, "month": "May", "route": 778.0, "stop_id": "805673", "stop_name": "North Avenue at Washington Street", "total_boardings": 7, "pct_total_boardings": 5.5079944605312853e-05, "pct_route_boardings": 0.018181818181818181, "latitude": 44.48783, "longitude": -73.22497 }, "geometry": { "type": "Point", "coordinates": [ -73.22497, 44.48783 ] } },
{ "type": "Feature", "properties": { "year": 2026.0, "month": "May", "route": 778.0, "stop_id": "805675", "stop_name": "North Ave at Opposite Cambrian Rise", "total_boardings": 9, "pct_total_boardings": 7.0817071635402237e-05, "pct_route_boardings": 0.023376623376623377, "latitude": 44.490374789966715, "longitude": -73.226944982909245 }, "geometry": { "type": "Point", "coordinates": [ -73.226944982909245, 44.490374789966715 ] } },
{ "type": "Feature", "properties": { "year": 2026.0, "month": "May", "route": 778.0, "stop_id": "805676", "stop_name": "North Avenue at Opposite Lakeview Cem.", "total_boardings": 1, "pct_total_boardings": 7.8685635150446939e-06, "pct_route_boardings": 0.0025974025974025974, "latitude": 44.49305, "longitude": -73.22907 }, "geometry": { "type": "Point", "coordinates": [ -73.22907, 44.49305 ] } },
{ "type": "Feature", "properties": { "year": 2026.0, "month": "May", "route": 778.0, "stop_id": "805677", "stop_name": "Opposite Burlington High School", "total_boardings": 1, "pct_total_boardings": 7.8685635150446939e-06, "pct_route_boardings": 0.0025974025974025974, "latitude": 44.49637, "longitude": -73.23165 }, "geometry": { "type": "Point", "coordinates": [ -73.23165, 44.49637 ] } },
{ "type": "Feature", "properties": { "year": 2026.0, "month": "May", "route": 778.0, "stop_id": "805678", "stop_name": "North Avenue at Beltline", "total_boardings": 1, "pct_total_boardings": 7.8685635150446939e-06, "pct_route_boardings": 0.0025974025974025974, "latitude": 44.50003, "longitude": -73.23538 }, "geometry": { "type": "Point", "coordinates": [ -73.23538, 44.50003 ] } },
{ "type": "Feature", "properties": { "year": 2026.0, "month": "May", "route": 778.0, "stop_id": "805682", "stop_name": "Opposite Ethan Allen Shopping Center", "total_boardings": 12, "pct_total_boardings": 9.4422762180536321e-05, "pct_route_boardings": 0.031168831168831169, "latitude": 44.506693071031577, "longitude": -73.244366678573783 }, "geometry": { "type": "Point", "coordinates": [ -73.244366678573783, 44.506693071031577 ] } },
{ "type": "Feature", "properties": { "year": 2026.0, "month": "May", "route": 778.0, "stop_id": "805683", "stop_name": "North Avenue at Poirier Place", "total_boardings": 4, "pct_total_boardings": 3.1474254060178776e-05, "pct_route_boardings": 0.01038961038961039, "latitude": 44.508373, "longitude": -73.2467 }, "geometry": { "type": "Point", "coordinates": [ -73.2467, 44.508373 ] } },
{ "type": "Feature", "properties": { "year": 2026.0, "month": "May", "route": 778.0, "stop_id": "805684", "stop_name": "North Avenue at Heineberg Road", "total_boardings": 5, "pct_total_boardings": 3.9342817575223468e-05, "pct_route_boardings": 0.012987012987012988, "latitude": 44.509442, "longitude": -73.248161 }, "geometry": { "type": "Point", "coordinates": [ -73.248161, 44.509442 ] } },
{ "type": "Feature", "properties": { "year": 2026.0, "month": "May", "route": 778.0, "stop_id": "805686", "stop_name": "North Avenue at Bessery Market", "total_boardings": 2, "pct_total_boardings": 1.5737127030089388e-05, "pct_route_boardings": 0.0051948051948051948, "latitude": 44.51227, "longitude": -73.25198 }, "geometry": { "type": "Point", "coordinates": [ -73.25198, 44.51227 ] } },
{ "type": "Feature", "properties": { "year": 2026.0, "month": "May", "route": 778.0, "stop_id": "805687", "stop_name": "North Avenue at Edgemoor Drive", "total_boardings": 5, "pct_total_boardings": 3.9342817575223468e-05, "pct_route_boardings": 0.012987012987012988, "latitude": 44.51292, "longitude": -73.25287 }, "geometry": { "type": "Point", "coordinates": [ -73.25287, 44.51292 ] } },
{ "type": "Feature", "properties": { "year": 2026.0, "month": "May", "route": 778.0, "stop_id": "805688", "stop_name": "North Avenue at Cayuga Court", "total_boardings": 1, "pct_total_boardings": 7.8685635150446939e-06, "pct_route_boardings": 0.0025974025974025974, "latitude": 44.51372, "longitude": -73.25393 }, "geometry": { "type": "Point", "coordinates": [ -73.25393, 44.51372 ] } },
{ "type": "Feature", "properties": { "year": 2026.0, "month": "May", "route": 778.0, "stop_id": "805689", "stop_name": "North Avenue at Birch Court", "total_boardings": 4, "pct_total_boardings": 3.1474254060178776e-05, "pct_route_boardings": 0.01038961038961039, "latitude": 44.51433, "longitude": -73.25475 }, "geometry": { "type": "Point", "coordinates": [ -73.25475, 44.51433 ] } },
{ "type": "Feature", "properties": { "year": 2026.0, "month": "May", "route": 778.0, "stop_id": "805690", "stop_name": "North Avenue at Franklin Sq.", "total_boardings": 9, "pct_total_boardings": 7.0817071635402237e-05, "pct_route_boardings": 0.023376623376623377, "latitude": 44.515150248912775, "longitude": -73.25586414915972 }, "geometry": { "type": "Point", "coordinates": [ -73.25586414915972, 44.515150248912775 ] } },
{ "type": "Feature", "properties": { "year": 2026.0, "month": "May", "route": 778.0, "stop_id": "805692", "stop_name": "North Avenue at Morgan Street", "total_boardings": 3, "pct_total_boardings": 2.360569054513408e-05, "pct_route_boardings": 0.0077922077922077922, "latitude": 44.52015, "longitude": -73.26265 }, "geometry": { "type": "Point", "coordinates": [ -73.26265, 44.52015 ] } },
{ "type": "Feature", "properties": { "year": 2026.0, "month": "May", "route": 778.0, "stop_id": "805695", "stop_name": "North Avenue at Northgate Road", "total_boardings": 35, "pct_total_boardings": 0.00027539972302656425, "pct_route_boardings": 0.090909090909090912, "latitude": 44.520598660747737, "longitude": -73.263431391254628 }, "geometry": { "type": "Point", "coordinates": [ -73.263431391254628, 44.520598660747737 ] } },
{ "type": "Feature", "properties": { "year": 2026.0, "month": "May", "route": 778.0, "stop_id": "805696", "stop_name": "North Avenue at Opposite Algird Street", "total_boardings": 3, "pct_total_boardings": 2.360569054513408e-05, "pct_route_boardings": 0.0077922077922077922, "latitude": 44.51935, "longitude": -73.26173 }, "geometry": { "type": "Point", "coordinates": [ -73.26173, 44.51935 ] } },
{ "type": "Feature", "properties": { "year": 2026.0, "month": "May", "route": 778.0, "stop_id": "805697", "stop_name": "North Avenue at Browe Court", "total_boardings": 3, "pct_total_boardings": 2.360569054513408e-05, "pct_route_boardings": 0.0077922077922077922, "latitude": 44.51855, "longitude": -73.26067 }, "geometry": { "type": "Point", "coordinates": [ -73.26067, 44.51855 ] } },
{ "type": "Feature", "properties": { "year": 2026.0, "month": "May", "route": 778.0, "stop_id": "805698", "stop_name": "North Avenue at Starr Farm Road", "total_boardings": 7, "pct_total_boardings": 5.5079944605312853e-05, "pct_route_boardings": 0.018181818181818181, "latitude": 44.5172, "longitude": -73.25882 }, "geometry": { "type": "Point", "coordinates": [ -73.25882, 44.5172 ] } },
{ "type": "Feature", "properties": { "year": 2026.0, "month": "May", "route": 778.0, "stop_id": "805699", "stop_name": "North Avenue at Loaldo Drive", "total_boardings": 4, "pct_total_boardings": 3.1474254060178776e-05, "pct_route_boardings": 0.01038961038961039, "latitude": 44.514866461736659, "longitude": -73.255756268423283 }, "geometry": { "type": "Point", "coordinates": [ -73.255756268423283, 44.514866461736659 ] } },
{ "type": "Feature", "properties": { "year": 2026.0, "month": "May", "route": 778.0, "stop_id": "805700", "stop_name": "North Avenue at Cross Parkway", "total_boardings": 5, "pct_total_boardings": 3.9342817575223468e-05, "pct_route_boardings": 0.012987012987012988, "latitude": 44.513275913645238, "longitude": -73.2535893886282 }, "geometry": { "type": "Point", "coordinates": [ -73.2535893886282, 44.513275913645238 ] } },
{ "type": "Feature", "properties": { "year": 2026.0, "month": "May", "route": 778.0, "stop_id": "805701", "stop_name": "North Avenue at Staniford Road", "total_boardings": 4, "pct_total_boardings": 3.1474254060178776e-05, "pct_route_boardings": 0.01038961038961039, "latitude": 44.512482637184064, "longitude": -73.252490889472824 }, "geometry": { "type": "Point", "coordinates": [ -73.252490889472824, 44.512482637184064 ] } },
{ "type": "Feature", "properties": { "year": 2026.0, "month": "May", "route": 778.0, "stop_id": "805703", "stop_name": "North Avenue at Dodds Court", "total_boardings": 3, "pct_total_boardings": 2.360569054513408e-05, "pct_route_boardings": 0.0077922077922077922, "latitude": 44.510541541785194, "longitude": -73.249894477643181 }, "geometry": { "type": "Point", "coordinates": [ -73.249894477643181, 44.510541541785194 ] } },
{ "type": "Feature", "properties": { "year": 2026.0, "month": "May", "route": 778.0, "stop_id": "805704", "stop_name": "North Avenue at Shore Road", "total_boardings": 3, "pct_total_boardings": 2.360569054513408e-05, "pct_route_boardings": 0.0077922077922077922, "latitude": 44.509482, "longitude": -73.248476 }, "geometry": { "type": "Point", "coordinates": [ -73.248476, 44.509482 ] } },
{ "type": "Feature", "properties": { "year": 2026.0, "month": "May", "route": 778.0, "stop_id": "805705", "stop_name": "North Avenue at Dept. Motor Vehicles", "total_boardings": 14, "pct_total_boardings": 0.00011015988921062571, "pct_route_boardings": 0.036363636363636362, "latitude": 44.508268, "longitude": -73.246789 }, "geometry": { "type": "Point", "coordinates": [ -73.246789, 44.508268 ] } },
{ "type": "Feature", "properties": { "year": 2026.0, "month": "May", "route": 778.0, "stop_id": "805706", "stop_name": "Ethan Allen Shopping Center", "total_boardings": 20, "pct_total_boardings": 0.00015737127030089387, "pct_route_boardings": 0.051948051948051951, "latitude": 44.506523, "longitude": -73.244415 }, "geometry": { "type": "Point", "coordinates": [ -73.244415, 44.506523 ] } },
{ "type": "Feature", "properties": { "year": 2026.0, "month": "May", "route": 778.0, "stop_id": "805707", "stop_name": "North Avenue at Lakewood Parkway", "total_boardings": 7, "pct_total_boardings": 5.5079944605312853e-05, "pct_route_boardings": 0.018181818181818181, "latitude": 44.504869, "longitude": -73.242206 }, "geometry": { "type": "Point", "coordinates": [ -73.242206, 44.504869 ] } },
{ "type": "Feature", "properties": { "year": 2026.0, "month": "May", "route": 778.0, "stop_id": "805708", "stop_name": "North Avenue at Killarney Drive", "total_boardings": 3, "pct_total_boardings": 2.360569054513408e-05, "pct_route_boardings": 0.0077922077922077922, "latitude": 44.503349, "longitude": -73.240156 }, "geometry": { "type": "Point", "coordinates": [ -73.240156, 44.503349 ] } },
{ "type": "Feature", "properties": { "year": 2026.0, "month": "May", "route": 778.0, "stop_id": "805709", "stop_name": "North Avenue at Oppostie Saratoga Ave. (Elk's Lodge)", "total_boardings": 1, "pct_total_boardings": 7.8685635150446939e-06, "pct_route_boardings": 0.0025974025974025974, "latitude": 44.50261, "longitude": -73.239132 }, "geometry": { "type": "Point", "coordinates": [ -73.239132, 44.50261 ] } },
{ "type": "Feature", "properties": { "year": 2026.0, "month": "May", "route": 778.0, "stop_id": "805710", "stop_name": "North Avenue at Route 127", "total_boardings": 1, "pct_total_boardings": 7.8685635150446939e-06, "pct_route_boardings": 0.0025974025974025974, "latitude": 44.501077, "longitude": -73.237206 }, "geometry": { "type": "Point", "coordinates": [ -73.237206, 44.501077 ] } },
{ "type": "Feature", "properties": { "year": 2026.0, "month": "May", "route": 778.0, "stop_id": "805711", "stop_name": "Burlington High School", "total_boardings": 5, "pct_total_boardings": 3.9342817575223468e-05, "pct_route_boardings": 0.012987012987012988, "latitude": 44.49689546757881, "longitude": -73.232354974159364 }, "geometry": { "type": "Point", "coordinates": [ -73.232354974159364, 44.49689546757881 ] } },
{ "type": "Feature", "properties": { "year": 2026.0, "month": "May", "route": 778.0, "stop_id": "805713", "stop_name": "North Ave at Cambrian Rise", "total_boardings": 7, "pct_total_boardings": 5.5079944605312853e-05, "pct_route_boardings": 0.018181818181818181, "latitude": 44.489779761483717, "longitude": -73.226694591317667 }, "geometry": { "type": "Point", "coordinates": [ -73.226694591317667, 44.489779761483717 ] } },
{ "type": "Feature", "properties": { "year": 2026.0, "month": "May", "route": 778.0, "stop_id": "805715", "stop_name": "North Avenue at Berry Street", "total_boardings": 4, "pct_total_boardings": 3.1474254060178776e-05, "pct_route_boardings": 0.01038961038961039, "latitude": 44.487623, "longitude": -73.224958 }, "geometry": { "type": "Point", "coordinates": [ -73.224958, 44.487623 ] } },
{ "type": "Feature", "properties": { "year": 2026.0, "month": "May", "route": 778.0, "stop_id": "805716", "stop_name": "North Avenue at Opposite Ward Street", "total_boardings": 1, "pct_total_boardings": 7.8685635150446939e-06, "pct_route_boardings": 0.0025974025974025974, "latitude": 44.486342, "longitude": -73.223938 }, "geometry": { "type": "Point", "coordinates": [ -73.223938, 44.486342 ] } },
{ "type": "Feature", "properties": { "year": 2026.0, "month": "May", "route": 778.0, "stop_id": "805717", "stop_name": "North Avenue at Canfield Street", "total_boardings": 1, "pct_total_boardings": 7.8685635150446939e-06, "pct_route_boardings": 0.0025974025974025974, "latitude": 44.48527, "longitude": -73.2231 }, "geometry": { "type": "Point", "coordinates": [ -73.2231, 44.48527 ] } },
{ "type": "Feature", "properties": { "year": 2026.0, "month": "May", "route": 778.0, "stop_id": "805879", "stop_name": "North Avenue at Algird Street", "total_boardings": 2, "pct_total_boardings": 1.5737127030089388e-05, "pct_route_boardings": 0.0051948051948051948, "latitude": 44.51945, "longitude": -73.26172 }, "geometry": { "type": "Point", "coordinates": [ -73.26172, 44.51945 ] } },
{ "type": "Feature", "properties": { "year": 2026.0, "month": "May", "route": 778.0, "stop_id": "805880", "stop_name": "North Avenue at Green Acres Drive", "total_boardings": 1, "pct_total_boardings": 7.8685635150446939e-06, "pct_route_boardings": 0.0025974025974025974, "latitude": 44.513835541321122, "longitude": -73.254339107193573 }, "geometry": { "type": "Point", "coordinates": [ -73.254339107193573, 44.513835541321122 ] } },
{ "type": "Feature", "properties": { "year": 2026.0, "month": "May", "route": 778.0, "stop_id": "805956", "stop_name": "North Avenue at Tracy Drive", "total_boardings": 10, "pct_total_boardings": 7.8685635150446936e-05, "pct_route_boardings": 0.025974025974025976, "latitude": 44.515908420590399, "longitude": -73.257145737964436 }, "geometry": { "type": "Point", "coordinates": [ -73.257145737964436, 44.515908420590399 ] } },
{ "type": "Feature", "properties": { "year": 2026.0, "month": "May", "route": 778.0, "stop_id": "805992", "stop_name": "Elmwood Avenue at North Street", "total_boardings": 3, "pct_total_boardings": 2.360569054513408e-05, "pct_route_boardings": 0.0077922077922077922, "latitude": 44.48458, "longitude": -73.2138 }, "geometry": { "type": "Point", "coordinates": [ -73.2138, 44.48458 ] } },
{ "type": "Feature", "properties": { "year": 2026.0, "month": "May", "route": 778.0, "stop_id": "805993", "stop_name": "North Avenue at Lakeview Cemetery", "total_boardings": 4, "pct_total_boardings": 3.1474254060178776e-05, "pct_route_boardings": 0.01038961038961039, "latitude": 44.492721535987414, "longitude": -73.228979980701013 }, "geometry": { "type": "Point", "coordinates": [ -73.228979980701013, 44.492721535987414 ] } },
{ "type": "Feature", "properties": { "year": 2026.0, "month": "May", "route": 778.0, "stop_id": "806029", "stop_name": "Fern Hill", "total_boardings": 5, "pct_total_boardings": 3.9342817575223468e-05, "pct_route_boardings": 0.012987012987012988, "latitude": 44.48710922696219, "longitude": -73.200809387731567 }, "geometry": { "type": "Point", "coordinates": [ -73.200809387731567, 44.48710922696219 ] } },
{ "type": "Feature", "properties": { "year": 2026.0, "month": "May", "route": 778.0, "stop_id": "806030", "stop_name": "McAuley Square", "total_boardings": 2, "pct_total_boardings": 1.5737127030089388e-05, "pct_route_boardings": 0.0051948051948051948, "latitude": 44.48485932111906, "longitude": -73.197974635582 }, "geometry": { "type": "Point", "coordinates": [ -73.197974635582, 44.48485932111906 ] } },
{ "type": "Feature", "properties": { "year": 2026.0, "month": "May", "route": 778.0, "stop_id": "806071", "stop_name": "North Avenue at N of Institute Road", "total_boardings": 1, "pct_total_boardings": 7.8685635150446939e-06, "pct_route_boardings": 0.0025974025974025974, "latitude": 44.498863877725697, "longitude": -73.23408881833916 }, "geometry": { "type": "Point", "coordinates": [ -73.23408881833916, 44.498863877725697 ] } },
{ "type": "Feature", "properties": { "year": 2026.0, "month": "May", "route": 778.0, "stop_id": "815405", "stop_name": "North Ave. at Woodbury (Hunt School)", "total_boardings": 1, "pct_total_boardings": 7.8685635150446939e-06, "pct_route_boardings": 0.0025974025974025974, "latitude": 44.5118223, "longitude": -73.2513535 }, "geometry": { "type": "Point", "coordinates": [ -73.2513535, 44.5118223 ] } },
{ "type": "Feature", "properties": { "year": 2026.0, "month": "May", "route": 0.0, "stop_id": "2387294", "stop_name": "Waterbury State Complex", "total_boardings": 2, "pct_total_boardings": 1.5737127030089388e-05, "pct_route_boardings": 1.5737127030089388e-05, "latitude": 44.331774, "longitude": -72.754829 }, "geometry": { "type": "Point", "coordinates": [ -72.754829, 44.331774 ] } },
{ "type": "Feature", "properties": { "year": 2026.0, "month": "May", "route": 0.0, "stop_id": "2530427", "stop_name": "Williston Road at Mills Avenue", "total_boardings": 60, "pct_total_boardings": 0.00047211381090268162, "pct_route_boardings": 0.00047211381090268162, "latitude": 44.464546559290739, "longitude": -73.160079805877103 }, "geometry": { "type": "Point", "coordinates": [ -73.160079805877103, 44.464546559290739 ] } },
{ "type": "Feature", "properties": { "year": 2026.0, "month": "May", "route": 0.0, "stop_id": "2530430", "stop_name": "Northgate", "total_boardings": 111, "pct_total_boardings": 0.00087341055016996094, "pct_route_boardings": 0.00087341055016996094, "latitude": 44.520183531733551, "longitude": -73.264744240753956 }, "geometry": { "type": "Point", "coordinates": [ -73.264744240753956, 44.520183531733551 ] } },
{ "type": "Feature", "properties": { "year": 2026.0, "month": "May", "route": 0.0, "stop_id": "2535799", "stop_name": "Pine St at Hickock St", "total_boardings": 126, "pct_total_boardings": 0.00099143900289563143, "pct_route_boardings": 0.00099143900289563143, "latitude": 44.497364, "longitude": -73.196294 }, "geometry": { "type": "Point", "coordinates": [ -73.196294, 44.497364 ] } },
{ "type": "Feature", "properties": { "year": 2026.0, "month": "May", "route": 0.0, "stop_id": "2556011", "stop_name": "N Champlain Street and Peru Street", "total_boardings": 23, "pct_total_boardings": 0.00018097696084602794, "pct_route_boardings": 0.00018097696084602794, "latitude": 44.482624633525489, "longitude": -73.217518524467962 }, "geometry": { "type": "Point", "coordinates": [ -73.217518524467962, 44.482624633525489 ] } },
{ "type": "Feature", "properties": { "year": 2026.0, "month": "May", "route": 0.0, "stop_id": "2562322", "stop_name": "Downtown Transit Center", "total_boardings": 33946, "pct_total_boardings": 0.26710625708170715, "pct_route_boardings": 0.26710625708170715, "latitude": 44.479731, "longitude": -73.214298 }, "geometry": { "type": "Point", "coordinates": [ -73.214298, 44.479731 ] } },
{ "type": "Feature", "properties": { "year": 2026.0, "month": "May", "route": 0.0, "stop_id": "2573649", "stop_name": "194 St Paul Street (Eagles Landing)", "total_boardings": 67, "pct_total_boardings": 0.00052719375550799451, "pct_route_boardings": 0.00052719375550799451, "latitude": 44.474220989280326, "longitude": -73.213814207177123 }, "geometry": { "type": "Point", "coordinates": [ -73.213814207177123, 44.474220989280326 ] } },
{ "type": "Feature", "properties": { "year": 2026.0, "month": "May", "route": 0.0, "stop_id": "2574444", "stop_name": "Montpelier Transit Center", "total_boardings": 283, "pct_total_boardings": 0.0022268034747576484, "pct_route_boardings": 0.0022268034747576484, "latitude": 44.2600159183554, "longitude": -72.579695735311304 }, "geometry": { "type": "Point", "coordinates": [ -72.579695735311304, 44.2600159183554 ] } },
{ "type": "Feature", "properties": { "year": 2026.0, "month": "May", "route": 0.0, "stop_id": "2574545", "stop_name": "Creek Farm Plaza", "total_boardings": 3, "pct_total_boardings": 2.360569054513408e-05, "pct_route_boardings": 2.360569054513408e-05, "latitude": 44.551422, "longitude": -73.16359 }, "geometry": { "type": "Point", "coordinates": [ -73.16359, 44.551422 ] } },
{ "type": "Feature", "properties": { "year": 2026.0, "month": "May", "route": 0.0, "stop_id": "2734696", "stop_name": "Downtown BHS", "total_boardings": 1282, "pct_total_boardings": 0.010087498426287297, "pct_route_boardings": 0.010087498426287297, "latitude": 44.479136394041511, "longitude": -73.216444672632022 }, "geometry": { "type": "Point", "coordinates": [ -73.216444672632022, 44.479136394041511 ] } },
{ "type": "Feature", "properties": { "year": 2026.0, "month": "May", "route": 0.0, "stop_id": "2745400", "stop_name": "Price Chopper", "total_boardings": 122, "pct_total_boardings": 0.00095996474883545263, "pct_route_boardings": 0.00095996474883545263, "latitude": 44.4490348047539, "longitude": -73.210493265239066 }, "geometry": { "type": "Point", "coordinates": [ -73.210493265239066, 44.4490348047539 ] } },
{ "type": "Feature", "properties": { "year": 2026.0, "month": "May", "route": 0.0, "stop_id": "4209790", "stop_name": "E Allen Street at Hillside Park", "total_boardings": 157, "pct_total_boardings": 0.0012353644718620168, "pct_route_boardings": 0.0012353644718620168, "latitude": 44.493028716232203, "longitude": -73.175863613391599 }, "geometry": { "type": "Point", "coordinates": [ -73.175863613391599, 44.493028716232203 ] } },
{ "type": "Feature", "properties": { "year": 2026.0, "month": "May", "route": 0.0, "stop_id": "4209791", "stop_name": "Shelburne Road at Harrington Ave", "total_boardings": 224, "pct_total_boardings": 0.0017625582273700113, "pct_route_boardings": 0.0017625582273700113, "latitude": 44.383345920995978, "longitude": -73.226394096927336 }, "geometry": { "type": "Point", "coordinates": [ -73.226394096927336, 44.383345920995978 ] } },
{ "type": "Feature", "properties": { "year": 2026.0, "month": "May", "route": 0.0, "stop_id": "4212452", "stop_name": "Williston Park & Ride", "total_boardings": 46, "pct_total_boardings": 0.00036195392169205588, "pct_route_boardings": 0.00036195392169205588, "latitude": 44.4382869455902, "longitude": -73.117666280292497 }, "geometry": { "type": "Point", "coordinates": [ -73.117666280292497, 44.4382869455902 ] } },
{ "type": "Feature", "properties": { "year": 2026.0, "month": "May", "route": 0.0, "stop_id": "4247351", "stop_name": "Opposite Boys & Girls Club", "total_boardings": 410, "pct_total_boardings": 0.0032261110411683242, "pct_route_boardings": 0.0032261110411683242, "latitude": 44.489718578559803, "longitude": -73.2111712459659 }, "geometry": { "type": "Point", "coordinates": [ -73.2111712459659, 44.489718578559803 ] } },
{ "type": "Feature", "properties": { "year": 2026.0, "month": "May", "route": 0.0, "stop_id": "4251888", "stop_name": "Champlain Parkway at Home Ave", "total_boardings": 287, "pct_total_boardings": 0.0022582777288178272, "pct_route_boardings": 0.0022582777288178272, "latitude": 44.45162405, "longitude": -73.217689578000005 }, "geometry": { "type": "Point", "coordinates": [ -73.217689578, 44.45162405 ] } },
{ "type": "Feature", "properties": { "year": 2026.0, "month": "May", "route": 0.0, "stop_id": "4251889", "stop_name": "Champlain Parkway at Flynn Ave", "total_boardings": 165, "pct_total_boardings": 0.0012983129799823744, "pct_route_boardings": 0.0012983129799823744, "latitude": 44.455390432999998, "longitude": -73.217056133 }, "geometry": { "type": "Point", "coordinates": [ -73.217056133, 44.455390433 ] } },
{ "type": "Feature", "properties": { "year": 2026.0, "month": "May", "route": 0.0, "stop_id": "4251891", "stop_name": "Pine Street at Kilburn Street", "total_boardings": 77, "pct_total_boardings": 0.00060587939065844139, "pct_route_boardings": 0.00060587939065844139, "latitude": 44.470969443000001, "longitude": -73.21518026 }, "geometry": { "type": "Point", "coordinates": [ -73.21518026, 44.470969443 ] } },
{ "type": "Feature", "properties": { "year": 2026.0, "month": "May", "route": 0.0, "stop_id": "4254390", "stop_name": "Shelburne Road at Opposite Marion St", "total_boardings": 4, "pct_total_boardings": 3.1474254060178776e-05, "pct_route_boardings": 3.1474254060178776e-05, "latitude": 44.464545793, "longitude": -73.207594826999994 }, "geometry": { "type": "Point", "coordinates": [ -73.207594827, 44.464545793 ] } },
{ "type": "Feature", "properties": { "year": 2026.0, "month": "May", "route": 0.0, "stop_id": "4254393", "stop_name": "Shelburne Road at Opposite Prospect Parkway", "total_boardings": 37, "pct_total_boardings": 0.00029113685005665365, "pct_route_boardings": 0.00029113685005665365, "latitude": 44.457376, "longitude": -73.20848 }, "geometry": { "type": "Point", "coordinates": [ -73.20848, 44.457376 ] } },
{ "type": "Feature", "properties": { "year": 2026.0, "month": "May", "route": 0.0, "stop_id": "4254428", "stop_name": "Pearl Street at Opposite North Champlain Street", "total_boardings": 3, "pct_total_boardings": 2.360569054513408e-05, "pct_route_boardings": 2.360569054513408e-05, "latitude": 44.480227, "longitude": -73.218169 }, "geometry": { "type": "Point", "coordinates": [ -73.218169, 44.480227 ] } },
{ "type": "Feature", "properties": { "year": 2026.0, "month": "May", "route": 0.0, "stop_id": "4254458", "stop_name": "Queen City Park Rd. at 733 Queen City Park Rd.", "total_boardings": 3, "pct_total_boardings": 2.360569054513408e-05, "pct_route_boardings": 2.360569054513408e-05, "latitude": 44.445084972508297, "longitude": -73.212062499413292 }, "geometry": { "type": "Point", "coordinates": [ -73.212062499413292, 44.445084972508297 ] } },
{ "type": "Feature", "properties": { "year": 2026.0, "month": "May", "route": 0.0, "stop_id": "4255578", "stop_name": "South Burlington City Center", "total_boardings": 764, "pct_total_boardings": 0.0060115825254941462, "pct_route_boardings": 0.0060115825254941462, "latitude": 44.465916, "longitude": -73.178304 }, "geometry": { "type": "Point", "coordinates": [ -73.178304, 44.465916 ] } },
{ "type": "Feature", "properties": { "year": 2026.0, "month": "May", "route": 0.0, "stop_id": "4255596", "stop_name": "Hinesburg Road at Prouty Parkway", "total_boardings": 30, "pct_total_boardings": 0.00023605690545134081, "pct_route_boardings": 0.00023605690545134081, "latitude": 44.457897, "longitude": -73.169572 }, "geometry": { "type": "Point", "coordinates": [ -73.169572, 44.457897 ] } },
{ "type": "Feature", "properties": { "year": 2026.0, "month": "May", "route": 0.0, "stop_id": "4255597", "stop_name": "Hinesburg Road at Wright Court", "total_boardings": 29, "pct_total_boardings": 0.00022818834193629611, "pct_route_boardings": 0.00022818834193629611, "latitude": 44.459664, "longitude": -73.169867 }, "geometry": { "type": "Point", "coordinates": [ -73.169867, 44.459664 ] } },
{ "type": "Feature", "properties": { "year": 2026.0, "month": "May", "route": 0.0, "stop_id": "4255599", "stop_name": "Hinesburg Road at Opposite Iby Street", "total_boardings": 23, "pct_total_boardings": 0.00018097696084602794, "pct_route_boardings": 0.00018097696084602794, "latitude": 44.462676, "longitude": -73.170423 }, "geometry": { "type": "Point", "coordinates": [ -73.170423, 44.462676 ] } },
{ "type": "Feature", "properties": { "year": 2026.0, "month": "May", "route": 0.0, "stop_id": "4255600", "stop_name": "Market Street at Garden Street", "total_boardings": 764, "pct_total_boardings": 0.0060115825254941462, "pct_route_boardings": 0.0060115825254941462, "latitude": 44.464424, "longitude": -73.175618 }, "geometry": { "type": "Point", "coordinates": [ -73.175618, 44.464424 ] } },
{ "type": "Feature", "properties": { "year": 2026.0, "month": "May", "route": 0.0, "stop_id": "4255601", "stop_name": "Market Street at Hinesburg Road", "total_boardings": 168, "pct_total_boardings": 0.0013219186705275086, "pct_route_boardings": 0.0013219186705275086, "latitude": 44.46339, "longitude": -73.172066 }, "geometry": { "type": "Point", "coordinates": [ -73.172066, 44.46339 ] } },
{ "type": "Feature", "properties": { "year": 2026.0, "month": "May", "route": 0.0, "stop_id": "4255602", "stop_name": "Market Street at Garden Street", "total_boardings": 151, "pct_total_boardings": 0.0011881530907717488, "pct_route_boardings": 0.0011881530907717488, "latitude": 44.464565, "longitude": -73.176005 }, "geometry": { "type": "Point", "coordinates": [ -73.176005, 44.464565 ] } },
{ "type": "Feature", "properties": { "year": 2026.0, "month": "May", "route": 0.0, "stop_id": "4255603", "stop_name": "Market Street at Hinesburg Road", "total_boardings": 31, "pct_total_boardings": 0.00024392546896638551, "pct_route_boardings": 0.00024392546896638551, "latitude": 44.463335, "longitude": -73.171739 }, "geometry": { "type": "Point", "coordinates": [ -73.171739, 44.463335 ] } },
{ "type": "Feature", "properties": { "year": 2026.0, "month": "May", "route": 0.0, "stop_id": "4255696", "stop_name": "Saint Albans Park and Ride", "total_boardings": 167, "pct_total_boardings": 0.0013140501070124638, "pct_route_boardings": 0.0013140501070124638, "latitude": 44.804924, "longitude": -73.069639 }, "geometry": { "type": "Point", "coordinates": [ -73.069639, 44.804924 ] } },
{ "type": "Feature", "properties": { "year": 2026.0, "month": "May", "route": 0.0, "stop_id": "4255702", "stop_name": "Hinesburg Road at Williston Road", "total_boardings": 80, "pct_total_boardings": 0.00062948508120357549, "pct_route_boardings": 0.00062948508120357549, "latitude": 44.465742, "longitude": -73.171047 }, "geometry": { "type": "Point", "coordinates": [ -73.171047, 44.465742 ] } },
{ "type": "Feature", "properties": { "year": 2026.0, "month": "May", "route": 0.0, "stop_id": "4255703", "stop_name": "620 Hinesburg Rd", "total_boardings": 102, "pct_total_boardings": 0.00080259347853455876, "pct_route_boardings": 0.00080259347853455876, "latitude": 44.454911, "longitude": -73.165713 }, "geometry": { "type": "Point", "coordinates": [ -73.165713, 44.454911 ] } },
{ "type": "Feature", "properties": { "year": 2026.0, "month": "May", "route": 0.0, "stop_id": "4256754", "stop_name": "Creek Farm Plaza", "total_boardings": 18, "pct_total_boardings": 0.00014163414327080447, "pct_route_boardings": 0.00014163414327080447, "latitude": 44.551831, "longitude": -73.163725 }, "geometry": { "type": "Point", "coordinates": [ -73.163725, 44.551831 ] } },
{ "type": "Feature", "properties": { "year": 2026.0, "month": "May", "route": 0.0, "stop_id": "4256763", "stop_name": "River Street at Main Street", "total_boardings": 2, "pct_total_boardings": 1.5737127030089388e-05, "pct_route_boardings": 1.5737127030089388e-05, "latitude": 44.639824, "longitude": -73.113325 }, "geometry": { "type": "Point", "coordinates": [ -73.113325, 44.639824 ] } },
{ "type": "Feature", "properties": { "year": 2026.0, "month": "May", "route": 0.0, "stop_id": "4256766", "stop_name": "River Street Park", "total_boardings": 16, "pct_total_boardings": 0.0001258970162407151, "pct_route_boardings": 0.0001258970162407151, "latitude": 44.637401, "longitude": -73.1137 }, "geometry": { "type": "Point", "coordinates": [ -73.1137, 44.637401 ] } },
{ "type": "Feature", "properties": { "year": 2026.0, "month": "May", "route": 0.0, "stop_id": "4256767", "stop_name": "River Street at Opposite Villemaire Lane", "total_boardings": 7, "pct_total_boardings": 5.5079944605312853e-05, "pct_route_boardings": 5.5079944605312853e-05, "latitude": 44.627308, "longitude": -73.1170779 }, "geometry": { "type": "Point", "coordinates": [ -73.1170779, 44.627308 ] } },
{ "type": "Feature", "properties": { "year": 2026.0, "month": "May", "route": 0.0, "stop_id": "4256768", "stop_name": "259 US 7-Milton Square", "total_boardings": 3, "pct_total_boardings": 2.360569054513408e-05, "pct_route_boardings": 2.360569054513408e-05, "latitude": 44.623179, "longitude": -73.120129 }, "geometry": { "type": "Point", "coordinates": [ -73.120129, 44.623179 ] } },
{ "type": "Feature", "properties": { "year": 2026.0, "month": "May", "route": 0.0, "stop_id": "4256770", "stop_name": "Fairfield Street at Northwestern Medical Center", "total_boardings": 6, "pct_total_boardings": 4.721138109026816e-05, "pct_route_boardings": 4.721138109026816e-05, "latitude": 44.80638, "longitude": -73.072262 }, "geometry": { "type": "Point", "coordinates": [ -73.072262, 44.80638 ] } },
{ "type": "Feature", "properties": { "year": 2026.0, "month": "May", "route": 0.0, "stop_id": "4256771", "stop_name": "Fairfield Street at opposite Northwestern Medical Center", "total_boardings": 1, "pct_total_boardings": 7.8685635150446939e-06, "pct_route_boardings": 7.8685635150446939e-06, "latitude": 44.806265, "longitude": -73.072225 }, "geometry": { "type": "Point", "coordinates": [ -73.072225, 44.806265 ] } },
{ "type": "Feature", "properties": { "year": 2026.0, "month": "May", "route": 0.0, "stop_id": "4258661", "stop_name": "Austin Drive at Ledgewood Circle", "total_boardings": 29, "pct_total_boardings": 0.00022818834193629611, "pct_route_boardings": 0.00022818834193629611, "latitude": 44.451498, "longitude": -73.221579 }, "geometry": { "type": "Point", "coordinates": [ -73.221579, 44.451498 ] } },
{ "type": "Feature", "properties": { "year": 2026.0, "month": "May", "route": 0.0, "stop_id": "4258662", "stop_name": "South Cove Road at Austin Drive", "total_boardings": 16, "pct_total_boardings": 0.0001258970162407151, "pct_route_boardings": 0.0001258970162407151, "latitude": 44.451304, "longitude": -73.228474 }, "geometry": { "type": "Point", "coordinates": [ -73.228474, 44.451304 ] } },
{ "type": "Feature", "properties": { "year": 2026.0, "month": "May", "route": 0.0, "stop_id": "4259370", "stop_name": "South Burlington City Center", "total_boardings": 108, "pct_total_boardings": 0.00084980485962482684, "pct_route_boardings": 0.00084980485962482684, "latitude": 44.465801, "longitude": -73.178344 }, "geometry": { "type": "Point", "coordinates": [ -73.178344, 44.465801 ] } },
{ "type": "Feature", "properties": { "year": 2026.0, "month": "May", "route": 0.0, "stop_id": "4259665", "stop_name": "5138 Shelburne Road", "total_boardings": 13, "pct_total_boardings": 0.00010229132569558102, "pct_route_boardings": 0.00010229132569558102, "latitude": 44.382721, "longitude": -73.226898 }, "geometry": { "type": "Point", "coordinates": [ -73.226898, 44.382721 ] } },
{ "type": "Feature", "properties": { "year": 2026.0, "month": "May", "route": 0.0, "stop_id": "4259993", "stop_name": "10 North Champlain Street", "total_boardings": 18, "pct_total_boardings": 0.00014163414327080447, "pct_route_boardings": 0.00014163414327080447, "latitude": 44.480657, "longitude": -73.217354 }, "geometry": { "type": "Point", "coordinates": [ -73.217354, 44.480657 ] } },
{ "type": "Feature", "properties": { "year": 2026.0, "month": "May", "route": 0.0, "stop_id": "805484", "stop_name": "S. Winooski Avenue at Bank Street", "total_boardings": 2556, "pct_total_boardings": 0.020112048344454236, "pct_route_boardings": 0.020112048344454236, "latitude": 44.478387, "longitude": -73.211225 }, "geometry": { "type": "Point", "coordinates": [ -73.211225, 44.478387 ] } },
{ "type": "Feature", "properties": { "year": 2026.0, "month": "May", "route": 0.0, "stop_id": "805485", "stop_name": "Main Street at S. Winooski", "total_boardings": 1145, "pct_total_boardings": 0.0090095052247261744, "pct_route_boardings": 0.0090095052247261744, "latitude": 44.475929, "longitude": -73.21056 }, "geometry": { "type": "Point", "coordinates": [ -73.21056, 44.475929 ] } },
{ "type": "Feature", "properties": { "year": 2026.0, "month": "May", "route": 0.0, "stop_id": "805486", "stop_name": "Main Street at S. Union Street", "total_boardings": 821, "pct_total_boardings": 0.0064600906458516932, "pct_route_boardings": 0.0064600906458516932, "latitude": 44.47603, "longitude": -73.20863 }, "geometry": { "type": "Point", "coordinates": [ -73.20863, 44.47603 ] } },
{ "type": "Feature", "properties": { "year": 2026.0, "month": "May", "route": 0.0, "stop_id": "805487", "stop_name": "Main Street at S. Willard Street", "total_boardings": 552, "pct_total_boardings": 0.0043434470603046704, "pct_route_boardings": 0.0043434470603046704, "latitude": 44.476129, "longitude": -73.205639 }, "geometry": { "type": "Point", "coordinates": [ -73.205639, 44.476129 ] } },
{ "type": "Feature", "properties": { "year": 2026.0, "month": "May", "route": 0.0, "stop_id": "805488", "stop_name": "Main Street at S. Prospect Street", "total_boardings": 325, "pct_total_boardings": 0.0025572831423895256, "pct_route_boardings": 0.0025572831423895256, "latitude": 44.476288, "longitude": -73.200853 }, "geometry": { "type": "Point", "coordinates": [ -73.200853, 44.476288 ] } },
{ "type": "Feature", "properties": { "year": 2026.0, "month": "May", "route": 0.0, "stop_id": "805490", "stop_name": "University Heights", "total_boardings": 2340, "pct_total_boardings": 0.018412438625204582, "pct_route_boardings": 0.018412438625204582, "latitude": 44.47443, "longitude": -73.19472 }, "geometry": { "type": "Point", "coordinates": [ -73.19472, 44.47443 ] } },
{ "type": "Feature", "properties": { "year": 2026.0, "month": "May", "route": 0.0, "stop_id": "805491", "stop_name": "Dorset Street at Williston Road", "total_boardings": 13, "pct_total_boardings": 0.00010229132569558102, "pct_route_boardings": 0.00010229132569558102, "latitude": 44.46822, "longitude": -73.18168 }, "geometry": { "type": "Point", "coordinates": [ -73.18168, 44.46822 ] } },
{ "type": "Feature", "properties": { "year": 2026.0, "month": "May", "route": 0.0, "stop_id": "805492", "stop_name": "Dorset Street at Peoples United Bank", "total_boardings": 86, "pct_total_boardings": 0.00067669646229384368, "pct_route_boardings": 0.00067669646229384368, "latitude": 44.46717, "longitude": -73.18152 }, "geometry": { "type": "Point", "coordinates": [ -73.18152, 44.46717 ] } },
{ "type": "Feature", "properties": { "year": 2026.0, "month": "May", "route": 0.0, "stop_id": "805493", "stop_name": "University Mall", "total_boardings": 1958, "pct_total_boardings": 0.015406647362457509, "pct_route_boardings": 0.015406647362457509, "latitude": 44.46386, "longitude": -73.183538 }, "geometry": { "type": "Point", "coordinates": [ -73.183538, 44.46386 ] } },
{ "type": "Feature", "properties": { "year": 2026.0, "month": "May", "route": 0.0, "stop_id": "805495", "stop_name": "Dorset Street at The Pines", "total_boardings": 242, "pct_total_boardings": 0.0019041923706408159, "pct_route_boardings": 0.0019041923706408159, "latitude": 44.457633283199272, "longitude": -73.179792740096786 }, "geometry": { "type": "Point", "coordinates": [ -73.179792740096786, 44.457633283199272 ] } },
{ "type": "Feature", "properties": { "year": 2026.0, "month": "May", "route": 0.0, "stop_id": "805496", "stop_name": "Dorset Street at Fire Station", "total_boardings": 120, "pct_total_boardings": 0.00094422762180536323, "pct_route_boardings": 0.00094422762180536323, "latitude": 44.454692892372208, "longitude": -73.179299893836401 }, "geometry": { "type": "Point", "coordinates": [ -73.179299893836401, 44.454692892372208 ] } },
{ "type": "Feature", "properties": { "year": 2026.0, "month": "May", "route": 0.0, "stop_id": "805497", "stop_name": "Kennedy Drive at Dorset Street", "total_boardings": 25, "pct_total_boardings": 0.00019671408787611734, "pct_route_boardings": 0.00019671408787611734, "latitude": 44.452867, "longitude": -73.177547 }, "geometry": { "type": "Point", "coordinates": [ -73.177547, 44.452867 ] } },
{ "type": "Feature", "properties": { "year": 2026.0, "month": "May", "route": 0.0, "stop_id": "805498", "stop_name": "Kennedy Drive at Twin Oaks Terrace", "total_boardings": 15, "pct_total_boardings": 0.0001180284527256704, "pct_route_boardings": 0.0001180284527256704, "latitude": 44.453148026331554, "longitude": -73.173946428169529 }, "geometry": { "type": "Point", "coordinates": [ -73.173946428169529, 44.453148026331554 ] } },
{ "type": "Feature", "properties": { "year": 2026.0, "month": "May", "route": 0.0, "stop_id": "805499", "stop_name": "Kennedy Drive at Timber Lane", "total_boardings": 395, "pct_total_boardings": 0.0031080825884426538, "pct_route_boardings": 0.0031080825884426538, "latitude": 44.453916068790797, "longitude": -73.166720670860201 }, "geometry": { "type": "Point", "coordinates": [ -73.166720670860201, 44.453916068790797 ] } },
{ "type": "Feature", "properties": { "year": 2026.0, "month": "May", "route": 0.0, "stop_id": "805500", "stop_name": "Williston Road at Heath Street", "total_boardings": 21, "pct_total_boardings": 0.00016523983381593857, "pct_route_boardings": 0.00016523983381593857, "latitude": 44.46633, "longitude": -73.1689 }, "geometry": { "type": "Point", "coordinates": [ -73.1689, 44.46633 ] } },
{ "type": "Feature", "properties": { "year": 2026.0, "month": "May", "route": 0.0, "stop_id": "805501", "stop_name": "Williston Road at Davis Parkway", "total_boardings": 9, "pct_total_boardings": 7.0817071635402237e-05, "pct_route_boardings": 7.0817071635402237e-05, "latitude": 44.46617, "longitude": -73.16793 }, "geometry": { "type": "Point", "coordinates": [ -73.16793, 44.46617 ] } },
{ "type": "Feature", "properties": { "year": 2026.0, "month": "May", "route": 0.0, "stop_id": "805502", "stop_name": "Williston Road at Hayden Parkway", "total_boardings": 10, "pct_total_boardings": 7.8685635150446936e-05, "pct_route_boardings": 7.8685635150446936e-05, "latitude": 44.46578, "longitude": -73.16625 }, "geometry": { "type": "Point", "coordinates": [ -73.16625, 44.46578 ] } },
{ "type": "Feature", "properties": { "year": 2026.0, "month": "May", "route": 0.0, "stop_id": "805503", "stop_name": "Williston Road at Elsom Parkway", "total_boardings": 11, "pct_total_boardings": 8.6554198665491621e-05, "pct_route_boardings": 8.6554198665491621e-05, "latitude": 44.46537, "longitude": -73.16438 }, "geometry": { "type": "Point", "coordinates": [ -73.16438, 44.46537 ] } },
{ "type": "Feature", "properties": { "year": 2026.0, "month": "May", "route": 0.0, "stop_id": "805504", "stop_name": "Williston Road at Victoria Drive", "total_boardings": 8, "pct_total_boardings": 6.2948508120357552e-05, "pct_route_boardings": 6.2948508120357552e-05, "latitude": 44.46483, "longitude": -73.16207 }, "geometry": { "type": "Point", "coordinates": [ -73.16207, 44.46483 ] } },
{ "type": "Feature", "properties": { "year": 2026.0, "month": "May", "route": 0.0, "stop_id": "805505", "stop_name": "Williston Road at Mills Avenue", "total_boardings": 27, "pct_total_boardings": 0.00021245121490620671, "pct_route_boardings": 0.00021245121490620671, "latitude": 44.46438, "longitude": -73.16013 }, "geometry": { "type": "Point", "coordinates": [ -73.16013, 44.46438 ] } },
{ "type": "Feature", "properties": { "year": 2026.0, "month": "May", "route": 0.0, "stop_id": "805516", "stop_name": "Hinesburg Road at Williston Road", "total_boardings": 443, "pct_total_boardings": 0.0034857736371647994, "pct_route_boardings": 0.0034857736371647994, "latitude": 44.46578, "longitude": -73.17117 }, "geometry": { "type": "Point", "coordinates": [ -73.17117, 44.46578 ] } },
{ "type": "Feature", "properties": { "year": 2026.0, "month": "May", "route": 0.0, "stop_id": "805517", "stop_name": "Hinesburg Road at Village Green Drive", "total_boardings": 191, "pct_total_boardings": 0.0015028956313735365, "pct_route_boardings": 0.0015028956313735365, "latitude": 44.46477, "longitude": -73.17097 }, "geometry": { "type": "Point", "coordinates": [ -73.17097, 44.46477 ] } },
{ "type": "Feature", "properties": { "year": 2026.0, "month": "May", "route": 0.0, "stop_id": "805529", "stop_name": "Dorset Street at Barnes & Noble", "total_boardings": 2140, "pct_total_boardings": 0.016838725922195645, "pct_route_boardings": 0.016838725922195645, "latitude": 44.466905, "longitude": -73.181203 }, "geometry": { "type": "Point", "coordinates": [ -73.181203, 44.466905 ] } },
{ "type": "Feature", "properties": { "year": 2026.0, "month": "May", "route": 0.0, "stop_id": "805530", "stop_name": "Williston Road at Sheraton Hotel", "total_boardings": 343, "pct_total_boardings": 0.0026989172856603299, "pct_route_boardings": 0.0026989172856603299, "latitude": 44.471703, "longitude": -73.188163 }, "geometry": { "type": "Point", "coordinates": [ -73.188163, 44.471703 ] } },
{ "type": "Feature", "properties": { "year": 2026.0, "month": "May", "route": 0.0, "stop_id": "805531", "stop_name": "University Heights", "total_boardings": 1362, "pct_total_boardings": 0.010716983507490872, "pct_route_boardings": 0.010716983507490872, "latitude": 44.474604, "longitude": -73.194513 }, "geometry": { "type": "Point", "coordinates": [ -73.194513, 44.474604 ] } },
{ "type": "Feature", "properties": { "year": 2026.0, "month": "May", "route": 0.0, "stop_id": "805533", "stop_name": "Main Street at S. Willard Street", "total_boardings": 77, "pct_total_boardings": 0.00060587939065844139, "pct_route_boardings": 0.00060587939065844139, "latitude": 44.47623, "longitude": -73.205 }, "geometry": { "type": "Point", "coordinates": [ -73.205, 44.47623 ] } },
{ "type": "Feature", "properties": { "year": 2026.0, "month": "May", "route": 0.0, "stop_id": "805534", "stop_name": "Main Street at S Union Street", "total_boardings": 52, "pct_total_boardings": 0.00040916530278232408, "pct_route_boardings": 0.00040916530278232408, "latitude": 44.47612, "longitude": -73.20933 }, "geometry": { "type": "Point", "coordinates": [ -73.20933, 44.47612 ] } },
{ "type": "Feature", "properties": { "year": 2026.0, "month": "May", "route": 0.0, "stop_id": "805535", "stop_name": "Main Street at Church Street", "total_boardings": 36, "pct_total_boardings": 0.00028326828654160895, "pct_route_boardings": 0.00028326828654160895, "latitude": 44.47602, "longitude": -73.21237 }, "geometry": { "type": "Point", "coordinates": [ -73.21237, 44.47602 ] } },
{ "type": "Feature", "properties": { "year": 2026.0, "month": "May", "route": 0.0, "stop_id": "805536", "stop_name": "Main Street at Pine Street", "total_boardings": 54, "pct_total_boardings": 0.00042490242981241342, "pct_route_boardings": 0.00042490242981241342, "latitude": 44.47588, "longitude": -73.2159 }, "geometry": { "type": "Point", "coordinates": [ -73.2159, 44.47588 ] } },
{ "type": "Feature", "properties": { "year": 2026.0, "month": "May", "route": 0.0, "stop_id": "805537", "stop_name": "Battery Street at College Street", "total_boardings": 152, "pct_total_boardings": 0.0011960216542867934, "pct_route_boardings": 0.0011960216542867934, "latitude": 44.4766, "longitude": -73.21867 }, "geometry": { "type": "Point", "coordinates": [ -73.21867, 44.4766 ] } },
{ "type": "Feature", "properties": { "year": 2026.0, "month": "May", "route": 0.0, "stop_id": "805538", "stop_name": "Battery Street at Cherry Street", "total_boardings": 9, "pct_total_boardings": 7.0817071635402237e-05, "pct_route_boardings": 7.0817071635402237e-05, "latitude": 44.478999736300089, "longitude": -73.218831904062654 }, "geometry": { "type": "Point", "coordinates": [ -73.218831904062654, 44.478999736300089 ] } },
{ "type": "Feature", "properties": { "year": 2026.0, "month": "May", "route": 0.0, "stop_id": "805539", "stop_name": "S Union Street at Adams Street", "total_boardings": 161, "pct_total_boardings": 0.0012668387259221956, "pct_route_boardings": 0.0012668387259221956, "latitude": 44.47232, "longitude": -73.20881 }, "geometry": { "type": "Point", "coordinates": [ -73.20881, 44.47232 ] } },
{ "type": "Feature", "properties": { "year": 2026.0, "month": "May", "route": 0.0, "stop_id": "805540", "stop_name": "S Union Street at Spruce Street", "total_boardings": 80, "pct_total_boardings": 0.00062948508120357549, "pct_route_boardings": 0.00062948508120357549, "latitude": 44.470663162357646, "longitude": -73.208743716160484 }, "geometry": { "type": "Point", "coordinates": [ -73.208743716160484, 44.470663162357646 ] } },
{ "type": "Feature", "properties": { "year": 2026.0, "month": "May", "route": 0.0, "stop_id": "805541", "stop_name": "S Union Street at Howard Street", "total_boardings": 75, "pct_total_boardings": 0.00059014226362835199, "pct_route_boardings": 0.00059014226362835199, "latitude": 44.467451748434605, "longitude": -73.208074077993217 }, "geometry": { "type": "Point", "coordinates": [ -73.208074077993217, 44.467451748434605 ] } },
{ "type": "Feature", "properties": { "year": 2026.0, "month": "May", "route": 0.0, "stop_id": "805542", "stop_name": "S Union Street at St Paul Street", "total_boardings": 105, "pct_total_boardings": 0.00082619916907969286, "pct_route_boardings": 0.00082619916907969286, "latitude": 44.465256, "longitude": -73.207703 }, "geometry": { "type": "Point", "coordinates": [ -73.207703, 44.465256 ] } },
{ "type": "Feature", "properties": { "year": 2026.0, "month": "May", "route": 0.0, "stop_id": "805544", "stop_name": "Shelburne Road at Opposite Hoover Street", "total_boardings": 83, "pct_total_boardings": 0.00065309077174870959, "pct_route_boardings": 0.00065309077174870959, "latitude": 44.46058, "longitude": -73.20817 }, "geometry": { "type": "Point", "coordinates": [ -73.20817, 44.46058 ] } },
{ "type": "Feature", "properties": { "year": 2026.0, "month": "May", "route": 0.0, "stop_id": "805545", "stop_name": "Shelburne Road at Birchcliff Parkway", "total_boardings": 60, "pct_total_boardings": 0.00047211381090268162, "pct_route_boardings": 0.00047211381090268162, "latitude": 44.45862, "longitude": -73.208362 }, "geometry": { "type": "Point", "coordinates": [ -73.208362, 44.45862 ] } },
{ "type": "Feature", "properties": { "year": 2026.0, "month": "May", "route": 0.0, "stop_id": "805546", "stop_name": "Shelburne Road at Burlington Subaru", "total_boardings": 44, "pct_total_boardings": 0.00034621679466196649, "pct_route_boardings": 0.00034621679466196649, "latitude": 44.456321, "longitude": -73.20858 }, "geometry": { "type": "Point", "coordinates": [ -73.20858, 44.456321 ] } },
{ "type": "Feature", "properties": { "year": 2026.0, "month": "May", "route": 0.0, "stop_id": "805547", "stop_name": "Shelburne Road at Ferguson Avenue", "total_boardings": 13, "pct_total_boardings": 0.00010229132569558102, "pct_route_boardings": 0.00010229132569558102, "latitude": 44.453955, "longitude": -73.208797 }, "geometry": { "type": "Point", "coordinates": [ -73.208797, 44.453955 ] } },
{ "type": "Feature", "properties": { "year": 2026.0, "month": "May", "route": 0.0, "stop_id": "805548", "stop_name": "Shelburne Road at Lyman Avenue", "total_boardings": 16, "pct_total_boardings": 0.0001258970162407151, "pct_route_boardings": 0.0001258970162407151, "latitude": 44.45298, "longitude": -73.20883 }, "geometry": { "type": "Point", "coordinates": [ -73.20883, 44.45298 ] } },
{ "type": "Feature", "properties": { "year": 2026.0, "month": "May", "route": 0.0, "stop_id": "805549", "stop_name": "Shelburne Road at Scarff Avenue", "total_boardings": 45, "pct_total_boardings": 0.00035408535817701119, "pct_route_boardings": 0.00035408535817701119, "latitude": 44.451904, "longitude": -73.208988 }, "geometry": { "type": "Point", "coordinates": [ -73.208988, 44.451904 ] } },
{ "type": "Feature", "properties": { "year": 2026.0, "month": "May", "route": 0.0, "stop_id": "805550", "stop_name": "Shelburne Road at Home Avenue", "total_boardings": 618, "pct_total_boardings": 0.0048627722522976207, "pct_route_boardings": 0.0048627722522976207, "latitude": 44.450357, "longitude": -73.209121 }, "geometry": { "type": "Point", "coordinates": [ -73.209121, 44.450357 ] } },
{ "type": "Feature", "properties": { "year": 2026.0, "month": "May", "route": 0.0, "stop_id": "805551", "stop_name": "Shelburne Road at Queen City Parkway", "total_boardings": 72, "pct_total_boardings": 0.0005665365730832179, "pct_route_boardings": 0.0005665365730832179, "latitude": 44.445006, "longitude": -73.209668 }, "geometry": { "type": "Point", "coordinates": [ -73.209668, 44.445006 ] } },
{ "type": "Feature", "properties": { "year": 2026.0, "month": "May", "route": 0.0, "stop_id": "805552", "stop_name": "Shelburne Road at Opposite Brewer Parkway", "total_boardings": 136, "pct_total_boardings": 0.0010701246380460782, "pct_route_boardings": 0.0010701246380460782, "latitude": 44.44257, "longitude": -73.20993 }, "geometry": { "type": "Point", "coordinates": [ -73.20993, 44.44257 ] } },
{ "type": "Feature", "properties": { "year": 2026.0, "month": "May", "route": 0.0, "stop_id": "805553", "stop_name": "Shelburne Road at Fayette Road", "total_boardings": 209, "pct_total_boardings": 0.0016445297746443409, "pct_route_boardings": 0.0016445297746443409, "latitude": 44.436915, "longitude": -73.210534 }, "geometry": { "type": "Point", "coordinates": [ -73.210534, 44.436915 ] } },
{ "type": "Feature", "properties": { "year": 2026.0, "month": "May", "route": 0.0, "stop_id": "805554", "stop_name": "Shelburne Road at Holmes Road", "total_boardings": 38, "pct_total_boardings": 0.00029900541357169835, "pct_route_boardings": 0.00029900541357169835, "latitude": 44.43293, "longitude": -73.211 }, "geometry": { "type": "Point", "coordinates": [ -73.211, 44.43293 ] } },
{ "type": "Feature", "properties": { "year": 2026.0, "month": "May", "route": 0.0, "stop_id": "805555", "stop_name": "Shelburne Road at Bartlett Bay Road", "total_boardings": 22, "pct_total_boardings": 0.00017310839733098324, "pct_route_boardings": 0.00017310839733098324, "latitude": 44.42803, "longitude": -73.21152 }, "geometry": { "type": "Point", "coordinates": [ -73.21152, 44.42803 ] } },
{ "type": "Feature", "properties": { "year": 2026.0, "month": "May", "route": 0.0, "stop_id": "805556", "stop_name": "Shelburne Road at Harbor View Road", "total_boardings": 30, "pct_total_boardings": 0.00023605690545134081, "pct_route_boardings": 0.00023605690545134081, "latitude": 44.42382, "longitude": -73.21195 }, "geometry": { "type": "Point", "coordinates": [ -73.21195, 44.42382 ] } },
{ "type": "Feature", "properties": { "year": 2026.0, "month": "May", "route": 0.0, "stop_id": "805557", "stop_name": "Shelburne Road at Opposite Allen Road", "total_boardings": 39, "pct_total_boardings": 0.00030687397708674305, "pct_route_boardings": 0.00030687397708674305, "latitude": 44.42202, "longitude": -73.21215 }, "geometry": { "type": "Point", "coordinates": [ -73.21215, 44.42202 ] } },
{ "type": "Feature", "properties": { "year": 2026.0, "month": "May", "route": 0.0, "stop_id": "805558", "stop_name": "Shelburne Road at Pine Haven Shores Road", "total_boardings": 29, "pct_total_boardings": 0.00022818834193629611, "pct_route_boardings": 0.00022818834193629611, "latitude": 44.4188, "longitude": -73.2127 }, "geometry": { "type": "Point", "coordinates": [ -73.2127, 44.4188 ] } },
{ "type": "Feature", "properties": { "year": 2026.0, "month": "May", "route": 0.0, "stop_id": "805559", "stop_name": "Shelburne Road at Opposite Martindale", "total_boardings": 22, "pct_total_boardings": 0.00017310839733098324, "pct_route_boardings": 0.00017310839733098324, "latitude": 44.4167, "longitude": -73.2134 }, "geometry": { "type": "Point", "coordinates": [ -73.2134, 44.4167 ] } },
{ "type": "Feature", "properties": { "year": 2026.0, "month": "May", "route": 0.0, "stop_id": "805560", "stop_name": "Shelburne Road at Palmer Court", "total_boardings": 9, "pct_total_boardings": 7.0817071635402237e-05, "pct_route_boardings": 7.0817071635402237e-05, "latitude": 44.41318, "longitude": -73.21455 }, "geometry": { "type": "Point", "coordinates": [ -73.21455, 44.41318 ] } },
{ "type": "Feature", "properties": { "year": 2026.0, "month": "May", "route": 0.0, "stop_id": "805561", "stop_name": "Shelburne Road at Lakeview Drive", "total_boardings": 39, "pct_total_boardings": 0.00030687397708674305, "pct_route_boardings": 0.00030687397708674305, "latitude": 44.41193, "longitude": -73.21497 }, "geometry": { "type": "Point", "coordinates": [ -73.21497, 44.41193 ] } },
{ "type": "Feature", "properties": { "year": 2026.0, "month": "May", "route": 0.0, "stop_id": "805563", "stop_name": "Shelburne Road at Bay Road", "total_boardings": 68, "pct_total_boardings": 0.0005350623190230391, "pct_route_boardings": 0.0005350623190230391, "latitude": 44.4057, "longitude": -73.21698 }, "geometry": { "type": "Point", "coordinates": [ -73.21698, 44.4057 ] } },
{ "type": "Feature", "properties": { "year": 2026.0, "month": "May", "route": 0.0, "stop_id": "805564", "stop_name": "Shelburne Road at Green Mountain Kenworth", "total_boardings": 15, "pct_total_boardings": 0.0001180284527256704, "pct_route_boardings": 0.0001180284527256704, "latitude": 44.40277, "longitude": -73.2179 }, "geometry": { "type": "Point", "coordinates": [ -73.2179, 44.40277 ] } },
{ "type": "Feature", "properties": { "year": 2026.0, "month": "May", "route": 0.0, "stop_id": "805565", "stop_name": "Shelburne Road at Tenneybrook Square", "total_boardings": 16, "pct_total_boardings": 0.0001258970162407151, "pct_route_boardings": 0.0001258970162407151, "latitude": 44.40097, "longitude": -73.21848 }, "geometry": { "type": "Point", "coordinates": [ -73.21848, 44.40097 ] } },
{ "type": "Feature", "properties": { "year": 2026.0, "month": "May", "route": 0.0, "stop_id": "805566", "stop_name": "Shelburne Road at Opposite Longmeadow Drive (The Commons)", "total_boardings": 24, "pct_total_boardings": 0.00018884552436107264, "pct_route_boardings": 0.00018884552436107264, "latitude": 44.395907084193801, "longitude": -73.220143316304899 }, "geometry": { "type": "Point", "coordinates": [ -73.220143316304899, 44.395907084193801 ] } },
{ "type": "Feature", "properties": { "year": 2026.0, "month": "May", "route": 0.0, "stop_id": "805568", "stop_name": "Shelburne Road at Town Office", "total_boardings": 52, "pct_total_boardings": 0.00040916530278232408, "pct_route_boardings": 0.00040916530278232408, "latitude": 44.37908, "longitude": -73.22825 }, "geometry": { "type": "Point", "coordinates": [ -73.22825, 44.37908 ] } },
{ "type": "Feature", "properties": { "year": 2026.0, "month": "May", "route": 0.0, "stop_id": "805569", "stop_name": "Shelburne Museum", "total_boardings": 85, "pct_total_boardings": 0.00066882789877879898, "pct_route_boardings": 0.00066882789877879898, "latitude": 44.37672, "longitude": -73.22913 }, "geometry": { "type": "Point", "coordinates": [ -73.22913, 44.37672 ] } },
{ "type": "Feature", "properties": { "year": 2026.0, "month": "May", "route": 0.0, "stop_id": "805570", "stop_name": "Shelburne Road at Museum Main Gate", "total_boardings": 85, "pct_total_boardings": 0.00066882789877879898, "pct_route_boardings": 0.00066882789877879898, "latitude": 44.37188, "longitude": -73.23092 }, "geometry": { "type": "Point", "coordinates": [ -73.23092, 44.37188 ] } },
{ "type": "Feature", "properties": { "year": 2026.0, "month": "May", "route": 0.0, "stop_id": "805571", "stop_name": "Marsett Road at Green Hills Drive", "total_boardings": 27, "pct_total_boardings": 0.00021245121490620671, "pct_route_boardings": 0.00021245121490620671, "latitude": 44.36972, "longitude": -73.22888 }, "geometry": { "type": "Point", "coordinates": [ -73.22888, 44.36972 ] } },
{ "type": "Feature", "properties": { "year": 2026.0, "month": "May", "route": 0.0, "stop_id": "805572", "stop_name": "Marsett Road at Maplewood Drive", "total_boardings": 28, "pct_total_boardings": 0.00022031977842125141, "pct_route_boardings": 0.00022031977842125141, "latitude": 44.36992, "longitude": -73.22743 }, "geometry": { "type": "Point", "coordinates": [ -73.22743, 44.36992 ] } },
{ "type": "Feature", "properties": { "year": 2026.0, "month": "May", "route": 0.0, "stop_id": "805573", "stop_name": "Marsett Road at Falls Roadd", "total_boardings": 18, "pct_total_boardings": 0.00014163414327080447, "pct_route_boardings": 0.00014163414327080447, "latitude": 44.370314, "longitude": -73.224723 }, "geometry": { "type": "Point", "coordinates": [ -73.224723, 44.370314 ] } },
{ "type": "Feature", "properties": { "year": 2026.0, "month": "May", "route": 0.0, "stop_id": "805574", "stop_name": "Falls Road at Shelburne Shopping Park", "total_boardings": 193, "pct_total_boardings": 0.0015186327584036259, "pct_route_boardings": 0.0015186327584036259, "latitude": 44.37948, "longitude": -73.22692 }, "geometry": { "type": "Point", "coordinates": [ -73.22692, 44.37948 ] } },
{ "type": "Feature", "properties": { "year": 2026.0, "month": "May", "route": 0.0, "stop_id": "805576", "stop_name": "Shelburne Road at Webster Road", "total_boardings": 72, "pct_total_boardings": 0.0005665365730832179, "pct_route_boardings": 0.0005665365730832179, "latitude": 44.38762, "longitude": -73.22465 }, "geometry": { "type": "Point", "coordinates": [ -73.22465, 44.38762 ] } },
{ "type": "Feature", "properties": { "year": 2026.0, "month": "May", "route": 0.0, "stop_id": "805577", "stop_name": "Shelburne Road at Dutch Mill", "total_boardings": 198, "pct_total_boardings": 0.0015579755759788493, "pct_route_boardings": 0.0015579755759788493, "latitude": 44.3937, "longitude": -73.22055 }, "geometry": { "type": "Point", "coordinates": [ -73.22055, 44.3937 ] } },
{ "type": "Feature", "properties": { "year": 2026.0, "month": "May", "route": 0.0, "stop_id": "805578", "stop_name": "Shelburne Road at Longmeadow Drive", "total_boardings": 173, "pct_total_boardings": 0.001361261488102732, "pct_route_boardings": 0.001361261488102732, "latitude": 44.39648, "longitude": -73.21962 }, "geometry": { "type": "Point", "coordinates": [ -73.21962, 44.39648 ] } },
{ "type": "Feature", "properties": { "year": 2026.0, "month": "May", "route": 0.0, "stop_id": "805579", "stop_name": "Shelburne Road at Opposite Tenneybrook", "total_boardings": 44, "pct_total_boardings": 0.00034621679466196649, "pct_route_boardings": 0.00034621679466196649, "latitude": 44.40157, "longitude": -73.218 }, "geometry": { "type": "Point", "coordinates": [ -73.218, 44.40157 ] } },
{ "type": "Feature", "properties": { "year": 2026.0, "month": "May", "route": 0.0, "stop_id": "805580", "stop_name": "Shelburne Road at Opposite Shed Sales Antiques", "total_boardings": 60, "pct_total_boardings": 0.00047211381090268162, "pct_route_boardings": 0.00047211381090268162, "latitude": 44.40338, "longitude": -73.21745 }, "geometry": { "type": "Point", "coordinates": [ -73.21745, 44.40338 ] } },
{ "type": "Feature", "properties": { "year": 2026.0, "month": "May", "route": 0.0, "stop_id": "805581", "stop_name": "Shelburne Road at Executive Drive", "total_boardings": 346, "pct_total_boardings": 0.0027225229762054639, "pct_route_boardings": 0.0027225229762054639, "latitude": 44.40637, "longitude": -73.2165 }, "geometry": { "type": "Point", "coordinates": [ -73.2165, 44.40637 ] } },
{ "type": "Feature", "properties": { "year": 2026.0, "month": "May", "route": 0.0, "stop_id": "805583", "stop_name": "Shelburne Road at Hullcrest Road", "total_boardings": 277, "pct_total_boardings": 0.00217959209366738, "pct_route_boardings": 0.00217959209366738, "latitude": 44.41257684917089, "longitude": -73.214456435941372 }, "geometry": { "type": "Point", "coordinates": [ -73.214456435941372, 44.41257684917089 ] } },
{ "type": "Feature", "properties": { "year": 2026.0, "month": "May", "route": 0.0, "stop_id": "805584", "stop_name": "Shelburne Road at Juniper Ridge", "total_boardings": 137, "pct_total_boardings": 0.001077993201561123, "pct_route_boardings": 0.001077993201561123, "latitude": 44.41375, "longitude": -73.21407 }, "geometry": { "type": "Point", "coordinates": [ -73.21407, 44.41375 ] } },
{ "type": "Feature", "properties": { "year": 2026.0, "month": "May", "route": 0.0, "stop_id": "805585", "stop_name": "Shelburne Road at Martindale Road", "total_boardings": 214, "pct_total_boardings": 0.0016838725922195643, "pct_route_boardings": 0.0016838725922195643, "latitude": 44.41737, "longitude": -73.21288 }, "geometry": { "type": "Point", "coordinates": [ -73.21288, 44.41737 ] } },
{ "type": "Feature", "properties": { "year": 2026.0, "month": "May", "route": 0.0, "stop_id": "805586", "stop_name": "Shelburne Road at Locust Hill", "total_boardings": 218, "pct_total_boardings": 0.0017153468462797431, "pct_route_boardings": 0.0017153468462797431, "latitude": 44.41945, "longitude": -73.21218 }, "geometry": { "type": "Point", "coordinates": [ -73.21218, 44.41945 ] } },
{ "type": "Feature", "properties": { "year": 2026.0, "month": "May", "route": 0.0, "stop_id": "805587", "stop_name": "Shelburne Road at Allen Road", "total_boardings": 627, "pct_total_boardings": 0.0049335893239330231, "pct_route_boardings": 0.0049335893239330231, "latitude": 44.4227, "longitude": -73.21175 }, "geometry": { "type": "Point", "coordinates": [ -73.21175, 44.4227 ] } },
{ "type": "Feature", "properties": { "year": 2026.0, "month": "May", "route": 0.0, "stop_id": "805588", "stop_name": "Shelburne Road at Green Mtn. Drive", "total_boardings": 189, "pct_total_boardings": 0.0014871585043434471, "pct_route_boardings": 0.0014871585043434471, "latitude": 44.42875, "longitude": -73.21112 }, "geometry": { "type": "Point", "coordinates": [ -73.21112, 44.42875 ] } },
{ "type": "Feature", "properties": { "year": 2026.0, "month": "May", "route": 0.0, "stop_id": "805589", "stop_name": "Shelburne Road at IDX Drive", "total_boardings": 156, "pct_total_boardings": 0.0012274959083469722, "pct_route_boardings": 0.0012274959083469722, "latitude": 44.43377, "longitude": -73.21058 }, "geometry": { "type": "Point", "coordinates": [ -73.21058, 44.43377 ] } },
{ "type": "Feature", "properties": { "year": 2026.0, "month": "May", "route": 0.0, "stop_id": "805590", "stop_name": "Shelburne Road at Sleepquarters", "total_boardings": 99, "pct_total_boardings": 0.00077898778798942466, "pct_route_boardings": 0.00077898778798942466, "latitude": 44.4351, "longitude": -73.21048 }, "geometry": { "type": "Point", "coordinates": [ -73.21048, 44.4351 ] } },
{ "type": "Feature", "properties": { "year": 2026.0, "month": "May", "route": 0.0, "stop_id": "805591", "stop_name": "Shelburne Road at MacIntosh Drive", "total_boardings": 211, "pct_total_boardings": 0.0016602669016744303, "pct_route_boardings": 0.0016602669016744303, "latitude": 44.43715, "longitude": -73.21028 }, "geometry": { "type": "Point", "coordinates": [ -73.21028, 44.43715 ] } },
{ "type": "Feature", "properties": { "year": 2026.0, "month": "May", "route": 0.0, "stop_id": "805592", "stop_name": "Shelburne Road at Baldwin Avenue", "total_boardings": 466, "pct_total_boardings": 0.0036667505980108274, "pct_route_boardings": 0.0036667505980108274, "latitude": 44.438626, "longitude": -73.210108 }, "geometry": { "type": "Point", "coordinates": [ -73.210108, 44.438626 ] } },
{ "type": "Feature", "properties": { "year": 2026.0, "month": "May", "route": 0.0, "stop_id": "805593", "stop_name": "Shelburne Road at Laurel Hill Drive", "total_boardings": 323, "pct_total_boardings": 0.0025415460153594359, "pct_route_boardings": 0.0025415460153594359, "latitude": 44.441249, "longitude": -73.20983 }, "geometry": { "type": "Point", "coordinates": [ -73.20983, 44.441249 ] } },
{ "type": "Feature", "properties": { "year": 2026.0, "month": "May", "route": 0.0, "stop_id": "805594", "stop_name": "Shelburne Road at Lindenwood Drive", "total_boardings": 501, "pct_total_boardings": 0.0039421503210373913, "pct_route_boardings": 0.0039421503210373913, "latitude": 44.444169, "longitude": -73.209501 }, "geometry": { "type": "Point", "coordinates": [ -73.209501, 44.444169 ] } },
{ "type": "Feature", "properties": { "year": 2026.0, "month": "May", "route": 0.0, "stop_id": "805595", "stop_name": "Shelburne Road at Farrell Street", "total_boardings": 2062, "pct_total_boardings": 0.016224977968022157, "pct_route_boardings": 0.016224977968022157, "latitude": 44.450421, "longitude": -73.208905 }, "geometry": { "type": "Point", "coordinates": [ -73.208905, 44.450421 ] } },
{ "type": "Feature", "properties": { "year": 2026.0, "month": "May", "route": 0.0, "stop_id": "805596", "stop_name": "Shelburne Road at Hadley Road", "total_boardings": 268, "pct_total_boardings": 0.002108775022031978, "pct_route_boardings": 0.002108775022031978, "latitude": 44.452346, "longitude": -73.208731 }, "geometry": { "type": "Point", "coordinates": [ -73.208731, 44.452346 ] } },
{ "type": "Feature", "properties": { "year": 2026.0, "month": "May", "route": 0.0, "stop_id": "805597", "stop_name": "Shelburne Road at Proctor Avenue", "total_boardings": 253, "pct_total_boardings": 0.0019907465693063072, "pct_route_boardings": 0.0019907465693063072, "latitude": 44.454962514117597, "longitude": -73.208439575486196 }, "geometry": { "type": "Point", "coordinates": [ -73.208439575486196, 44.454962514117597 ] } },
{ "type": "Feature", "properties": { "year": 2026.0, "month": "May", "route": 0.0, "stop_id": "805598", "stop_name": "Shelburne Road at Kinney Drugs", "total_boardings": 171, "pct_total_boardings": 0.0013455243610726426, "pct_route_boardings": 0.0013455243610726426, "latitude": 44.456778, "longitude": -73.208325 }, "geometry": { "type": "Point", "coordinates": [ -73.208325, 44.456778 ] } },
{ "type": "Feature", "properties": { "year": 2026.0, "month": "May", "route": 0.0, "stop_id": "805599", "stop_name": "Shelburne Road at Clymer Street", "total_boardings": 103, "pct_total_boardings": 0.00081046204204960346, "pct_route_boardings": 0.00081046204204960346, "latitude": 44.458365, "longitude": -73.208201 }, "geometry": { "type": "Point", "coordinates": [ -73.208201, 44.458365 ] } },
{ "type": "Feature", "properties": { "year": 2026.0, "month": "May", "route": 0.0, "stop_id": "805600", "stop_name": "Shelburne Road at Adams Court", "total_boardings": 197, "pct_total_boardings": 0.0015501070124638045, "pct_route_boardings": 0.0015501070124638045, "latitude": 44.4615, "longitude": -73.20788 }, "geometry": { "type": "Point", "coordinates": [ -73.20788, 44.4615 ] } },
{ "type": "Feature", "properties": { "year": 2026.0, "month": "May", "route": 0.0, "stop_id": "805601", "stop_name": "South Union Street at Opposite Saint Paul Street", "total_boardings": 124, "pct_total_boardings": 0.00097570187586554203, "pct_route_boardings": 0.00097570187586554203, "latitude": 44.465356, "longitude": -73.207568 }, "geometry": { "type": "Point", "coordinates": [ -73.207568, 44.465356 ] } },
{ "type": "Feature", "properties": { "year": 2026.0, "month": "May", "route": 0.0, "stop_id": "805602", "stop_name": "S Union Street at Howard Street", "total_boardings": 81, "pct_total_boardings": 0.00063735364471862019, "pct_route_boardings": 0.00063735364471862019, "latitude": 44.4672, "longitude": -73.20783 }, "geometry": { "type": "Point", "coordinates": [ -73.20783, 44.4672 ] } },
{ "type": "Feature", "properties": { "year": 2026.0, "month": "May", "route": 0.0, "stop_id": "805603", "stop_name": "S Union Street at Bayview Court", "total_boardings": 65, "pct_total_boardings": 0.00051145662847790511, "pct_route_boardings": 0.00051145662847790511, "latitude": 44.46843, "longitude": -73.20813 }, "geometry": { "type": "Point", "coordinates": [ -73.20813, 44.46843 ] } },
{ "type": "Feature", "properties": { "year": 2026.0, "month": "May", "route": 0.0, "stop_id": "805604", "stop_name": "S Union Street at Spruce Street", "total_boardings": 58, "pct_total_boardings": 0.00045637668387259222, "pct_route_boardings": 0.00045637668387259222, "latitude": 44.470452, "longitude": -73.208604 }, "geometry": { "type": "Point", "coordinates": [ -73.208604, 44.470452 ] } },
{ "type": "Feature", "properties": { "year": 2026.0, "month": "May", "route": 0.0, "stop_id": "805605", "stop_name": "S Union Street at Maple Street", "total_boardings": 9, "pct_total_boardings": 7.0817071635402237e-05, "pct_route_boardings": 7.0817071635402237e-05, "latitude": 44.47378, "longitude": -73.2088 }, "geometry": { "type": "Point", "coordinates": [ -73.2088, 44.47378 ] } },
{ "type": "Feature", "properties": { "year": 2026.0, "month": "May", "route": 0.0, "stop_id": "805606", "stop_name": "S Union Street at Opposite King Street", "total_boardings": 12, "pct_total_boardings": 9.4422762180536321e-05, "pct_route_boardings": 9.4422762180536321e-05, "latitude": 44.47498, "longitude": -73.20885 }, "geometry": { "type": "Point", "coordinates": [ -73.20885, 44.47498 ] } },
{ "type": "Feature", "properties": { "year": 2026.0, "month": "May", "route": 0.0, "stop_id": "805607", "stop_name": "Pearl Street at Elmwood Avenue", "total_boardings": 34, "pct_total_boardings": 0.00026753115951151955, "pct_route_boardings": 0.00026753115951151955, "latitude": 44.480451, "longitude": -73.213722 }, "geometry": { "type": "Point", "coordinates": [ -73.213722, 44.480451 ] } },
{ "type": "Feature", "properties": { "year": 2026.0, "month": "May", "route": 0.0, "stop_id": "805608", "stop_name": "Elmwood Avenue at Elmwood Center", "total_boardings": 49, "pct_total_boardings": 0.00038555961223718998, "pct_route_boardings": 0.00038555961223718998, "latitude": 44.48132, "longitude": -73.21352 }, "geometry": { "type": "Point", "coordinates": [ -73.21352, 44.48132 ] } },
{ "type": "Feature", "properties": { "year": 2026.0, "month": "May", "route": 0.0, "stop_id": "805609", "stop_name": "Elmwood Avenue at Opposite Peru Street", "total_boardings": 80, "pct_total_boardings": 0.00062948508120357549, "pct_route_boardings": 0.00062948508120357549, "latitude": 44.48258, "longitude": -73.21362 }, "geometry": { "type": "Point", "coordinates": [ -73.21362, 44.48258 ] } },
{ "type": "Feature", "properties": { "year": 2026.0, "month": "May", "route": 0.0, "stop_id": "805610", "stop_name": "North Street at Elmwood Avenue", "total_boardings": 357, "pct_total_boardings": 0.0028090771748709555, "pct_route_boardings": 0.0028090771748709555, "latitude": 44.48478, "longitude": -73.21363 }, "geometry": { "type": "Point", "coordinates": [ -73.21363, 44.48478 ] } },
{ "type": "Feature", "properties": { "year": 2026.0, "month": "May", "route": 0.0, "stop_id": "805611", "stop_name": "Elmwood Avenue at Spring Street", "total_boardings": 26, "pct_total_boardings": 0.00020458265139116204, "pct_route_boardings": 0.00020458265139116204, "latitude": 44.487349, "longitude": -73.214014 }, "geometry": { "type": "Point", "coordinates": [ -73.214014, 44.487349 ] } },
{ "type": "Feature", "properties": { "year": 2026.0, "month": "May", "route": 0.0, "stop_id": "805612", "stop_name": "Archibald Street at Walnut Street", "total_boardings": 47, "pct_total_boardings": 0.00036982248520710058, "pct_route_boardings": 0.00036982248520710058, "latitude": 44.487673, "longitude": -73.213751 }, "geometry": { "type": "Point", "coordinates": [ -73.213751, 44.487673 ] } },
{ "type": "Feature", "properties": { "year": 2026.0, "month": "May", "route": 0.0, "stop_id": "805613", "stop_name": "Archibald Street at Intervale Avenue", "total_boardings": 49, "pct_total_boardings": 0.00038555961223718998, "pct_route_boardings": 0.00038555961223718998, "latitude": 44.48778, "longitude": -73.21147 }, "geometry": { "type": "Point", "coordinates": [ -73.21147, 44.48778 ] } },
{ "type": "Feature", "properties": { "year": 2026.0, "month": "May", "route": 0.0, "stop_id": "805614", "stop_name": "Intervale Avenue at Opposite Willow Street", "total_boardings": 78, "pct_total_boardings": 0.00061374795417348609, "pct_route_boardings": 0.00061374795417348609, "latitude": 44.48863, "longitude": -73.21042 }, "geometry": { "type": "Point", "coordinates": [ -73.21042, 44.48863 ] } },
{ "type": "Feature", "properties": { "year": 2026.0, "month": "May", "route": 0.0, "stop_id": "805615", "stop_name": "Intervale Avenue at Riverside Avenue", "total_boardings": 82, "pct_total_boardings": 0.00064522220823366489, "pct_route_boardings": 0.00064522220823366489, "latitude": 44.4893, "longitude": -73.20985 }, "geometry": { "type": "Point", "coordinates": [ -73.20985, 44.4893 ] } },
{ "type": "Feature", "properties": { "year": 2026.0, "month": "May", "route": 0.0, "stop_id": "805616", "stop_name": "Riverside Avenue at Bright Street", "total_boardings": 124, "pct_total_boardings": 0.00097570187586554203, "pct_route_boardings": 0.00097570187586554203, "latitude": 44.48947, "longitude": -73.20833 }, "geometry": { "type": "Point", "coordinates": [ -73.20833, 44.48947 ] } },
{ "type": "Feature", "properties": { "year": 2026.0, "month": "May", "route": 0.0, "stop_id": "805617", "stop_name": "Community Health Center", "total_boardings": 193, "pct_total_boardings": 0.0015186327584036259, "pct_route_boardings": 0.0015186327584036259, "latitude": 44.489602490295084, "longitude": -73.206111207414722 }, "geometry": { "type": "Point", "coordinates": [ -73.206111207414722, 44.489602490295084 ] } },
{ "type": "Feature", "properties": { "year": 2026.0, "month": "May", "route": 0.0, "stop_id": "805618", "stop_name": "Riverside Avenue at N. Prospect Street", "total_boardings": 43, "pct_total_boardings": 0.00033834823114692184, "pct_route_boardings": 0.00033834823114692184, "latitude": 44.48868651, "longitude": -73.20182517000001 }, "geometry": { "type": "Point", "coordinates": [ -73.20182517, 44.48868651 ] } },
{ "type": "Feature", "properties": { "year": 2026.0, "month": "May", "route": 0.0, "stop_id": "805619", "stop_name": "Riverside Avenue at Koffee Kup Bakery", "total_boardings": 20, "pct_total_boardings": 0.00015737127030089387, "pct_route_boardings": 0.00015737127030089387, "latitude": 44.488130016524465, "longitude": -73.198726322577954 }, "geometry": { "type": "Point", "coordinates": [ -73.198726322577954, 44.488130016524465 ] } },
{ "type": "Feature", "properties": { "year": 2026.0, "month": "May", "route": 0.0, "stop_id": "805620", "stop_name": "Riverside Avenue at Salmon Run", "total_boardings": 109, "pct_total_boardings": 0.00085767342313987154, "pct_route_boardings": 0.00085767342313987154, "latitude": 44.48641, "longitude": -73.191726 }, "geometry": { "type": "Point", "coordinates": [ -73.191726, 44.48641 ] } },
{ "type": "Feature", "properties": { "year": 2026.0, "month": "May", "route": 0.0, "stop_id": "805621", "stop_name": "Main Street at Platt Street", "total_boardings": 29, "pct_total_boardings": 0.00022818834193629611, "pct_route_boardings": 0.00022818834193629611, "latitude": 44.493943, "longitude": -73.186434 }, "geometry": { "type": "Point", "coordinates": [ -73.186434, 44.493943 ] } },
{ "type": "Feature", "properties": { "year": 2026.0, "month": "May", "route": 0.0, "stop_id": "805623", "stop_name": "Main Street at La Fountain Street", "total_boardings": 27, "pct_total_boardings": 0.00021245121490620671, "pct_route_boardings": 0.00021245121490620671, "latitude": 44.49665, "longitude": -73.18508 }, "geometry": { "type": "Point", "coordinates": [ -73.18508, 44.49665 ] } },
{ "type": "Feature", "properties": { "year": 2026.0, "month": "May", "route": 0.0, "stop_id": "805624", "stop_name": "E Spring Street at Spring Garden", "total_boardings": 142, "pct_total_boardings": 0.0011173360191363464, "pct_route_boardings": 0.0011173360191363464, "latitude": 44.494627083702397, "longitude": -73.185111625456599 }, "geometry": { "type": "Point", "coordinates": [ -73.185111625456599, 44.494627083702397 ] } },
{ "type": "Feature", "properties": { "year": 2026.0, "month": "May", "route": 0.0, "stop_id": "805625", "stop_name": "Main Street at Burling Street", "total_boardings": 52, "pct_total_boardings": 0.00040916530278232408, "pct_route_boardings": 0.00040916530278232408, "latitude": 44.49802, "longitude": -73.18438 }, "geometry": { "type": "Point", "coordinates": [ -73.18438, 44.49802 ] } },
{ "type": "Feature", "properties": { "year": 2026.0, "month": "May", "route": 0.0, "stop_id": "805627", "stop_name": "Main Street at Normand Street", "total_boardings": 165, "pct_total_boardings": 0.0012983129799823744, "pct_route_boardings": 0.0012983129799823744, "latitude": 44.50062909, "longitude": -73.18312749 }, "geometry": { "type": "Point", "coordinates": [ -73.18312749, 44.50062909 ] } },
{ "type": "Feature", "properties": { "year": 2026.0, "month": "May", "route": 0.0, "stop_id": "805628", "stop_name": "Weaver Street at Tigan Street", "total_boardings": 87, "pct_total_boardings": 0.00068456502580888838, "pct_route_boardings": 0.00068456502580888838, "latitude": 44.50142, "longitude": -73.18435 }, "geometry": { "type": "Point", "coordinates": [ -73.18435, 44.50142 ] } },
{ "type": "Feature", "properties": { "year": 2026.0, "month": "May", "route": 0.0, "stop_id": "805629", "stop_name": "Weaver Street at St. Francis Xavier Cemetery", "total_boardings": 11, "pct_total_boardings": 8.6554198665491621e-05, "pct_route_boardings": 8.6554198665491621e-05, "latitude": 44.498596705036597, "longitude": -73.185891753165293 }, "geometry": { "type": "Point", "coordinates": [ -73.185891753165293, 44.498596705036597 ] } },
{ "type": "Feature", "properties": { "year": 2026.0, "month": "May", "route": 0.0, "stop_id": "805630", "stop_name": "W. Spring Street at Our Lady of Providence", "total_boardings": 58, "pct_total_boardings": 0.00045637668387259222, "pct_route_boardings": 0.00045637668387259222, "latitude": 44.49518, "longitude": -73.18847 }, "geometry": { "type": "Point", "coordinates": [ -73.18847, 44.49518 ] } },
{ "type": "Feature", "properties": { "year": 2026.0, "month": "May", "route": 0.0, "stop_id": "805631", "stop_name": "W. Spring Street at North Street", "total_boardings": 60, "pct_total_boardings": 0.00047211381090268162, "pct_route_boardings": 0.00047211381090268162, "latitude": 44.495188730029568, "longitude": -73.189577659532233 }, "geometry": { "type": "Point", "coordinates": [ -73.189577659532233, 44.495188730029568 ] } },
{ "type": "Feature", "properties": { "year": 2026.0, "month": "May", "route": 0.0, "stop_id": "805632", "stop_name": "Hickok Street at Elm Street", "total_boardings": 164, "pct_total_boardings": 0.0012904444164673298, "pct_route_boardings": 0.0012904444164673298, "latitude": 44.495502, "longitude": -73.194925 }, "geometry": { "type": "Point", "coordinates": [ -73.194925, 44.495502 ] } },
{ "type": "Feature", "properties": { "year": 2026.0, "month": "May", "route": 0.0, "stop_id": "805633", "stop_name": "West Lane at Malletts Bay Avenue", "total_boardings": 223, "pct_total_boardings": 0.0017546896638549667, "pct_route_boardings": 0.0017546896638549667, "latitude": 44.49343, "longitude": -73.19125 }, "geometry": { "type": "Point", "coordinates": [ -73.19125, 44.49343 ] } },
{ "type": "Feature", "properties": { "year": 2026.0, "month": "May", "route": 0.0, "stop_id": "805634", "stop_name": "Mallets Bay Avenue at O'Brien Center", "total_boardings": 323, "pct_total_boardings": 0.0025415460153594359, "pct_route_boardings": 0.0025415460153594359, "latitude": 44.492253713092303, "longitude": -73.189969313896896 }, "geometry": { "type": "Point", "coordinates": [ -73.189969313896896, 44.492253713092303 ] } },
{ "type": "Feature", "properties": { "year": 2026.0, "month": "May", "route": 0.0, "stop_id": "805635", "stop_name": "Riverside Avenue at Dunkin Donuts", "total_boardings": 57, "pct_total_boardings": 0.00044850812035754752, "pct_route_boardings": 0.00044850812035754752, "latitude": 44.488606614866669, "longitude": -73.200768283475668 }, "geometry": { "type": "Point", "coordinates": [ -73.200768283475668, 44.488606614866669 ] } },
{ "type": "Feature", "properties": { "year": 2026.0, "month": "May", "route": 0.0, "stop_id": "805636", "stop_name": "Riverside Avenue at Intervale Road", "total_boardings": 42, "pct_total_boardings": 0.00033047966763187714, "pct_route_boardings": 0.00033047966763187714, "latitude": 44.489038385620418, "longitude": -73.202188043399531 }, "geometry": { "type": "Point", "coordinates": [ -73.202188043399531, 44.489038385620418 ] } },
{ "type": "Feature", "properties": { "year": 2026.0, "month": "May", "route": 0.0, "stop_id": "805637", "stop_name": "Community Health Center", "total_boardings": 314, "pct_total_boardings": 0.0024707289437240335, "pct_route_boardings": 0.0024707289437240335, "latitude": 44.489674, "longitude": -73.206354 }, "geometry": { "type": "Point", "coordinates": [ -73.206354, 44.489674 ] } },
{ "type": "Feature", "properties": { "year": 2026.0, "month": "May", "route": 0.0, "stop_id": "805638", "stop_name": "Riverside Avenue at Intervale Avenue", "total_boardings": 113, "pct_total_boardings": 0.00088914767720005034, "pct_route_boardings": 0.00088914767720005034, "latitude": 44.489485, "longitude": -73.209628 }, "geometry": { "type": "Point", "coordinates": [ -73.209628, 44.489485 ] } },
{ "type": "Feature", "properties": { "year": 2026.0, "month": "May", "route": 0.0, "stop_id": "805639", "stop_name": "Intervale Avenue at Willow Street", "total_boardings": 83, "pct_total_boardings": 0.00065309077174870959, "pct_route_boardings": 0.00065309077174870959, "latitude": 44.488718, "longitude": -73.210544 }, "geometry": { "type": "Point", "coordinates": [ -73.210544, 44.488718 ] } },
{ "type": "Feature", "properties": { "year": 2026.0, "month": "May", "route": 0.0, "stop_id": "805640", "stop_name": "Archibald Street at Walnut Street", "total_boardings": 66, "pct_total_boardings": 0.00051932519199294981, "pct_route_boardings": 0.00051932519199294981, "latitude": 44.487786, "longitude": -73.213167 }, "geometry": { "type": "Point", "coordinates": [ -73.213167, 44.487786 ] } },
{ "type": "Feature", "properties": { "year": 2026.0, "month": "May", "route": 0.0, "stop_id": "805641", "stop_name": "Elmwood Avenue at Spring Street", "total_boardings": 46, "pct_total_boardings": 0.00036195392169205588, "pct_route_boardings": 0.00036195392169205588, "latitude": 44.48738, "longitude": -73.21415 }, "geometry": { "type": "Point", "coordinates": [ -73.21415, 44.48738 ] } },
{ "type": "Feature", "properties": { "year": 2026.0, "month": "May", "route": 0.0, "stop_id": "805642", "stop_name": "Elmwood Avenue at Cedar Street", "total_boardings": 50, "pct_total_boardings": 0.00039342817575223468, "pct_route_boardings": 0.00039342817575223468, "latitude": 44.48595, "longitude": -73.21402 }, "geometry": { "type": "Point", "coordinates": [ -73.21402, 44.48595 ] } },
{ "type": "Feature", "properties": { "year": 2026.0, "month": "May", "route": 0.0, "stop_id": "805643", "stop_name": "Elmwood Avenue at North Street", "total_boardings": 27, "pct_total_boardings": 0.00021245121490620671, "pct_route_boardings": 0.00021245121490620671, "latitude": 44.484847, "longitude": -73.213943 }, "geometry": { "type": "Point", "coordinates": [ -73.213943, 44.484847 ] } },
{ "type": "Feature", "properties": { "year": 2026.0, "month": "May", "route": 0.0, "stop_id": "805644", "stop_name": "Elmwood Avenue at Allen Street", "total_boardings": 12, "pct_total_boardings": 9.4422762180536321e-05, "pct_route_boardings": 9.4422762180536321e-05, "latitude": 44.483791587177642, "longitude": -73.213883867882998 }, "geometry": { "type": "Point", "coordinates": [ -73.213883867882998, 44.483791587177642 ] } },
{ "type": "Feature", "properties": { "year": 2026.0, "month": "May", "route": 0.0, "stop_id": "805645", "stop_name": "Grant Street at Clarke Street", "total_boardings": 2, "pct_total_boardings": 1.5737127030089388e-05, "pct_route_boardings": 1.5737127030089388e-05, "latitude": 44.4822, "longitude": -73.21252 }, "geometry": { "type": "Point", "coordinates": [ -73.21252, 44.4822 ] } },
{ "type": "Feature", "properties": { "year": 2026.0, "month": "May", "route": 0.0, "stop_id": "805647", "stop_name": "Pearl Street at N. Champlain Street", "total_boardings": 42, "pct_total_boardings": 0.00033047966763187714, "pct_route_boardings": 0.00033047966763187714, "latitude": 44.4804, "longitude": -73.21682 }, "geometry": { "type": "Point", "coordinates": [ -73.21682, 44.4804 ] } },
{ "type": "Feature", "properties": { "year": 2026.0, "month": "May", "route": 0.0, "stop_id": "805648", "stop_name": "N Union Street at N Winooski Avenue", "total_boardings": 80, "pct_total_boardings": 0.00062948508120357549, "pct_route_boardings": 0.00062948508120357549, "latitude": 44.4861, "longitude": -73.20968 }, "geometry": { "type": "Point", "coordinates": [ -73.20968, 44.4861 ] } },
{ "type": "Feature", "properties": { "year": 2026.0, "month": "May", "route": 0.0, "stop_id": "805649", "stop_name": "N Winooski Avenue at Archibald Street", "total_boardings": 123, "pct_total_boardings": 0.00096783331235049733, "pct_route_boardings": 0.00096783331235049733, "latitude": 44.48767, "longitude": -73.2081 }, "geometry": { "type": "Point", "coordinates": [ -73.2081, 44.48767 ] } },
{ "type": "Feature", "properties": { "year": 2026.0, "month": "May", "route": 0.0, "stop_id": "805650", "stop_name": "Archibald Street at N Willard Street", "total_boardings": 51, "pct_total_boardings": 0.00040129673926727938, "pct_route_boardings": 0.00040129673926727938, "latitude": 44.488026, "longitude": -73.206167 }, "geometry": { "type": "Point", "coordinates": [ -73.206167, 44.488026 ] } },
{ "type": "Feature", "properties": { "year": 2026.0, "month": "May", "route": 0.0, "stop_id": "805651", "stop_name": "Archibald Street at N Prospect Street", "total_boardings": 16, "pct_total_boardings": 0.0001258970162407151, "pct_route_boardings": 0.0001258970162407151, "latitude": 44.4877, "longitude": -73.20227 }, "geometry": { "type": "Point", "coordinates": [ -73.20227, 44.4877 ] } },
{ "type": "Feature", "properties": { "year": 2026.0, "month": "May", "route": 0.0, "stop_id": "805652", "stop_name": "N Prospect Street at Colonial Square", "total_boardings": 22, "pct_total_boardings": 0.00017310839733098324, "pct_route_boardings": 0.00017310839733098324, "latitude": 44.48697, "longitude": -73.20195 }, "geometry": { "type": "Point", "coordinates": [ -73.20195, 44.48697 ] } },
{ "type": "Feature", "properties": { "year": 2026.0, "month": "May", "route": 0.0, "stop_id": "805653", "stop_name": "N Prospect Street at Pearl Street", "total_boardings": 31, "pct_total_boardings": 0.00024392546896638551, "pct_route_boardings": 0.00024392546896638551, "latitude": 44.48102, "longitude": -73.20082 }, "geometry": { "type": "Point", "coordinates": [ -73.20082, 44.48102 ] } },
{ "type": "Feature", "properties": { "year": 2026.0, "month": "May", "route": 0.0, "stop_id": "805654", "stop_name": "UHC Main Lobby", "total_boardings": 36, "pct_total_boardings": 0.00028326828654160895, "pct_route_boardings": 0.00028326828654160895, "latitude": 44.479379819498597, "longitude": -73.200604582459704 }, "geometry": { "type": "Point", "coordinates": [ -73.200604582459704, 44.479379819498597 ] } },
{ "type": "Feature", "properties": { "year": 2026.0, "month": "May", "route": 0.0, "stop_id": "805655", "stop_name": "UVM Waterman Building", "total_boardings": 53, "pct_total_boardings": 0.00041703386629736878, "pct_route_boardings": 0.00041703386629736878, "latitude": 44.478071432337174, "longitude": -73.200623308889419 }, "geometry": { "type": "Point", "coordinates": [ -73.200623308889419, 44.478071432337174 ] } },
{ "type": "Feature", "properties": { "year": 2026.0, "month": "May", "route": 0.0, "stop_id": "805656", "stop_name": "S Prospect Street at Maple Street", "total_boardings": 41, "pct_total_boardings": 0.00032261110411683244, "pct_route_boardings": 0.00032261110411683244, "latitude": 44.47423, "longitude": -73.200632 }, "geometry": { "type": "Point", "coordinates": [ -73.200632, 44.47423 ] } },
{ "type": "Feature", "properties": { "year": 2026.0, "month": "May", "route": 0.0, "stop_id": "805660", "stop_name": "Maple Street at South Willard Street", "total_boardings": 11, "pct_total_boardings": 8.6554198665491621e-05, "pct_route_boardings": 8.6554198665491621e-05, "latitude": 44.474047415860184, "longitude": -73.205121369985747 }, "geometry": { "type": "Point", "coordinates": [ -73.205121369985747, 44.474047415860184 ] } },
{ "type": "Feature", "properties": { "year": 2026.0, "month": "May", "route": 0.0, "stop_id": "805663", "stop_name": "Maple Street at S. Winooski Avenue", "total_boardings": 3, "pct_total_boardings": 2.360569054513408e-05, "pct_route_boardings": 2.360569054513408e-05, "latitude": 44.47383, "longitude": -73.210641 }, "geometry": { "type": "Point", "coordinates": [ -73.210641, 44.47383 ] } },
{ "type": "Feature", "properties": { "year": 2026.0, "month": "May", "route": 0.0, "stop_id": "805664", "stop_name": "Maple Street at Church Street", "total_boardings": 20, "pct_total_boardings": 0.00015737127030089387, "pct_route_boardings": 0.00015737127030089387, "latitude": 44.473771, "longitude": -73.212224 }, "geometry": { "type": "Point", "coordinates": [ -73.212224, 44.473771 ] } },
{ "type": "Feature", "properties": { "year": 2026.0, "month": "May", "route": 0.0, "stop_id": "805665", "stop_name": "Maple Street at St Paul Street", "total_boardings": 109, "pct_total_boardings": 0.00085767342313987154, "pct_route_boardings": 0.00085767342313987154, "latitude": 44.473688, "longitude": -73.213657 }, "geometry": { "type": "Point", "coordinates": [ -73.213657, 44.473688 ] } },
{ "type": "Feature", "properties": { "year": 2026.0, "month": "May", "route": 0.0, "stop_id": "805666", "stop_name": "Maple Street at Pine Street", "total_boardings": 24, "pct_total_boardings": 0.00018884552436107264, "pct_route_boardings": 0.00018884552436107264, "latitude": 44.473622, "longitude": -73.21523 }, "geometry": { "type": "Point", "coordinates": [ -73.21523, 44.473622 ] } },
{ "type": "Feature", "properties": { "year": 2026.0, "month": "May", "route": 0.0, "stop_id": "805667", "stop_name": "Maple Street at Battery St", "total_boardings": 78, "pct_total_boardings": 0.00061374795417348609, "pct_route_boardings": 0.00061374795417348609, "latitude": 44.473558, "longitude": -73.217914 }, "geometry": { "type": "Point", "coordinates": [ -73.217914, 44.473558 ] } },
{ "type": "Feature", "properties": { "year": 2026.0, "month": "May", "route": 0.0, "stop_id": "805668", "stop_name": "Battery Street at King Street", "total_boardings": 14, "pct_total_boardings": 0.00011015988921062571, "pct_route_boardings": 0.00011015988921062571, "latitude": 44.474485, "longitude": -73.218508 }, "geometry": { "type": "Point", "coordinates": [ -73.218508, 44.474485 ] } },
{ "type": "Feature", "properties": { "year": 2026.0, "month": "May", "route": 0.0, "stop_id": "805669", "stop_name": "North Street at Opposite Murray Street", "total_boardings": 367, "pct_total_boardings": 0.0028877628100214027, "pct_route_boardings": 0.0028877628100214027, "latitude": 44.48468, "longitude": -73.21585 }, "geometry": { "type": "Point", "coordinates": [ -73.21585, 44.48468 ] } },
{ "type": "Feature", "properties": { "year": 2026.0, "month": "May", "route": 0.0, "stop_id": "805670", "stop_name": "North Street at N. Champlain Street", "total_boardings": 312, "pct_total_boardings": 0.0024549918166939444, "pct_route_boardings": 0.0024549918166939444, "latitude": 44.48464, "longitude": -73.21755 }, "geometry": { "type": "Point", "coordinates": [ -73.21755, 44.48464 ] } },
{ "type": "Feature", "properties": { "year": 2026.0, "month": "May", "route": 0.0, "stop_id": "805671", "stop_name": "North Street at Blodgett Street", "total_boardings": 227, "pct_total_boardings": 0.0017861639179151455, "pct_route_boardings": 0.0017861639179151455, "latitude": 44.48448, "longitude": -73.22113 }, "geometry": { "type": "Point", "coordinates": [ -73.22113, 44.48448 ] } },
{ "type": "Feature", "properties": { "year": 2026.0, "month": "May", "route": 0.0, "stop_id": "805672", "stop_name": "North Avenue at Strong Street", "total_boardings": 199, "pct_total_boardings": 0.0015658441394938939, "pct_route_boardings": 0.0015658441394938939, "latitude": 44.48555, "longitude": -73.22318 }, "geometry": { "type": "Point", "coordinates": [ -73.22318, 44.48555 ] } },
{ "type": "Feature", "properties": { "year": 2026.0, "month": "May", "route": 0.0, "stop_id": "805673", "stop_name": "North Avenue at Washington Street", "total_boardings": 197, "pct_total_boardings": 0.0015501070124638045, "pct_route_boardings": 0.0015501070124638045, "latitude": 44.48783, "longitude": -73.22497 }, "geometry": { "type": "Point", "coordinates": [ -73.22497, 44.48783 ] } },
{ "type": "Feature", "properties": { "year": 2026.0, "month": "May", "route": 0.0, "stop_id": "805675", "stop_name": "North Ave at Opposite Cambrian Rise", "total_boardings": 204, "pct_total_boardings": 0.0016051869570691175, "pct_route_boardings": 0.0016051869570691175, "latitude": 44.490374789966715, "longitude": -73.226944982909245 }, "geometry": { "type": "Point", "coordinates": [ -73.226944982909245, 44.490374789966715 ] } },
{ "type": "Feature", "properties": { "year": 2026.0, "month": "May", "route": 0.0, "stop_id": "805676", "stop_name": "North Avenue at Opposite Lakeview Cem.", "total_boardings": 85, "pct_total_boardings": 0.00066882789877879898, "pct_route_boardings": 0.00066882789877879898, "latitude": 44.49305, "longitude": -73.22907 }, "geometry": { "type": "Point", "coordinates": [ -73.22907, 44.49305 ] } },
{ "type": "Feature", "properties": { "year": 2026.0, "month": "May", "route": 0.0, "stop_id": "805677", "stop_name": "Opposite Burlington High School", "total_boardings": 159, "pct_total_boardings": 0.0012511015988921062, "pct_route_boardings": 0.0012511015988921062, "latitude": 44.49637, "longitude": -73.23165 }, "geometry": { "type": "Point", "coordinates": [ -73.23165, 44.49637 ] } },
{ "type": "Feature", "properties": { "year": 2026.0, "month": "May", "route": 0.0, "stop_id": "805678", "stop_name": "North Avenue at Beltline", "total_boardings": 22, "pct_total_boardings": 0.00017310839733098324, "pct_route_boardings": 0.00017310839733098324, "latitude": 44.50003, "longitude": -73.23538 }, "geometry": { "type": "Point", "coordinates": [ -73.23538, 44.50003 ] } },
{ "type": "Feature", "properties": { "year": 2026.0, "month": "May", "route": 0.0, "stop_id": "805679", "stop_name": "North Avenue at Saratoga Avenue", "total_boardings": 12, "pct_total_boardings": 9.4422762180536321e-05, "pct_route_boardings": 9.4422762180536321e-05, "latitude": 44.502521, "longitude": -73.238743 }, "geometry": { "type": "Point", "coordinates": [ -73.238743, 44.502521 ] } },
{ "type": "Feature", "properties": { "year": 2026.0, "month": "May", "route": 0.0, "stop_id": "805680", "stop_name": "North Avenue at Village Green", "total_boardings": 21, "pct_total_boardings": 0.00016523983381593857, "pct_route_boardings": 0.00016523983381593857, "latitude": 44.503302, "longitude": -73.239826 }, "geometry": { "type": "Point", "coordinates": [ -73.239826, 44.503302 ] } },
{ "type": "Feature", "properties": { "year": 2026.0, "month": "May", "route": 0.0, "stop_id": "805681", "stop_name": "North Avenue at Rite Aid", "total_boardings": 124, "pct_total_boardings": 0.00097570187586554203, "pct_route_boardings": 0.00097570187586554203, "latitude": 44.50468, "longitude": -73.24163 }, "geometry": { "type": "Point", "coordinates": [ -73.24163, 44.50468 ] } },
{ "type": "Feature", "properties": { "year": 2026.0, "month": "May", "route": 0.0, "stop_id": "805682", "stop_name": "Opposite Ethan Allen Shopping Center", "total_boardings": 449, "pct_total_boardings": 0.0035329850182550674, "pct_route_boardings": 0.0035329850182550674, "latitude": 44.506693071031577, "longitude": -73.244366678573783 }, "geometry": { "type": "Point", "coordinates": [ -73.244366678573783, 44.506693071031577 ] } },
{ "type": "Feature", "properties": { "year": 2026.0, "month": "May", "route": 0.0, "stop_id": "805683", "stop_name": "North Avenue at Poirier Place", "total_boardings": 159, "pct_total_boardings": 0.0012511015988921062, "pct_route_boardings": 0.0012511015988921062, "latitude": 44.508373, "longitude": -73.2467 }, "geometry": { "type": "Point", "coordinates": [ -73.2467, 44.508373 ] } },
{ "type": "Feature", "properties": { "year": 2026.0, "month": "May", "route": 0.0, "stop_id": "805684", "stop_name": "North Avenue at Heineberg Road", "total_boardings": 175, "pct_total_boardings": 0.0013769986151328214, "pct_route_boardings": 0.0013769986151328214, "latitude": 44.509442, "longitude": -73.248161 }, "geometry": { "type": "Point", "coordinates": [ -73.248161, 44.509442 ] } },
{ "type": "Feature", "properties": { "year": 2026.0, "month": "May", "route": 0.0, "stop_id": "805685", "stop_name": "North Avenue at Gosse Court", "total_boardings": 246, "pct_total_boardings": 0.0019356666247009947, "pct_route_boardings": 0.0019356666247009947, "latitude": 44.51062, "longitude": -73.24977 }, "geometry": { "type": "Point", "coordinates": [ -73.24977, 44.51062 ] } },
{ "type": "Feature", "properties": { "year": 2026.0, "month": "May", "route": 0.0, "stop_id": "805686", "stop_name": "North Avenue at Bessery Market", "total_boardings": 589, "pct_total_boardings": 0.0046345839103613248, "pct_route_boardings": 0.0046345839103613248, "latitude": 44.51227, "longitude": -73.25198 }, "geometry": { "type": "Point", "coordinates": [ -73.25198, 44.51227 ] } },
{ "type": "Feature", "properties": { "year": 2026.0, "month": "May", "route": 0.0, "stop_id": "805687", "stop_name": "North Avenue at Edgemoor Drive", "total_boardings": 292, "pct_total_boardings": 0.0022976205463930504, "pct_route_boardings": 0.0022976205463930504, "latitude": 44.51292, "longitude": -73.25287 }, "geometry": { "type": "Point", "coordinates": [ -73.25287, 44.51292 ] } },
{ "type": "Feature", "properties": { "year": 2026.0, "month": "May", "route": 0.0, "stop_id": "805688", "stop_name": "North Avenue at Cayuga Court", "total_boardings": 227, "pct_total_boardings": 0.0017861639179151455, "pct_route_boardings": 0.0017861639179151455, "latitude": 44.51372, "longitude": -73.25393 }, "geometry": { "type": "Point", "coordinates": [ -73.25393, 44.51372 ] } },
{ "type": "Feature", "properties": { "year": 2026.0, "month": "May", "route": 0.0, "stop_id": "805689", "stop_name": "North Avenue at Birch Court", "total_boardings": 339, "pct_total_boardings": 0.0026674430316001511, "pct_route_boardings": 0.0026674430316001511, "latitude": 44.51433, "longitude": -73.25475 }, "geometry": { "type": "Point", "coordinates": [ -73.25475, 44.51433 ] } },
{ "type": "Feature", "properties": { "year": 2026.0, "month": "May", "route": 0.0, "stop_id": "805690", "stop_name": "North Avenue at Franklin Sq.", "total_boardings": 628, "pct_total_boardings": 0.0049414578874480671, "pct_route_boardings": 0.0049414578874480671, "latitude": 44.515150248912775, "longitude": -73.25586414915972 }, "geometry": { "type": "Point", "coordinates": [ -73.25586414915972, 44.515150248912775 ] } },
{ "type": "Feature", "properties": { "year": 2026.0, "month": "May", "route": 0.0, "stop_id": "805692", "stop_name": "North Avenue at Morgan Street", "total_boardings": 101, "pct_total_boardings": 0.00079472491501951406, "pct_route_boardings": 0.00079472491501951406, "latitude": 44.52015, "longitude": -73.26265 }, "geometry": { "type": "Point", "coordinates": [ -73.26265, 44.52015 ] } },
{ "type": "Feature", "properties": { "year": 2026.0, "month": "May", "route": 0.0, "stop_id": "805693", "stop_name": "North Avenue at Forest Street", "total_boardings": 35, "pct_total_boardings": 0.00027539972302656425, "pct_route_boardings": 0.00027539972302656425, "latitude": 44.52082, "longitude": -73.26357 }, "geometry": { "type": "Point", "coordinates": [ -73.26357, 44.52082 ] } },
{ "type": "Feature", "properties": { "year": 2026.0, "month": "May", "route": 0.0, "stop_id": "805695", "stop_name": "North Avenue at Northgate Road", "total_boardings": 1246, "pct_total_boardings": 0.0098042301397456878, "pct_route_boardings": 0.0098042301397456878, "latitude": 44.520598660747737, "longitude": -73.263431391254628 }, "geometry": { "type": "Point", "coordinates": [ -73.263431391254628, 44.520598660747737 ] } },
{ "type": "Feature", "properties": { "year": 2026.0, "month": "May", "route": 0.0, "stop_id": "805696", "stop_name": "North Avenue at Opposite Algird Street", "total_boardings": 362, "pct_total_boardings": 0.0028484199924461791, "pct_route_boardings": 0.0028484199924461791, "latitude": 44.51935, "longitude": -73.26173 }, "geometry": { "type": "Point", "coordinates": [ -73.26173, 44.51935 ] } },
{ "type": "Feature", "properties": { "year": 2026.0, "month": "May", "route": 0.0, "stop_id": "805697", "stop_name": "North Avenue at Browe Court", "total_boardings": 164, "pct_total_boardings": 0.0012904444164673298, "pct_route_boardings": 0.0012904444164673298, "latitude": 44.51855, "longitude": -73.26067 }, "geometry": { "type": "Point", "coordinates": [ -73.26067, 44.51855 ] } },
{ "type": "Feature", "properties": { "year": 2026.0, "month": "May", "route": 0.0, "stop_id": "805698", "stop_name": "North Avenue at Starr Farm Road", "total_boardings": 547, "pct_total_boardings": 0.0043041042427294472, "pct_route_boardings": 0.0043041042427294472, "latitude": 44.5172, "longitude": -73.25882 }, "geometry": { "type": "Point", "coordinates": [ -73.25882, 44.5172 ] } },
{ "type": "Feature", "properties": { "year": 2026.0, "month": "May", "route": 0.0, "stop_id": "805699", "stop_name": "North Avenue at Loaldo Drive", "total_boardings": 270, "pct_total_boardings": 0.0021245121490620672, "pct_route_boardings": 0.0021245121490620672, "latitude": 44.514866461736659, "longitude": -73.255756268423283 }, "geometry": { "type": "Point", "coordinates": [ -73.255756268423283, 44.514866461736659 ] } },
{ "type": "Feature", "properties": { "year": 2026.0, "month": "May", "route": 0.0, "stop_id": "805700", "stop_name": "North Avenue at Cross Parkway", "total_boardings": 139, "pct_total_boardings": 0.0010937303285912124, "pct_route_boardings": 0.0010937303285912124, "latitude": 44.513275913645238, "longitude": -73.2535893886282 }, "geometry": { "type": "Point", "coordinates": [ -73.2535893886282, 44.513275913645238 ] } },
{ "type": "Feature", "properties": { "year": 2026.0, "month": "May", "route": 0.0, "stop_id": "805701", "stop_name": "North Avenue at Staniford Road", "total_boardings": 224, "pct_total_boardings": 0.0017625582273700113, "pct_route_boardings": 0.0017625582273700113, "latitude": 44.512482637184064, "longitude": -73.252490889472824 }, "geometry": { "type": "Point", "coordinates": [ -73.252490889472824, 44.512482637184064 ] } },
{ "type": "Feature", "properties": { "year": 2026.0, "month": "May", "route": 0.0, "stop_id": "805702", "stop_name": "North Avenue at Woodbury Road", "total_boardings": 251, "pct_total_boardings": 0.001975009442276218, "pct_route_boardings": 0.001975009442276218, "latitude": 44.51177, "longitude": -73.2515 }, "geometry": { "type": "Point", "coordinates": [ -73.2515, 44.51177 ] } },
{ "type": "Feature", "properties": { "year": 2026.0, "month": "May", "route": 0.0, "stop_id": "805703", "stop_name": "North Avenue at Dodds Court", "total_boardings": 277, "pct_total_boardings": 0.00217959209366738, "pct_route_boardings": 0.00217959209366738, "latitude": 44.510541541785194, "longitude": -73.249894477643181 }, "geometry": { "type": "Point", "coordinates": [ -73.249894477643181, 44.510541541785194 ] } },
{ "type": "Feature", "properties": { "year": 2026.0, "month": "May", "route": 0.0, "stop_id": "805704", "stop_name": "North Avenue at Shore Road", "total_boardings": 229, "pct_total_boardings": 0.0018019010449452349, "pct_route_boardings": 0.0018019010449452349, "latitude": 44.509482, "longitude": -73.248476 }, "geometry": { "type": "Point", "coordinates": [ -73.248476, 44.509482 ] } },
{ "type": "Feature", "properties": { "year": 2026.0, "month": "May", "route": 0.0, "stop_id": "805705", "stop_name": "North Avenue at Dept. Motor Vehicles", "total_boardings": 364, "pct_total_boardings": 0.0028641571194762683, "pct_route_boardings": 0.0028641571194762683, "latitude": 44.508268, "longitude": -73.246789 }, "geometry": { "type": "Point", "coordinates": [ -73.246789, 44.508268 ] } },
{ "type": "Feature", "properties": { "year": 2026.0, "month": "May", "route": 0.0, "stop_id": "805706", "stop_name": "Ethan Allen Shopping Center", "total_boardings": 891, "pct_total_boardings": 0.007010890091904822, "pct_route_boardings": 0.007010890091904822, "latitude": 44.506523, "longitude": -73.244415 }, "geometry": { "type": "Point", "coordinates": [ -73.244415, 44.506523 ] } },
{ "type": "Feature", "properties": { "year": 2026.0, "month": "May", "route": 0.0, "stop_id": "805707", "stop_name": "North Avenue at Lakewood Parkway", "total_boardings": 347, "pct_total_boardings": 0.0027303915397205087, "pct_route_boardings": 0.0027303915397205087, "latitude": 44.504869, "longitude": -73.242206 }, "geometry": { "type": "Point", "coordinates": [ -73.242206, 44.504869 ] } },
{ "type": "Feature", "properties": { "year": 2026.0, "month": "May", "route": 0.0, "stop_id": "805708", "stop_name": "North Avenue at Killarney Drive", "total_boardings": 142, "pct_total_boardings": 0.0011173360191363464, "pct_route_boardings": 0.0011173360191363464, "latitude": 44.503349, "longitude": -73.240156 }, "geometry": { "type": "Point", "coordinates": [ -73.240156, 44.503349 ] } },
{ "type": "Feature", "properties": { "year": 2026.0, "month": "May", "route": 0.0, "stop_id": "805709", "stop_name": "North Avenue at Oppostie Saratoga Ave. (Elk's Lodge)", "total_boardings": 104, "pct_total_boardings": 0.00081833060556464816, "pct_route_boardings": 0.00081833060556464816, "latitude": 44.50261, "longitude": -73.239132 }, "geometry": { "type": "Point", "coordinates": [ -73.239132, 44.50261 ] } },
{ "type": "Feature", "properties": { "year": 2026.0, "month": "May", "route": 0.0, "stop_id": "805710", "stop_name": "North Avenue at Route 127", "total_boardings": 33, "pct_total_boardings": 0.00025966259599647491, "pct_route_boardings": 0.00025966259599647491, "latitude": 44.501077, "longitude": -73.237206 }, "geometry": { "type": "Point", "coordinates": [ -73.237206, 44.501077 ] } },
{ "type": "Feature", "properties": { "year": 2026.0, "month": "May", "route": 0.0, "stop_id": "805711", "stop_name": "Burlington High School", "total_boardings": 231, "pct_total_boardings": 0.0018176381719753243, "pct_route_boardings": 0.0018176381719753243, "latitude": 44.49689546757881, "longitude": -73.232354974159364 }, "geometry": { "type": "Point", "coordinates": [ -73.232354974159364, 44.49689546757881 ] } },
{ "type": "Feature", "properties": { "year": 2026.0, "month": "May", "route": 0.0, "stop_id": "805713", "stop_name": "North Ave at Cambrian Rise", "total_boardings": 454, "pct_total_boardings": 0.003572327835830291, "pct_route_boardings": 0.003572327835830291, "latitude": 44.489779761483717, "longitude": -73.226694591317667 }, "geometry": { "type": "Point", "coordinates": [ -73.226694591317667, 44.489779761483717 ] } },
{ "type": "Feature", "properties": { "year": 2026.0, "month": "May", "route": 0.0, "stop_id": "805715", "stop_name": "North Avenue at Berry Street", "total_boardings": 126, "pct_total_boardings": 0.00099143900289563143, "pct_route_boardings": 0.00099143900289563143, "latitude": 44.487623, "longitude": -73.224958 }, "geometry": { "type": "Point", "coordinates": [ -73.224958, 44.487623 ] } },
{ "type": "Feature", "properties": { "year": 2026.0, "month": "May", "route": 0.0, "stop_id": "805716", "stop_name": "North Avenue at Opposite Ward Street", "total_boardings": 45, "pct_total_boardings": 0.00035408535817701119, "pct_route_boardings": 0.00035408535817701119, "latitude": 44.486342, "longitude": -73.223938 }, "geometry": { "type": "Point", "coordinates": [ -73.223938, 44.486342 ] } },
{ "type": "Feature", "properties": { "year": 2026.0, "month": "May", "route": 0.0, "stop_id": "805717", "stop_name": "North Avenue at Canfield Street", "total_boardings": 85, "pct_total_boardings": 0.00066882789877879898, "pct_route_boardings": 0.00066882789877879898, "latitude": 44.48527, "longitude": -73.2231 }, "geometry": { "type": "Point", "coordinates": [ -73.2231, 44.48527 ] } },
{ "type": "Feature", "properties": { "year": 2026.0, "month": "May", "route": 0.0, "stop_id": "805718", "stop_name": "North Street at Front Street", "total_boardings": 149, "pct_total_boardings": 0.0011724159637416594, "pct_route_boardings": 0.0011724159637416594, "latitude": 44.484442, "longitude": -73.220842 }, "geometry": { "type": "Point", "coordinates": [ -73.220842, 44.484442 ] } },
{ "type": "Feature", "properties": { "year": 2026.0, "month": "May", "route": 0.0, "stop_id": "805719", "stop_name": "North Street at N. Champlain Street", "total_boardings": 95, "pct_total_boardings": 0.00074751353392924587, "pct_route_boardings": 0.00074751353392924587, "latitude": 44.484544914360399, "longitude": -73.218103611263416 }, "geometry": { "type": "Point", "coordinates": [ -73.218103611263416, 44.484544914360399 ] } },
{ "type": "Feature", "properties": { "year": 2026.0, "month": "May", "route": 0.0, "stop_id": "805720", "stop_name": "North Street at Murray Street", "total_boardings": 259, "pct_total_boardings": 0.0020379579503965756, "pct_route_boardings": 0.0020379579503965756, "latitude": 44.48462, "longitude": -73.216134 }, "geometry": { "type": "Point", "coordinates": [ -73.216134, 44.48462 ] } },
{ "type": "Feature", "properties": { "year": 2026.0, "month": "May", "route": 0.0, "stop_id": "805721", "stop_name": "North Street at Elmwood Avenue", "total_boardings": 103, "pct_total_boardings": 0.00081046204204960346, "pct_route_boardings": 0.00081046204204960346, "latitude": 44.484724, "longitude": -73.213421 }, "geometry": { "type": "Point", "coordinates": [ -73.213421, 44.484724 ] } },
{ "type": "Feature", "properties": { "year": 2026.0, "month": "May", "route": 0.0, "stop_id": "805722", "stop_name": "No. Winooski Avenue at Grant Street", "total_boardings": 17, "pct_total_boardings": 0.00013376557975575977, "pct_route_boardings": 0.00013376557975575977, "latitude": 44.48238, "longitude": -73.21138 }, "geometry": { "type": "Point", "coordinates": [ -73.21138, 44.48238 ] } },
{ "type": "Feature", "properties": { "year": 2026.0, "month": "May", "route": 0.0, "stop_id": "805724", "stop_name": "Opposite 230 St Paul Street", "total_boardings": 166, "pct_total_boardings": 0.0013061815434974192, "pct_route_boardings": 0.0013061815434974192, "latitude": 44.472575866378598, "longitude": -73.213879426506651 }, "geometry": { "type": "Point", "coordinates": [ -73.213879426506651, 44.472575866378598 ] } },
{ "type": "Feature", "properties": { "year": 2026.0, "month": "May", "route": 0.0, "stop_id": "805725", "stop_name": "Kilburn Street at Pine Street", "total_boardings": 1, "pct_total_boardings": 7.8685635150446939e-06, "pct_route_boardings": 7.8685635150446939e-06, "latitude": 44.471083, "longitude": -73.215057 }, "geometry": { "type": "Point", "coordinates": [ -73.215057, 44.471083 ] } },
{ "type": "Feature", "properties": { "year": 2026.0, "month": "May", "route": 0.0, "stop_id": "805726", "stop_name": "Pine Street Opposite Pine Place (Old Greyhound)", "total_boardings": 55, "pct_total_boardings": 0.00043277099332745812, "pct_route_boardings": 0.00043277099332745812, "latitude": 44.469792, "longitude": -73.215209 }, "geometry": { "type": "Point", "coordinates": [ -73.215209, 44.469792 ] } },
{ "type": "Feature", "properties": { "year": 2026.0, "month": "May", "route": 0.0, "stop_id": "805727", "stop_name": "Pine Street at Opposite Howard Street", "total_boardings": 49, "pct_total_boardings": 0.00038555961223718998, "pct_route_boardings": 0.00038555961223718998, "latitude": 44.46707, "longitude": -73.215043 }, "geometry": { "type": "Point", "coordinates": [ -73.215043, 44.46707 ] } },
{ "type": "Feature", "properties": { "year": 2026.0, "month": "May", "route": 0.0, "stop_id": "805728", "stop_name": "Pine Street at Burlington Electric Dept.", "total_boardings": 105, "pct_total_boardings": 0.00082619916907969286, "pct_route_boardings": 0.00082619916907969286, "latitude": 44.463529, "longitude": -73.214778 }, "geometry": { "type": "Point", "coordinates": [ -73.214778, 44.463529 ] } },
{ "type": "Feature", "properties": { "year": 2026.0, "month": "May", "route": 0.0, "stop_id": "805729", "stop_name": "Pine Street at Opposite Birchcliff Parkway", "total_boardings": 34, "pct_total_boardings": 0.00026753115951151955, "pct_route_boardings": 0.00026753115951151955, "latitude": 44.459138, "longitude": -73.214493 }, "geometry": { "type": "Point", "coordinates": [ -73.214493, 44.459138 ] } },
{ "type": "Feature", "properties": { "year": 2026.0, "month": "May", "route": 0.0, "stop_id": "805730", "stop_name": "Pine Street at Long Trail Phys. Therapy", "total_boardings": 45, "pct_total_boardings": 0.00035408535817701119, "pct_route_boardings": 0.00035408535817701119, "latitude": 44.457489, "longitude": -73.214395 }, "geometry": { "type": "Point", "coordinates": [ -73.214395, 44.457489 ] } },
{ "type": "Feature", "properties": { "year": 2026.0, "month": "May", "route": 0.0, "stop_id": "805731", "stop_name": "Howard Center", "total_boardings": 78, "pct_total_boardings": 0.00061374795417348609, "pct_route_boardings": 0.00061374795417348609, "latitude": 44.455878051784822, "longitude": -73.214332365078349 }, "geometry": { "type": "Point", "coordinates": [ -73.214332365078349, 44.455878051784822 ] } },
{ "type": "Feature", "properties": { "year": 2026.0, "month": "May", "route": 0.0, "stop_id": "805732", "stop_name": "Pine Street at Lyman Avenue", "total_boardings": 96, "pct_total_boardings": 0.00075538209744429056, "pct_route_boardings": 0.00075538209744429056, "latitude": 44.453353, "longitude": -73.214448 }, "geometry": { "type": "Point", "coordinates": [ -73.214448, 44.453353 ] } },
{ "type": "Feature", "properties": { "year": 2026.0, "month": "May", "route": 0.0, "stop_id": "805733", "stop_name": "Pine Street at Home Avenue", "total_boardings": 155, "pct_total_boardings": 0.0012196273448319276, "pct_route_boardings": 0.0012196273448319276, "latitude": 44.451123, "longitude": -73.214484 }, "geometry": { "type": "Point", "coordinates": [ -73.214484, 44.451123 ] } },
{ "type": "Feature", "properties": { "year": 2026.0, "month": "May", "route": 0.0, "stop_id": "805734", "stop_name": "Green Mountain Transit Office", "total_boardings": 13, "pct_total_boardings": 0.00010229132569558102, "pct_route_boardings": 0.00010229132569558102, "latitude": 44.450385, "longitude": -73.219485 }, "geometry": { "type": "Point", "coordinates": [ -73.219485, 44.450385 ] } },
{ "type": "Feature", "properties": { "year": 2026.0, "month": "May", "route": 0.0, "stop_id": "805735", "stop_name": "Queen City Park Road at Central Avenue", "total_boardings": 1, "pct_total_boardings": 7.8685635150446939e-06, "pct_route_boardings": 7.8685635150446939e-06, "latitude": 44.446374584413178, "longitude": -73.219588287761781 }, "geometry": { "type": "Point", "coordinates": [ -73.219588287761781, 44.446374584413178 ] } },
{ "type": "Feature", "properties": { "year": 2026.0, "month": "May", "route": 0.0, "stop_id": "805736", "stop_name": "Queen City Park Road at Opposite Pine Street", "total_boardings": 3, "pct_total_boardings": 2.360569054513408e-05, "pct_route_boardings": 2.360569054513408e-05, "latitude": 44.446265, "longitude": -73.215134 }, "geometry": { "type": "Point", "coordinates": [ -73.215134, 44.446265 ] } },
{ "type": "Feature", "properties": { "year": 2026.0, "month": "May", "route": 0.0, "stop_id": "805738", "stop_name": "Opposite Howard Center", "total_boardings": 152, "pct_total_boardings": 0.0011960216542867934, "pct_route_boardings": 0.0011960216542867934, "latitude": 44.456046, "longitude": -73.214158 }, "geometry": { "type": "Point", "coordinates": [ -73.214158, 44.456046 ] } },
{ "type": "Feature", "properties": { "year": 2026.0, "month": "May", "route": 0.0, "stop_id": "805739", "stop_name": "Champlain School (Pine Street)", "total_boardings": 961, "pct_total_boardings": 0.0075616895379579507, "pct_route_boardings": 0.0075616895379579507, "latitude": 44.456953744271289, "longitude": -73.214221960164764 }, "geometry": { "type": "Point", "coordinates": [ -73.214221960164764, 44.456953744271289 ] } },
{ "type": "Feature", "properties": { "year": 2026.0, "month": "May", "route": 0.0, "stop_id": "805740", "stop_name": "Pine Street at Birchcliff Parkway", "total_boardings": 133, "pct_total_boardings": 0.0010465189475009442, "pct_route_boardings": 0.0010465189475009442, "latitude": 44.459553, "longitude": -73.214401 }, "geometry": { "type": "Point", "coordinates": [ -73.214401, 44.459553 ] } },
{ "type": "Feature", "properties": { "year": 2026.0, "month": "May", "route": 0.0, "stop_id": "805742", "stop_name": "Lakeside Community", "total_boardings": 102, "pct_total_boardings": 0.00080259347853455876, "pct_route_boardings": 0.00080259347853455876, "latitude": 44.46027, "longitude": -73.22083 }, "geometry": { "type": "Point", "coordinates": [ -73.22083, 44.46027 ] } },
{ "type": "Feature", "properties": { "year": 2026.0, "month": "May", "route": 0.0, "stop_id": "805745", "stop_name": "Pine Street at Locust Street", "total_boardings": 515, "pct_total_boardings": 0.0040523102102480169, "pct_route_boardings": 0.0040523102102480169, "latitude": 44.462799, "longitude": -73.214615 }, "geometry": { "type": "Point", "coordinates": [ -73.214615, 44.462799 ] } },
{ "type": "Feature", "properties": { "year": 2026.0, "month": "May", "route": 0.0, "stop_id": "805746", "stop_name": "Pine Street at Howard Street", "total_boardings": 105, "pct_total_boardings": 0.00082619916907969286, "pct_route_boardings": 0.00082619916907969286, "latitude": 44.467066, "longitude": -73.214898 }, "geometry": { "type": "Point", "coordinates": [ -73.214898, 44.467066 ] } },
{ "type": "Feature", "properties": { "year": 2026.0, "month": "May", "route": 0.0, "stop_id": "805747", "stop_name": "230 St Paul Street", "total_boardings": 306, "pct_total_boardings": 0.0024077804356036764, "pct_route_boardings": 0.0024077804356036764, "latitude": 44.472639, "longitude": -73.213734 }, "geometry": { "type": "Point", "coordinates": [ -73.213734, 44.472639 ] } },
{ "type": "Feature", "properties": { "year": 2026.0, "month": "May", "route": 0.0, "stop_id": "805752", "stop_name": "Pearl Street at Hungerford Terrace", "total_boardings": 461, "pct_total_boardings": 0.0036274077804356038, "pct_route_boardings": 0.0036274077804356038, "latitude": 44.480581, "longitude": -73.207105 }, "geometry": { "type": "Point", "coordinates": [ -73.207105, 44.480581 ] } },
{ "type": "Feature", "properties": { "year": 2026.0, "month": "May", "route": 0.0, "stop_id": "805753", "stop_name": "Pearl Street at S. Willard Street", "total_boardings": 272, "pct_total_boardings": 0.0021402492760921564, "pct_route_boardings": 0.0021402492760921564, "latitude": 44.480612, "longitude": -73.205833 }, "geometry": { "type": "Point", "coordinates": [ -73.205833, 44.480612 ] } },
{ "type": "Feature", "properties": { "year": 2026.0, "month": "May", "route": 0.0, "stop_id": "805754", "stop_name": "Pearl Street at S Prospect Street (UHC)", "total_boardings": 400, "pct_total_boardings": 0.0031474254060178774, "pct_route_boardings": 0.0031474254060178774, "latitude": 44.480731, "longitude": -73.201381 }, "geometry": { "type": "Point", "coordinates": [ -73.201381, 44.480731 ] } },
{ "type": "Feature", "properties": { "year": 2026.0, "month": "May", "route": 0.0, "stop_id": "805755", "stop_name": "Colchester Avenue at Mansfield House", "total_boardings": 211, "pct_total_boardings": 0.0016602669016744303, "pct_route_boardings": 0.0016602669016744303, "latitude": 44.480579, "longitude": -73.198914 }, "geometry": { "type": "Point", "coordinates": [ -73.198914, 44.480579 ] } },
{ "type": "Feature", "properties": { "year": 2026.0, "month": "May", "route": 0.0, "stop_id": "805756", "stop_name": "Colchester Avenue at Fleming Museum", "total_boardings": 146, "pct_total_boardings": 0.0011488102731965252, "pct_route_boardings": 0.0011488102731965252, "latitude": 44.480591262595297, "longitude": -73.196866524096293 }, "geometry": { "type": "Point", "coordinates": [ -73.196866524096293, 44.480591262595297 ] } },
{ "type": "Feature", "properties": { "year": 2026.0, "month": "May", "route": 0.0, "stop_id": "805757", "stop_name": "UVM Medical Center", "total_boardings": 3661, "pct_total_boardings": 0.028806811028578624, "pct_route_boardings": 0.028806811028578624, "latitude": 44.478656664110503, "longitude": -73.193969644180299 }, "geometry": { "type": "Point", "coordinates": [ -73.193969644180299, 44.478656664110503 ] } },
{ "type": "Feature", "properties": { "year": 2026.0, "month": "May", "route": 0.0, "stop_id": "805758", "stop_name": "Colchester Avenue at Latham Court", "total_boardings": 46, "pct_total_boardings": 0.00036195392169205588, "pct_route_boardings": 0.00036195392169205588, "latitude": 44.482512, "longitude": -73.191938 }, "geometry": { "type": "Point", "coordinates": [ -73.191938, 44.482512 ] } },
{ "type": "Feature", "properties": { "year": 2026.0, "month": "May", "route": 0.0, "stop_id": "805759", "stop_name": "Colchester Avenue at Thibault Parkway", "total_boardings": 39, "pct_total_boardings": 0.00030687397708674305, "pct_route_boardings": 0.00030687397708674305, "latitude": 44.483129, "longitude": -73.190514 }, "geometry": { "type": "Point", "coordinates": [ -73.190514, 44.483129 ] } },
{ "type": "Feature", "properties": { "year": 2026.0, "month": "May", "route": 0.0, "stop_id": "805760", "stop_name": "Colchester Avenue at 339", "total_boardings": 8, "pct_total_boardings": 6.2948508120357552e-05, "pct_route_boardings": 6.2948508120357552e-05, "latitude": 44.484018, "longitude": -73.188415 }, "geometry": { "type": "Point", "coordinates": [ -73.188415, 44.484018 ] } },
{ "type": "Feature", "properties": { "year": 2026.0, "month": "May", "route": 0.0, "stop_id": "805761", "stop_name": "Colchester Avenue at Chase Street", "total_boardings": 336, "pct_total_boardings": 0.0026438373410550171, "pct_route_boardings": 0.0026438373410550171, "latitude": 44.486436, "longitude": -73.186976 }, "geometry": { "type": "Point", "coordinates": [ -73.186976, 44.486436 ] } },
{ "type": "Feature", "properties": { "year": 2026.0, "month": "May", "route": 0.0, "stop_id": "805762", "stop_name": "Colchester Avenue at Barrett Street", "total_boardings": 52, "pct_total_boardings": 0.00040916530278232408, "pct_route_boardings": 0.00040916530278232408, "latitude": 44.487802, "longitude": -73.186696 }, "geometry": { "type": "Point", "coordinates": [ -73.186696, 44.487802 ] } },
{ "type": "Feature", "properties": { "year": 2026.0, "month": "May", "route": 0.0, "stop_id": "805763", "stop_name": "Winooski Falls/Champlain Mill", "total_boardings": 710, "pct_total_boardings": 0.0055866800956817326, "pct_route_boardings": 0.0055866800956817326, "latitude": 44.49022, "longitude": -73.18437 }, "geometry": { "type": "Point", "coordinates": [ -73.18437, 44.49022 ] } },
{ "type": "Feature", "properties": { "year": 2026.0, "month": "May", "route": 0.0, "stop_id": "805765", "stop_name": "College Parkway at Opposite Florida Avenue", "total_boardings": 22, "pct_total_boardings": 0.00017310839733098324, "pct_route_boardings": 0.00017310839733098324, "latitude": 44.493226, "longitude": -73.170992 }, "geometry": { "type": "Point", "coordinates": [ -73.170992, 44.493226 ] } },
{ "type": "Feature", "properties": { "year": 2026.0, "month": "May", "route": 0.0, "stop_id": "805766", "stop_name": "Saint Michael's College", "total_boardings": 25, "pct_total_boardings": 0.00019671408787611734, "pct_route_boardings": 0.00019671408787611734, "latitude": 44.492973017248161, "longitude": -73.167726976286872 }, "geometry": { "type": "Point", "coordinates": [ -73.167726976286872, 44.492973017248161 ] } },
{ "type": "Feature", "properties": { "year": 2026.0, "month": "May", "route": 0.0, "stop_id": "805767", "stop_name": "College Parkway at Lime Kiln Road", "total_boardings": 20, "pct_total_boardings": 0.00015737127030089387, "pct_route_boardings": 0.00015737127030089387, "latitude": 44.492695, "longitude": -73.163626 }, "geometry": { "type": "Point", "coordinates": [ -73.163626, 44.492695 ] } },
{ "type": "Feature", "properties": { "year": 2026.0, "month": "May", "route": 0.0, "stop_id": "805768", "stop_name": "College Parkway at Fanny Allen Hospital", "total_boardings": 166, "pct_total_boardings": 0.0013061815434974192, "pct_route_boardings": 0.0013061815434974192, "latitude": 44.497364, "longitude": -73.158333 }, "geometry": { "type": "Point", "coordinates": [ -73.158333, 44.497364 ] } },
{ "type": "Feature", "properties": { "year": 2026.0, "month": "May", "route": 0.0, "stop_id": "805769", "stop_name": "Ethan Allen Avenue at University Lane", "total_boardings": 57, "pct_total_boardings": 0.00044850812035754752, "pct_route_boardings": 0.00044850812035754752, "latitude": 44.502994, "longitude": -73.151287 }, "geometry": { "type": "Point", "coordinates": [ -73.151287, 44.502994 ] } },
{ "type": "Feature", "properties": { "year": 2026.0, "month": "May", "route": 0.0, "stop_id": "805770", "stop_name": "Ethan Allen Avenue at Catamount Lane", "total_boardings": 26, "pct_total_boardings": 0.00020458265139116204, "pct_route_boardings": 0.00020458265139116204, "latitude": 44.503845, "longitude": -73.150689 }, "geometry": { "type": "Point", "coordinates": [ -73.150689, 44.503845 ] } },
{ "type": "Feature", "properties": { "year": 2026.0, "month": "May", "route": 0.0, "stop_id": "805771", "stop_name": "Ethan Allen Avenue at VT Public TV", "total_boardings": 71, "pct_total_boardings": 0.0005586680095681732, "pct_route_boardings": 0.0005586680095681732, "latitude": 44.50475, "longitude": -73.149892 }, "geometry": { "type": "Point", "coordinates": [ -73.149892, 44.50475 ] } },
{ "type": "Feature", "properties": { "year": 2026.0, "month": "May", "route": 0.0, "stop_id": "805775", "stop_name": "Ethan Allen Avenue at Opposite Green Mt. Nursing", "total_boardings": 59, "pct_total_boardings": 0.00046424524738763692, "pct_route_boardings": 0.00046424524738763692, "latitude": 44.506784, "longitude": -73.145364 }, "geometry": { "type": "Point", "coordinates": [ -73.145364, 44.506784 ] } },
{ "type": "Feature", "properties": { "year": 2026.0, "month": "May", "route": 0.0, "stop_id": "805776", "stop_name": "Ethan Allen Avenue at Essex Avenue (Bld. #310)", "total_boardings": 48, "pct_total_boardings": 0.00037769104872214528, "pct_route_boardings": 0.00037769104872214528, "latitude": 44.50543, "longitude": -73.143241 }, "geometry": { "type": "Point", "coordinates": [ -73.143241, 44.50543 ] } },
{ "type": "Feature", "properties": { "year": 2026.0, "month": "May", "route": 0.0, "stop_id": "805777", "stop_name": "Pearl Street at West Street Extension", "total_boardings": 55, "pct_total_boardings": 0.00043277099332745812, "pct_route_boardings": 0.00043277099332745812, "latitude": 44.499522824791669, "longitude": -73.130628243221167 }, "geometry": { "type": "Point", "coordinates": [ -73.130628243221167, 44.499522824791669 ] } },
{ "type": "Feature", "properties": { "year": 2026.0, "month": "May", "route": 0.0, "stop_id": "805778", "stop_name": "Pearl Street at Opposite Complex 159", "total_boardings": 14, "pct_total_boardings": 0.00011015988921062571, "pct_route_boardings": 0.00011015988921062571, "latitude": 44.497858, "longitude": -73.127775 }, "geometry": { "type": "Point", "coordinates": [ -73.127775, 44.497858 ] } },
{ "type": "Feature", "properties": { "year": 2026.0, "month": "May", "route": 0.0, "stop_id": "805779", "stop_name": "Pearl Street at Opposite Willey's Court", "total_boardings": 4, "pct_total_boardings": 3.1474254060178776e-05, "pct_route_boardings": 3.1474254060178776e-05, "latitude": 44.4968059911076, "longitude": -73.125413855270693 }, "geometry": { "type": "Point", "coordinates": [ -73.125413855270693, 44.4968059911076 ] } },
{ "type": "Feature", "properties": { "year": 2026.0, "month": "May", "route": 0.0, "stop_id": "805780", "stop_name": "Pearl Street at KFC", "total_boardings": 3, "pct_total_boardings": 2.360569054513408e-05, "pct_route_boardings": 2.360569054513408e-05, "latitude": 44.496383, "longitude": -73.124482 }, "geometry": { "type": "Point", "coordinates": [ -73.124482, 44.496383 ] } },
{ "type": "Feature", "properties": { "year": 2026.0, "month": "May", "route": 0.0, "stop_id": "805781", "stop_name": "Pearl Street at Capital Lincoln", "total_boardings": 36, "pct_total_boardings": 0.00028326828654160895, "pct_route_boardings": 0.00028326828654160895, "latitude": 44.495081, "longitude": -73.121634 }, "geometry": { "type": "Point", "coordinates": [ -73.121634, 44.495081 ] } },
{ "type": "Feature", "properties": { "year": 2026.0, "month": "May", "route": 0.0, "stop_id": "805782", "stop_name": "Pearl Street at Roscoe Court (Shopping Center)", "total_boardings": 81, "pct_total_boardings": 0.00063735364471862019, "pct_route_boardings": 0.00063735364471862019, "latitude": 44.494046, "longitude": -73.119419 }, "geometry": { "type": "Point", "coordinates": [ -73.119419, 44.494046 ] } },
{ "type": "Feature", "properties": { "year": 2026.0, "month": "May", "route": 0.0, "stop_id": "805783", "stop_name": "Pearl Street at Merchants Bank", "total_boardings": 10, "pct_total_boardings": 7.8685635150446936e-05, "pct_route_boardings": 7.8685635150446936e-05, "latitude": 44.492685, "longitude": -73.11657 }, "geometry": { "type": "Point", "coordinates": [ -73.11657, 44.492685 ] } },
{ "type": "Feature", "properties": { "year": 2026.0, "month": "May", "route": 0.0, "stop_id": "805792", "stop_name": "Amtrak", "total_boardings": 1922, "pct_total_boardings": 0.015123379075915901, "pct_route_boardings": 0.015123379075915901, "latitude": 44.4924, "longitude": -73.11022 }, "geometry": { "type": "Point", "coordinates": [ -73.11022, 44.4924 ] } },
{ "type": "Feature", "properties": { "year": 2026.0, "month": "May", "route": 0.0, "stop_id": "805793", "stop_name": "Lincoln Street at Brownell Library", "total_boardings": 400, "pct_total_boardings": 0.0031474254060178774, "pct_route_boardings": 0.0031474254060178774, "latitude": 44.49122, "longitude": -73.11107 }, "geometry": { "type": "Point", "coordinates": [ -73.11107, 44.49122 ] } },
{ "type": "Feature", "properties": { "year": 2026.0, "month": "May", "route": 0.0, "stop_id": "805794", "stop_name": "Pearl Street at Summit Street", "total_boardings": 51, "pct_total_boardings": 0.00040129673926727938, "pct_route_boardings": 0.00040129673926727938, "latitude": 44.492274, "longitude": -73.1155 }, "geometry": { "type": "Point", "coordinates": [ -73.1155, 44.492274 ] } },
{ "type": "Feature", "properties": { "year": 2026.0, "month": "May", "route": 0.0, "stop_id": "805795", "stop_name": "Pearl Street at Hillcrest Road (Jiffy Lube)", "total_boardings": 153, "pct_total_boardings": 0.0012038902178018382, "pct_route_boardings": 0.0012038902178018382, "latitude": 44.493225, "longitude": -73.117389 }, "geometry": { "type": "Point", "coordinates": [ -73.117389, 44.493225 ] } },
{ "type": "Feature", "properties": { "year": 2026.0, "month": "May", "route": 0.0, "stop_id": "805796", "stop_name": "Pearl Street at Essex Junction Shopping Center.", "total_boardings": 565, "pct_total_boardings": 0.004445738386000252, "pct_route_boardings": 0.004445738386000252, "latitude": 44.494521, "longitude": -73.120046 }, "geometry": { "type": "Point", "coordinates": [ -73.120046, 44.494521 ] } },
{ "type": "Feature", "properties": { "year": 2026.0, "month": "May", "route": 0.0, "stop_id": "805797", "stop_name": "Pearl Street at Gate A Fairgrounds", "total_boardings": 452, "pct_total_boardings": 0.0035565907088002014, "pct_route_boardings": 0.0035565907088002014, "latitude": 44.4956, "longitude": -73.122406 }, "geometry": { "type": "Point", "coordinates": [ -73.122406, 44.4956 ] } },
{ "type": "Feature", "properties": { "year": 2026.0, "month": "May", "route": 0.0, "stop_id": "805798", "stop_name": "Pearl Street at Willey's Court", "total_boardings": 144, "pct_total_boardings": 0.0011330731461664358, "pct_route_boardings": 0.0011330731461664358, "latitude": 44.49691, "longitude": -73.125335 }, "geometry": { "type": "Point", "coordinates": [ -73.125335, 44.49691 ] } },
{ "type": "Feature", "properties": { "year": 2026.0, "month": "May", "route": 0.0, "stop_id": "805799", "stop_name": "Pearl Street at Complex 159", "total_boardings": 66, "pct_total_boardings": 0.00051932519199294981, "pct_route_boardings": 0.00051932519199294981, "latitude": 44.497953, "longitude": -73.127588 }, "geometry": { "type": "Point", "coordinates": [ -73.127588, 44.497953 ] } },
{ "type": "Feature", "properties": { "year": 2026.0, "month": "May", "route": 0.0, "stop_id": "805800", "stop_name": "Pearl Street at West Street (U-Turn)", "total_boardings": 91, "pct_total_boardings": 0.00071603927986906707, "pct_route_boardings": 0.00071603927986906707, "latitude": 44.499922, "longitude": -73.130796 }, "geometry": { "type": "Point", "coordinates": [ -73.130796, 44.499922 ] } },
{ "type": "Feature", "properties": { "year": 2026.0, "month": "May", "route": 0.0, "stop_id": "805801", "stop_name": "Pearl Street at 197 Pearl Inc.", "total_boardings": 64, "pct_total_boardings": 0.00050358806496286041, "pct_route_boardings": 0.00050358806496286041, "latitude": 44.50076, "longitude": -73.132168 }, "geometry": { "type": "Point", "coordinates": [ -73.132168, 44.50076 ] } },
{ "type": "Feature", "properties": { "year": 2026.0, "month": "May", "route": 0.0, "stop_id": "805802", "stop_name": "Pearl Street at Contois Music", "total_boardings": 56, "pct_total_boardings": 0.00044063955684250282, "pct_route_boardings": 0.00044063955684250282, "latitude": 44.501798, "longitude": -73.133839 }, "geometry": { "type": "Point", "coordinates": [ -73.133839, 44.501798 ] } },
{ "type": "Feature", "properties": { "year": 2026.0, "month": "May", "route": 0.0, "stop_id": "805803", "stop_name": "Pearl Street at 241 Pearl Apartments", "total_boardings": 72, "pct_total_boardings": 0.0005665365730832179, "pct_route_boardings": 0.0005665365730832179, "latitude": 44.502877, "longitude": -73.135618 }, "geometry": { "type": "Point", "coordinates": [ -73.135618, 44.502877 ] } },
{ "type": "Feature", "properties": { "year": 2026.0, "month": "May", "route": 0.0, "stop_id": "805804", "stop_name": "Pearl Street at Susie Wilson Road", "total_boardings": 391, "pct_total_boardings": 0.003076608334382475, "pct_route_boardings": 0.003076608334382475, "latitude": 44.504157, "longitude": -73.139286 }, "geometry": { "type": "Point", "coordinates": [ -73.139286, 44.504157 ] } },
{ "type": "Feature", "properties": { "year": 2026.0, "month": "May", "route": 0.0, "stop_id": "805805", "stop_name": "Ethan Allen Avenue at Laurette Drive", "total_boardings": 206, "pct_total_boardings": 0.0016209240840992069, "pct_route_boardings": 0.0016209240840992069, "latitude": 44.504828, "longitude": -73.142164 }, "geometry": { "type": "Point", "coordinates": [ -73.142164, 44.504828 ] } },
{ "type": "Feature", "properties": { "year": 2026.0, "month": "May", "route": 0.0, "stop_id": "805806", "stop_name": "Ethan Allen Avenue at Green Mtn. Nursing", "total_boardings": 124, "pct_total_boardings": 0.00097570187586554203, "pct_route_boardings": 0.00097570187586554203, "latitude": 44.506969, "longitude": -73.145567 }, "geometry": { "type": "Point", "coordinates": [ -73.145567, 44.506969 ] } },
{ "type": "Feature", "properties": { "year": 2026.0, "month": "May", "route": 0.0, "stop_id": "805808", "stop_name": "Ethan Allen Avenue at Sloane Hall", "total_boardings": 137, "pct_total_boardings": 0.001077993201561123, "pct_route_boardings": 0.001077993201561123, "latitude": 44.504656870888162, "longitude": -73.150176640958136 }, "geometry": { "type": "Point", "coordinates": [ -73.150176640958136, 44.504656870888162 ] } },
{ "type": "Feature", "properties": { "year": 2026.0, "month": "May", "route": 0.0, "stop_id": "805809", "stop_name": "Ethan Allen Avenue at Catamount Lane", "total_boardings": 233, "pct_total_boardings": 0.0018333752990054137, "pct_route_boardings": 0.0018333752990054137, "latitude": 44.503856, "longitude": -73.150807 }, "geometry": { "type": "Point", "coordinates": [ -73.150807, 44.503856 ] } },
{ "type": "Feature", "properties": { "year": 2026.0, "month": "May", "route": 0.0, "stop_id": "805810", "stop_name": "Ethan Allen Avenue at Barnes Avenue", "total_boardings": 400, "pct_total_boardings": 0.0031474254060178774, "pct_route_boardings": 0.0031474254060178774, "latitude": 44.502712, "longitude": -73.15154 }, "geometry": { "type": "Point", "coordinates": [ -73.15154, 44.502712 ] } },
{ "type": "Feature", "properties": { "year": 2026.0, "month": "May", "route": 0.0, "stop_id": "805811", "stop_name": "College Parkway at Cumberland Farms", "total_boardings": 201, "pct_total_boardings": 0.0015815812665239833, "pct_route_boardings": 0.0015815812665239833, "latitude": 44.497571, "longitude": -73.158398 }, "geometry": { "type": "Point", "coordinates": [ -73.158398, 44.497571 ] } },
{ "type": "Feature", "properties": { "year": 2026.0, "month": "May", "route": 0.0, "stop_id": "805812", "stop_name": "College Parkway at Johnson Avenue", "total_boardings": 143, "pct_total_boardings": 0.0011252045826513912, "pct_route_boardings": 0.0011252045826513912, "latitude": 44.496917, "longitude": -73.15976 }, "geometry": { "type": "Point", "coordinates": [ -73.15976, 44.496917 ] } },
{ "type": "Feature", "properties": { "year": 2026.0, "month": "May", "route": 0.0, "stop_id": "805813", "stop_name": "College Parkway at Campus Rd. (Saint Mikes East Entrance)", "total_boardings": 80, "pct_total_boardings": 0.00062948508120357549, "pct_route_boardings": 0.00062948508120357549, "latitude": 44.494898125355199, "longitude": -73.161820025549602 }, "geometry": { "type": "Point", "coordinates": [ -73.161820025549602, 44.494898125355199 ] } },
{ "type": "Feature", "properties": { "year": 2026.0, "month": "May", "route": 0.0, "stop_id": "805814", "stop_name": "Saint Michael's College", "total_boardings": 70, "pct_total_boardings": 0.0005507994460531285, "pct_route_boardings": 0.0005507994460531285, "latitude": 44.493464544027219, "longitude": -73.162882690763865 }, "geometry": { "type": "Point", "coordinates": [ -73.162882690763865, 44.493464544027219 ] } },
{ "type": "Feature", "properties": { "year": 2026.0, "month": "May", "route": 0.0, "stop_id": "805815", "stop_name": "College Parkway at Campus Rd. (Saint Mikes West Entrance)", "total_boardings": 310, "pct_total_boardings": 0.0024392546896638552, "pct_route_boardings": 0.0024392546896638552, "latitude": 44.493114, "longitude": -73.166998 }, "geometry": { "type": "Point", "coordinates": [ -73.166998, 44.493114 ] } },
{ "type": "Feature", "properties": { "year": 2026.0, "month": "May", "route": 0.0, "stop_id": "805816", "stop_name": "College Parkway at Florida Avenue", "total_boardings": 134, "pct_total_boardings": 0.001054387511015989, "pct_route_boardings": 0.001054387511015989, "latitude": 44.493376, "longitude": -73.171038 }, "geometry": { "type": "Point", "coordinates": [ -73.171038, 44.493376 ] } },
{ "type": "Feature", "properties": { "year": 2026.0, "month": "May", "route": 0.0, "stop_id": "805817", "stop_name": "E Allen Street at Dion Street", "total_boardings": 296, "pct_total_boardings": 0.0023290948004532292, "pct_route_boardings": 0.0023290948004532292, "latitude": 44.493224275131503, "longitude": -73.175639204609297 }, "geometry": { "type": "Point", "coordinates": [ -73.175639204609297, 44.493224275131503 ] } },
{ "type": "Feature", "properties": { "year": 2026.0, "month": "May", "route": 0.0, "stop_id": "805819", "stop_name": "Spinner Place/ Champlain Mill", "total_boardings": 3161, "pct_total_boardings": 0.024872529271056276, "pct_route_boardings": 0.024872529271056276, "latitude": 44.490307565759402, "longitude": -73.184893183145903 }, "geometry": { "type": "Point", "coordinates": [ -73.184893183145903, 44.490307565759402 ] } },
{ "type": "Feature", "properties": { "year": 2026.0, "month": "May", "route": 0.0, "stop_id": "805820", "stop_name": "Colchester Avenue at Barrett Street", "total_boardings": 337, "pct_total_boardings": 0.0026517059045700615, "pct_route_boardings": 0.0026517059045700615, "latitude": 44.48766, "longitude": -73.186825 }, "geometry": { "type": "Point", "coordinates": [ -73.186825, 44.48766 ] } },
{ "type": "Feature", "properties": { "year": 2026.0, "month": "May", "route": 0.0, "stop_id": "805821", "stop_name": "Colchester Avenue at Opposite Chase Street", "total_boardings": 341, "pct_total_boardings": 0.0026831801586302403, "pct_route_boardings": 0.0026831801586302403, "latitude": 44.486574, "longitude": -73.187045 }, "geometry": { "type": "Point", "coordinates": [ -73.187045, 44.486574 ] } },
{ "type": "Feature", "properties": { "year": 2026.0, "month": "May", "route": 0.0, "stop_id": "805822", "stop_name": "Colchester Avenue at Nash Place", "total_boardings": 118, "pct_total_boardings": 0.00092849049477527383, "pct_route_boardings": 0.00092849049477527383, "latitude": 44.483724, "longitude": -73.189341 }, "geometry": { "type": "Point", "coordinates": [ -73.189341, 44.483724 ] } },
{ "type": "Feature", "properties": { "year": 2026.0, "month": "May", "route": 0.0, "stop_id": "805823", "stop_name": "Colchester Avenue at UVM Trinty Campus", "total_boardings": 147, "pct_total_boardings": 0.00115667883671157, "pct_route_boardings": 0.00115667883671157, "latitude": 44.482849, "longitude": -73.191372 }, "geometry": { "type": "Point", "coordinates": [ -73.191372, 44.482849 ] } },
{ "type": "Feature", "properties": { "year": 2026.0, "month": "May", "route": 0.0, "stop_id": "805824", "stop_name": "Colchester Avenue at Mansfield Avenue", "total_boardings": 131, "pct_total_boardings": 0.0010307818204708548, "pct_route_boardings": 0.0010307818204708548, "latitude": 44.480697, "longitude": -73.198467 }, "geometry": { "type": "Point", "coordinates": [ -73.198467, 44.480697 ] } },
{ "type": "Feature", "properties": { "year": 2026.0, "month": "May", "route": 0.0, "stop_id": "805825", "stop_name": "Pearl Street at N. Prospect Street", "total_boardings": 138, "pct_total_boardings": 0.0010858617650761676, "pct_route_boardings": 0.0010858617650761676, "latitude": 44.480722, "longitude": -73.200124 }, "geometry": { "type": "Point", "coordinates": [ -73.200124, 44.480722 ] } },
{ "type": "Feature", "properties": { "year": 2026.0, "month": "May", "route": 0.0, "stop_id": "805826", "stop_name": "Pearl Street at N. Williams Street", "total_boardings": 45, "pct_total_boardings": 0.00035408535817701119, "pct_route_boardings": 0.00035408535817701119, "latitude": 44.480754, "longitude": -73.203485 }, "geometry": { "type": "Point", "coordinates": [ -73.203485, 44.480754 ] } },
{ "type": "Feature", "properties": { "year": 2026.0, "month": "May", "route": 0.0, "stop_id": "805827", "stop_name": "Pearl Street at N. Willard Street", "total_boardings": 27, "pct_total_boardings": 0.00021245121490620671, "pct_route_boardings": 0.00021245121490620671, "latitude": 44.480709, "longitude": -73.205423 }, "geometry": { "type": "Point", "coordinates": [ -73.205423, 44.480709 ] } },
{ "type": "Feature", "properties": { "year": 2026.0, "month": "May", "route": 0.0, "stop_id": "805828", "stop_name": "Pearl Street at Greene Street", "total_boardings": 16, "pct_total_boardings": 0.0001258970162407151, "pct_route_boardings": 0.0001258970162407151, "latitude": 44.480637, "longitude": -73.207642 }, "geometry": { "type": "Point", "coordinates": [ -73.207642, 44.480637 ] } },
{ "type": "Feature", "properties": { "year": 2026.0, "month": "May", "route": 0.0, "stop_id": "805829", "stop_name": "Pearl Street at N Union Street", "total_boardings": 18, "pct_total_boardings": 0.00014163414327080447, "pct_route_boardings": 0.00014163414327080447, "latitude": 44.480617, "longitude": -73.209172 }, "geometry": { "type": "Point", "coordinates": [ -73.209172, 44.480617 ] } },
{ "type": "Feature", "properties": { "year": 2026.0, "month": "May", "route": 0.0, "stop_id": "805830", "stop_name": "Main Street at Densmore Drive", "total_boardings": 4, "pct_total_boardings": 3.1474254060178776e-05, "pct_route_boardings": 3.1474254060178776e-05, "latitude": 44.49475, "longitude": -73.10395 }, "geometry": { "type": "Point", "coordinates": [ -73.10395, 44.49475 ] } },
{ "type": "Feature", "properties": { "year": 2026.0, "month": "May", "route": 0.0, "stop_id": "805831", "stop_name": "Main Street at #141", "total_boardings": 3, "pct_total_boardings": 2.360569054513408e-05, "pct_route_boardings": 2.360569054513408e-05, "latitude": 44.49757, "longitude": -73.09973 }, "geometry": { "type": "Point", "coordinates": [ -73.09973, 44.49757 ] } },
{ "type": "Feature", "properties": { "year": 2026.0, "month": "May", "route": 0.0, "stop_id": "805832", "stop_name": "Main Street at Fairview Drive", "total_boardings": 1, "pct_total_boardings": 7.8685635150446939e-06, "pct_route_boardings": 7.8685635150446939e-06, "latitude": 44.49922, "longitude": -73.09823 }, "geometry": { "type": "Point", "coordinates": [ -73.09823, 44.49922 ] } },
{ "type": "Feature", "properties": { "year": 2026.0, "month": "May", "route": 0.0, "stop_id": "805835", "stop_name": "Essex Way at Post Office", "total_boardings": 33, "pct_total_boardings": 0.00025966259599647491, "pct_route_boardings": 0.00025966259599647491, "latitude": 44.507432, "longitude": -73.078932 }, "geometry": { "type": "Point", "coordinates": [ -73.078932, 44.507432 ] } },
{ "type": "Feature", "properties": { "year": 2026.0, "month": "May", "route": 0.0, "stop_id": "805836", "stop_name": "Center Road at Essex Way", "total_boardings": 27, "pct_total_boardings": 0.00021245121490620671, "pct_route_boardings": 0.00021245121490620671, "latitude": 44.510195, "longitude": -73.078172 }, "geometry": { "type": "Point", "coordinates": [ -73.078172, 44.510195 ] } },
{ "type": "Feature", "properties": { "year": 2026.0, "month": "May", "route": 0.0, "stop_id": "805837", "stop_name": "Route 15 at Saybrook Road", "total_boardings": 6, "pct_total_boardings": 4.721138109026816e-05, "pct_route_boardings": 4.721138109026816e-05, "latitude": 44.510361, "longitude": -73.074694 }, "geometry": { "type": "Point", "coordinates": [ -73.074694, 44.510361 ] } },
{ "type": "Feature", "properties": { "year": 2026.0, "month": "May", "route": 0.0, "stop_id": "805838", "stop_name": "Route 15 at Sunset Drive", "total_boardings": 7, "pct_total_boardings": 5.5079944605312853e-05, "pct_route_boardings": 5.5079944605312853e-05, "latitude": 44.51062, "longitude": -73.06947 }, "geometry": { "type": "Point", "coordinates": [ -73.06947, 44.51062 ] } },
{ "type": "Feature", "properties": { "year": 2026.0, "month": "May", "route": 0.0, "stop_id": "805839", "stop_name": "Route 15 at Opposite Essex Square", "total_boardings": 12, "pct_total_boardings": 9.4422762180536321e-05, "pct_route_boardings": 9.4422762180536321e-05, "latitude": 44.51078, "longitude": -73.06588 }, "geometry": { "type": "Point", "coordinates": [ -73.06588, 44.51078 ] } },
{ "type": "Feature", "properties": { "year": 2026.0, "month": "May", "route": 0.0, "stop_id": "805840", "stop_name": "Essex Center", "total_boardings": 4, "pct_total_boardings": 3.1474254060178776e-05, "pct_route_boardings": 3.1474254060178776e-05, "latitude": 44.51147, "longitude": -73.06085 }, "geometry": { "type": "Point", "coordinates": [ -73.06085, 44.51147 ] } },
{ "type": "Feature", "properties": { "year": 2026.0, "month": "May", "route": 0.0, "stop_id": "805841", "stop_name": "Route 15 at Essex Town Public Works", "total_boardings": 4, "pct_total_boardings": 3.1474254060178776e-05, "pct_route_boardings": 3.1474254060178776e-05, "latitude": 44.51088, "longitude": -73.05813 }, "geometry": { "type": "Point", "coordinates": [ -73.05813, 44.51088 ] } },
{ "type": "Feature", "properties": { "year": 2026.0, "month": "May", "route": 0.0, "stop_id": "805842", "stop_name": "Sand Hill Road at Opposite Champlain Farms", "total_boardings": 7, "pct_total_boardings": 5.5079944605312853e-05, "pct_route_boardings": 5.5079944605312853e-05, "latitude": 44.50812, "longitude": -73.05488 }, "geometry": { "type": "Point", "coordinates": [ -73.05488, 44.50812 ] } },
{ "type": "Feature", "properties": { "year": 2026.0, "month": "May", "route": 0.0, "stop_id": "805843", "stop_name": "Sand Hill Road at Essex Town Park", "total_boardings": 6, "pct_total_boardings": 4.721138109026816e-05, "pct_route_boardings": 4.721138109026816e-05, "latitude": 44.50738, "longitude": -73.05433 }, "geometry": { "type": "Point", "coordinates": [ -73.05433, 44.50738 ] } },
{ "type": "Feature", "properties": { "year": 2026.0, "month": "May", "route": 0.0, "stop_id": "805844", "stop_name": "Sand Hill Road at Cemetery Road", "total_boardings": 9, "pct_total_boardings": 7.0817071635402237e-05, "pct_route_boardings": 7.0817071635402237e-05, "latitude": 44.506594, "longitude": -73.05374 }, "geometry": { "type": "Point", "coordinates": [ -73.05374, 44.506594 ] } },
{ "type": "Feature", "properties": { "year": 2026.0, "month": "May", "route": 0.0, "stop_id": "805845", "stop_name": "Sand Hill Road at Foster Road", "total_boardings": 34, "pct_total_boardings": 0.00026753115951151955, "pct_route_boardings": 0.00026753115951151955, "latitude": 44.504439, "longitude": -73.052051 }, "geometry": { "type": "Point", "coordinates": [ -73.052051, 44.504439 ] } },
{ "type": "Feature", "properties": { "year": 2026.0, "month": "May", "route": 0.0, "stop_id": "805846", "stop_name": "Sand Hill Road at Founders Road", "total_boardings": 21, "pct_total_boardings": 0.00016523983381593857, "pct_route_boardings": 0.00016523983381593857, "latitude": 44.5021, "longitude": -73.05018 }, "geometry": { "type": "Point", "coordinates": [ -73.05018, 44.5021 ] } },
{ "type": "Feature", "properties": { "year": 2026.0, "month": "May", "route": 0.0, "stop_id": "805847", "stop_name": "Sand Hill Road at Opposite Maple Lawn Drive", "total_boardings": 8, "pct_total_boardings": 6.2948508120357552e-05, "pct_route_boardings": 6.2948508120357552e-05, "latitude": 44.50037, "longitude": -73.04912 }, "geometry": { "type": "Point", "coordinates": [ -73.04912, 44.50037 ] } },
{ "type": "Feature", "properties": { "year": 2026.0, "month": "May", "route": 0.0, "stop_id": "805848", "stop_name": "Sand Hill Road at Lasalle Road", "total_boardings": 2, "pct_total_boardings": 1.5737127030089388e-05, "pct_route_boardings": 1.5737127030089388e-05, "latitude": 44.49745, "longitude": -73.04948 }, "geometry": { "type": "Point", "coordinates": [ -73.04948, 44.49745 ] } },
{ "type": "Feature", "properties": { "year": 2026.0, "month": "May", "route": 0.0, "stop_id": "805849", "stop_name": "Sand Hill Road at Allen Martin Drive", "total_boardings": 1, "pct_total_boardings": 7.8685635150446939e-06, "pct_route_boardings": 7.8685635150446939e-06, "latitude": 44.494563772833857, "longitude": -73.049604009444522 }, "geometry": { "type": "Point", "coordinates": [ -73.049604009444522, 44.494563772833857 ] } },
{ "type": "Feature", "properties": { "year": 2026.0, "month": "May", "route": 0.0, "stop_id": "805850", "stop_name": "Sand Hill Road at Allen Martin Parkway", "total_boardings": 1, "pct_total_boardings": 7.8685635150446939e-06, "pct_route_boardings": 7.8685635150446939e-06, "latitude": 44.49185, "longitude": -73.0501 }, "geometry": { "type": "Point", "coordinates": [ -73.0501, 44.49185 ] } },
{ "type": "Feature", "properties": { "year": 2026.0, "month": "May", "route": 0.0, "stop_id": "805852", "stop_name": "Sand Hill Road at Oak Park", "total_boardings": 3, "pct_total_boardings": 2.360569054513408e-05, "pct_route_boardings": 2.360569054513408e-05, "latitude": 44.489246030595808, "longitude": -73.050329150999119 }, "geometry": { "type": "Point", "coordinates": [ -73.050329150999119, 44.489246030595808 ] } },
{ "type": "Feature", "properties": { "year": 2026.0, "month": "May", "route": 0.0, "stop_id": "805854", "stop_name": "River Road at #213", "total_boardings": 3, "pct_total_boardings": 2.360569054513408e-05, "pct_route_boardings": 2.360569054513408e-05, "latitude": 44.47903, "longitude": -73.05348 }, "geometry": { "type": "Point", "coordinates": [ -73.05348, 44.47903 ] } },
{ "type": "Feature", "properties": { "year": 2026.0, "month": "May", "route": 0.0, "stop_id": "805855", "stop_name": "River Road at #195", "total_boardings": 13, "pct_total_boardings": 0.00010229132569558102, "pct_route_boardings": 0.00010229132569558102, "latitude": 44.47912, "longitude": -73.05692 }, "geometry": { "type": "Point", "coordinates": [ -73.05692, 44.47912 ] } },
{ "type": "Feature", "properties": { "year": 2026.0, "month": "May", "route": 0.0, "stop_id": "805856", "stop_name": "River Road at Greenfield Road", "total_boardings": 16, "pct_total_boardings": 0.0001258970162407151, "pct_route_boardings": 0.0001258970162407151, "latitude": 44.47912, "longitude": -73.0587 }, "geometry": { "type": "Point", "coordinates": [ -73.0587, 44.47912 ] } },
{ "type": "Feature", "properties": { "year": 2026.0, "month": "May", "route": 0.0, "stop_id": "805857", "stop_name": "River Road at #157", "total_boardings": 3, "pct_total_boardings": 2.360569054513408e-05, "pct_route_boardings": 2.360569054513408e-05, "latitude": 44.47962, "longitude": -73.0638 }, "geometry": { "type": "Point", "coordinates": [ -73.0638, 44.47962 ] } },
{ "type": "Feature", "properties": { "year": 2026.0, "month": "May", "route": 0.0, "stop_id": "805858", "stop_name": "River Road at Pinewood Drive", "total_boardings": 1, "pct_total_boardings": 7.8685635150446939e-06, "pct_route_boardings": 7.8685635150446939e-06, "latitude": 44.48332, "longitude": -73.07422 }, "geometry": { "type": "Point", "coordinates": [ -73.07422, 44.48332 ] } },
{ "type": "Feature", "properties": { "year": 2026.0, "month": "May", "route": 0.0, "stop_id": "805859", "stop_name": "River Road at 83 River Road Apartments", "total_boardings": 2, "pct_total_boardings": 1.5737127030089388e-05, "pct_route_boardings": 1.5737127030089388e-05, "latitude": 44.483352919719451, "longitude": -73.076046147428997 }, "geometry": { "type": "Point", "coordinates": [ -73.076046147428997, 44.483352919719451 ] } },
{ "type": "Feature", "properties": { "year": 2026.0, "month": "May", "route": 0.0, "stop_id": "805860", "stop_name": "River Road at Valleyview Drive", "total_boardings": 3, "pct_total_boardings": 2.360569054513408e-05, "pct_route_boardings": 2.360569054513408e-05, "latitude": 44.483526, "longitude": -73.079358 }, "geometry": { "type": "Point", "coordinates": [ -73.079358, 44.483526 ] } },
{ "type": "Feature", "properties": { "year": 2026.0, "month": "May", "route": 0.0, "stop_id": "805861", "stop_name": "Maple Street at Rivendell Drive", "total_boardings": 1, "pct_total_boardings": 7.8685635150446939e-06, "pct_route_boardings": 7.8685635150446939e-06, "latitude": 44.484747, "longitude": -73.096712 }, "geometry": { "type": "Point", "coordinates": [ -73.096712, 44.484747 ] } },
{ "type": "Feature", "properties": { "year": 2026.0, "month": "May", "route": 0.0, "stop_id": "805862", "stop_name": "Maple Street at Lawton School", "total_boardings": 1, "pct_total_boardings": 7.8685635150446939e-06, "pct_route_boardings": 7.8685635150446939e-06, "latitude": 44.48602, "longitude": -73.0998 }, "geometry": { "type": "Point", "coordinates": [ -73.0998, 44.48602 ] } },
{ "type": "Feature", "properties": { "year": 2026.0, "month": "May", "route": 0.0, "stop_id": "805867", "stop_name": "Main Street at Summit Street", "total_boardings": 307, "pct_total_boardings": 0.0024156489991187208, "pct_route_boardings": 0.0024156489991187208, "latitude": 44.476202649592501, "longitude": -73.202512518651602 }, "geometry": { "type": "Point", "coordinates": [ -73.202512518651602, 44.476202649592501 ] } },
{ "type": "Feature", "properties": { "year": 2026.0, "month": "May", "route": 0.0, "stop_id": "805869", "stop_name": "Dorset Street at Town Square Drive", "total_boardings": 102, "pct_total_boardings": 0.00080259347853455876, "pct_route_boardings": 0.00080259347853455876, "latitude": 44.456766673169497, "longitude": -73.179657021310007 }, "geometry": { "type": "Point", "coordinates": [ -73.179657021310007, 44.456766673169497 ] } },
{ "type": "Feature", "properties": { "year": 2026.0, "month": "May", "route": 0.0, "stop_id": "805870", "stop_name": "Main Street at Opposite Edmunds School", "total_boardings": 29, "pct_total_boardings": 0.00022818834193629611, "pct_route_boardings": 0.00022818834193629611, "latitude": 44.476195, "longitude": -73.207487 }, "geometry": { "type": "Point", "coordinates": [ -73.207487, 44.476195 ] } },
{ "type": "Feature", "properties": { "year": 2026.0, "month": "May", "route": 0.0, "stop_id": "805871", "stop_name": "Shelburne Road at Flynn Avenue", "total_boardings": 54, "pct_total_boardings": 0.00042490242981241342, "pct_route_boardings": 0.00042490242981241342, "latitude": 44.455267466135794, "longitude": -73.208617658786977 }, "geometry": { "type": "Point", "coordinates": [ -73.208617658786977, 44.455267466135794 ] } },
{ "type": "Feature", "properties": { "year": 2026.0, "month": "May", "route": 0.0, "stop_id": "805872", "stop_name": "Shelburne Road at Hannaford Drive (Olive Garden)", "total_boardings": 73, "pct_total_boardings": 0.0005744051365982626, "pct_route_boardings": 0.0005744051365982626, "latitude": 44.440723, "longitude": -73.210134 }, "geometry": { "type": "Point", "coordinates": [ -73.210134, 44.440723 ] } },
{ "type": "Feature", "properties": { "year": 2026.0, "month": "May", "route": 0.0, "stop_id": "805873", "stop_name": "Shelburne Road at Opposite Baldwin Avenue", "total_boardings": 76, "pct_total_boardings": 0.00059801082714339669, "pct_route_boardings": 0.00059801082714339669, "latitude": 44.438538, "longitude": -73.210366 }, "geometry": { "type": "Point", "coordinates": [ -73.210366, 44.438538 ] } },
{ "type": "Feature", "properties": { "year": 2026.0, "month": "May", "route": 0.0, "stop_id": "805874", "stop_name": "Riverside Avenue at Hillside Terrace", "total_boardings": 30, "pct_total_boardings": 0.00023605690545134081, "pct_route_boardings": 0.00023605690545134081, "latitude": 44.48778622, "longitude": -73.19634542 }, "geometry": { "type": "Point", "coordinates": [ -73.19634542, 44.48778622 ] } },
{ "type": "Feature", "properties": { "year": 2026.0, "month": "May", "route": 0.0, "stop_id": "805875", "stop_name": "Main Street at Opposite Summit Street", "total_boardings": 50, "pct_total_boardings": 0.00039342817575223468, "pct_route_boardings": 0.00039342817575223468, "latitude": 44.476355359631881, "longitude": -73.202486901528829 }, "geometry": { "type": "Point", "coordinates": [ -73.202486901528829, 44.476355359631881 ] } },
{ "type": "Feature", "properties": { "year": 2026.0, "month": "May", "route": 0.0, "stop_id": "805876", "stop_name": "S Union Street at Opposite Bayview Street", "total_boardings": 95, "pct_total_boardings": 0.00074751353392924587, "pct_route_boardings": 0.00074751353392924587, "latitude": 44.4685615194674, "longitude": -73.208303755418299 }, "geometry": { "type": "Point", "coordinates": [ -73.208303755418299, 44.4685615194674 ] } },
{ "type": "Feature", "properties": { "year": 2026.0, "month": "May", "route": 0.0, "stop_id": "805877", "stop_name": "North Street at North Union Street", "total_boardings": 30, "pct_total_boardings": 0.00023605690545134081, "pct_route_boardings": 0.00023605690545134081, "latitude": 44.484805, "longitude": -73.209904 }, "geometry": { "type": "Point", "coordinates": [ -73.209904, 44.484805 ] } },
{ "type": "Feature", "properties": { "year": 2026.0, "month": "May", "route": 0.0, "stop_id": "805878", "stop_name": "Battery Street at Main Street", "total_boardings": 1, "pct_total_boardings": 7.8685635150446939e-06, "pct_route_boardings": 7.8685635150446939e-06, "latitude": 44.47538, "longitude": -73.21857 }, "geometry": { "type": "Point", "coordinates": [ -73.21857, 44.47538 ] } },
{ "type": "Feature", "properties": { "year": 2026.0, "month": "May", "route": 0.0, "stop_id": "805879", "stop_name": "North Avenue at Algird Street", "total_boardings": 91, "pct_total_boardings": 0.00071603927986906707, "pct_route_boardings": 0.00071603927986906707, "latitude": 44.51945, "longitude": -73.26172 }, "geometry": { "type": "Point", "coordinates": [ -73.26172, 44.51945 ] } },
{ "type": "Feature", "properties": { "year": 2026.0, "month": "May", "route": 0.0, "stop_id": "805880", "stop_name": "North Avenue at Green Acres Drive", "total_boardings": 115, "pct_total_boardings": 0.00090488480423013974, "pct_route_boardings": 0.00090488480423013974, "latitude": 44.513835541321122, "longitude": -73.254339107193573 }, "geometry": { "type": "Point", "coordinates": [ -73.254339107193573, 44.513835541321122 ] } },
{ "type": "Feature", "properties": { "year": 2026.0, "month": "May", "route": 0.0, "stop_id": "805881", "stop_name": "North Street at N. Winooski Avenue", "total_boardings": 92, "pct_total_boardings": 0.00072390784338411177, "pct_route_boardings": 0.00072390784338411177, "latitude": 44.484763, "longitude": -73.21159 }, "geometry": { "type": "Point", "coordinates": [ -73.21159, 44.484763 ] } },
{ "type": "Feature", "properties": { "year": 2026.0, "month": "May", "route": 0.0, "stop_id": "805886", "stop_name": "Pearl Street at Hillcrest Road", "total_boardings": 42, "pct_total_boardings": 0.00033047966763187714, "pct_route_boardings": 0.00033047966763187714, "latitude": 44.49273, "longitude": -73.116386 }, "geometry": { "type": "Point", "coordinates": [ -73.116386, 44.49273 ] } },
{ "type": "Feature", "properties": { "year": 2026.0, "month": "May", "route": 0.0, "stop_id": "805887", "stop_name": "Sand Hill Road at Greenbriar Road", "total_boardings": 1, "pct_total_boardings": 7.8685635150446939e-06, "pct_route_boardings": 7.8685635150446939e-06, "latitude": 44.485313462223864, "longitude": -73.049922543893217 }, "geometry": { "type": "Point", "coordinates": [ -73.049922543893217, 44.485313462223864 ] } },
{ "type": "Feature", "properties": { "year": 2026.0, "month": "May", "route": 0.0, "stop_id": "805889", "stop_name": "Falls Road at LaPlatte Circle", "total_boardings": 105, "pct_total_boardings": 0.00082619916907969286, "pct_route_boardings": 0.00082619916907969286, "latitude": 44.3722, "longitude": -73.22502 }, "geometry": { "type": "Point", "coordinates": [ -73.22502, 44.3722 ] } },
{ "type": "Feature", "properties": { "year": 2026.0, "month": "May", "route": 0.0, "stop_id": "805895", "stop_name": "Marshall Avenue at Harvest Lane", "total_boardings": 4, "pct_total_boardings": 3.1474254060178776e-05, "pct_route_boardings": 3.1474254060178776e-05, "latitude": 44.445714, "longitude": -73.117377 }, "geometry": { "type": "Point", "coordinates": [ -73.117377, 44.445714 ] } },
{ "type": "Feature", "properties": { "year": 2026.0, "month": "May", "route": 0.0, "stop_id": "805896", "stop_name": "Williston Road at N. Brownell Road", "total_boardings": 215, "pct_total_boardings": 0.0016917411557346091, "pct_route_boardings": 0.0016917411557346091, "latitude": 44.45493, "longitude": -73.12297 }, "geometry": { "type": "Point", "coordinates": [ -73.12297, 44.45493 ] } },
{ "type": "Feature", "properties": { "year": 2026.0, "month": "May", "route": 0.0, "stop_id": "805904", "stop_name": "Williston Road at S. Brownell Road", "total_boardings": 19, "pct_total_boardings": 0.00014950270678584917, "pct_route_boardings": 0.00014950270678584917, "latitude": 44.455, "longitude": -73.12343 }, "geometry": { "type": "Point", "coordinates": [ -73.12343, 44.455 ] } },
{ "type": "Feature", "properties": { "year": 2026.0, "month": "May", "route": 0.0, "stop_id": "805906", "stop_name": "S. Winooski Avenue at King Street", "total_boardings": 877, "pct_total_boardings": 0.0069007302026941964, "pct_route_boardings": 0.0069007302026941964, "latitude": 44.475317956005064, "longitude": -73.21098945119671 }, "geometry": { "type": "Point", "coordinates": [ -73.21098945119671, 44.475317956005064 ] } },
{ "type": "Feature", "properties": { "year": 2026.0, "month": "May", "route": 0.0, "stop_id": "805907", "stop_name": "Shelburne Road at Harbor Road", "total_boardings": 10, "pct_total_boardings": 7.8685635150446936e-05, "pct_route_boardings": 7.8685635150446936e-05, "latitude": 44.380805, "longitude": -73.227544 }, "geometry": { "type": "Point", "coordinates": [ -73.227544, 44.380805 ] } },
{ "type": "Feature", "properties": { "year": 2026.0, "month": "May", "route": 0.0, "stop_id": "805908", "stop_name": "Maple Street at Union Street", "total_boardings": 424, "pct_total_boardings": 0.0033362709303789502, "pct_route_boardings": 0.0033362709303789502, "latitude": 44.47377, "longitude": -73.20912 }, "geometry": { "type": "Point", "coordinates": [ -73.20912, 44.47377 ] } },
{ "type": "Feature", "properties": { "year": 2026.0, "month": "May", "route": 0.0, "stop_id": "805911", "stop_name": "Shelburne Road at Alfred Street", "total_boardings": 187, "pct_total_boardings": 0.0014714213773133577, "pct_route_boardings": 0.0014714213773133577, "latitude": 44.459642, "longitude": -73.20808 }, "geometry": { "type": "Point", "coordinates": [ -73.20808, 44.459642 ] } },
{ "type": "Feature", "properties": { "year": 2026.0, "month": "May", "route": 0.0, "stop_id": "805912", "stop_name": "Vermont Teddy Bear Factory", "total_boardings": 1, "pct_total_boardings": 7.8685635150446939e-06, "pct_route_boardings": 7.8685635150446939e-06, "latitude": 44.36152, "longitude": -73.23055 }, "geometry": { "type": "Point", "coordinates": [ -73.23055, 44.36152 ] } },
{ "type": "Feature", "properties": { "year": 2026.0, "month": "May", "route": 0.0, "stop_id": "805913", "stop_name": "Educational Drive at Main Street", "total_boardings": 46, "pct_total_boardings": 0.00036195392169205588, "pct_route_boardings": 0.00036195392169205588, "latitude": 44.494117, "longitude": -73.106157 }, "geometry": { "type": "Point", "coordinates": [ -73.106157, 44.494117 ] } },
{ "type": "Feature", "properties": { "year": 2026.0, "month": "May", "route": 0.0, "stop_id": "805914", "stop_name": "Essex Experience at McDonalds", "total_boardings": 35, "pct_total_boardings": 0.00027539972302656425, "pct_route_boardings": 0.00027539972302656425, "latitude": 44.507626739029298, "longitude": -73.086064655136695 }, "geometry": { "type": "Point", "coordinates": [ -73.086064655136695, 44.507626739029298 ] } },
{ "type": "Feature", "properties": { "year": 2026.0, "month": "May", "route": 0.0, "stop_id": "805915", "stop_name": "Sand Hill Road at Tanglewood Road", "total_boardings": 41, "pct_total_boardings": 0.00032261110411683244, "pct_route_boardings": 0.00032261110411683244, "latitude": 44.5057, "longitude": -73.053 }, "geometry": { "type": "Point", "coordinates": [ -73.053, 44.5057 ] } },
{ "type": "Feature", "properties": { "year": 2026.0, "month": "May", "route": 0.0, "stop_id": "805916", "stop_name": "River Road at Pinewood Plaza", "total_boardings": 4, "pct_total_boardings": 3.1474254060178776e-05, "pct_route_boardings": 3.1474254060178776e-05, "latitude": 44.483401306291363, "longitude": -73.081518382145873 }, "geometry": { "type": "Point", "coordinates": [ -73.081518382145873, 44.483401306291363 ] } },
{ "type": "Feature", "properties": { "year": 2026.0, "month": "May", "route": 0.0, "stop_id": "805917", "stop_name": "Maple Street at Maplewood Lane", "total_boardings": 1, "pct_total_boardings": 7.8685635150446939e-06, "pct_route_boardings": 7.8685635150446939e-06, "latitude": 44.4867, "longitude": -73.10147 }, "geometry": { "type": "Point", "coordinates": [ -73.10147, 44.4867 ] } },
{ "type": "Feature", "properties": { "year": 2026.0, "month": "May", "route": 0.0, "stop_id": "805918", "stop_name": "Pine Street at Lakeside Avenue (Cumberland Farms)", "total_boardings": 47, "pct_total_boardings": 0.00036982248520710058, "pct_route_boardings": 0.00036982248520710058, "latitude": 44.460789, "longitude": -73.214604 }, "geometry": { "type": "Point", "coordinates": [ -73.214604, 44.460789 ] } },
{ "type": "Feature", "properties": { "year": 2026.0, "month": "May", "route": 0.0, "stop_id": "805920", "stop_name": "N Prospect Street at Loomis Street", "total_boardings": 5, "pct_total_boardings": 3.9342817575223468e-05, "pct_route_boardings": 3.9342817575223468e-05, "latitude": 44.483159711608565, "longitude": -73.201238384539124 }, "geometry": { "type": "Point", "coordinates": [ -73.201238384539124, 44.483159711608565 ] } },
{ "type": "Feature", "properties": { "year": 2026.0, "month": "May", "route": 0.0, "stop_id": "805925", "stop_name": "College Street at S Winooski Avenue", "total_boardings": 49, "pct_total_boardings": 0.00038555961223718998, "pct_route_boardings": 0.00038555961223718998, "latitude": 44.477089, "longitude": -73.211186 }, "geometry": { "type": "Point", "coordinates": [ -73.211186, 44.477089 ] } },
{ "type": "Feature", "properties": { "year": 2026.0, "month": "May", "route": 0.0, "stop_id": "805943", "stop_name": "University Mall at Stop sign at Hannafords", "total_boardings": 408, "pct_total_boardings": 0.003210373914138235, "pct_route_boardings": 0.003210373914138235, "latitude": 44.463252, "longitude": -73.183412 }, "geometry": { "type": "Point", "coordinates": [ -73.183412, 44.463252 ] } },
{ "type": "Feature", "properties": { "year": 2026.0, "month": "May", "route": 0.0, "stop_id": "805946", "stop_name": "Williston Road at Staples Plaza", "total_boardings": 229, "pct_total_boardings": 0.0018019010449452349, "pct_route_boardings": 0.0018019010449452349, "latitude": 44.471708, "longitude": -73.188722 }, "geometry": { "type": "Point", "coordinates": [ -73.188722, 44.471708 ] } },
{ "type": "Feature", "properties": { "year": 2026.0, "month": "May", "route": 0.0, "stop_id": "805947", "stop_name": "Dorset Street at Blue Mall", "total_boardings": 733, "pct_total_boardings": 0.0057676570565277606, "pct_route_boardings": 0.0057676570565277606, "latitude": 44.46448, "longitude": -73.18078 }, "geometry": { "type": "Point", "coordinates": [ -73.18078, 44.46448 ] } },
{ "type": "Feature", "properties": { "year": 2026.0, "month": "May", "route": 0.0, "stop_id": "805948", "stop_name": "Country Park", "total_boardings": 41, "pct_total_boardings": 0.00032261110411683244, "pct_route_boardings": 0.00032261110411683244, "latitude": 44.453053856494307, "longitude": -73.163151719347468 }, "geometry": { "type": "Point", "coordinates": [ -73.163151719347468, 44.453053856494307 ] } },
{ "type": "Feature", "properties": { "year": 2026.0, "month": "May", "route": 0.0, "stop_id": "805949", "stop_name": "N Union Street at Pearl Street", "total_boardings": 427, "pct_total_boardings": 0.0033598766209240842, "pct_route_boardings": 0.0033598766209240842, "latitude": 44.48083, "longitude": -73.2093 }, "geometry": { "type": "Point", "coordinates": [ -73.2093, 44.48083 ] } },
{ "type": "Feature", "properties": { "year": 2026.0, "month": "May", "route": 0.0, "stop_id": "805950", "stop_name": "N Union Street at Loomis Street", "total_boardings": 220, "pct_total_boardings": 0.0017310839733098325, "pct_route_boardings": 0.0017310839733098325, "latitude": 44.48292, "longitude": -73.20945 }, "geometry": { "type": "Point", "coordinates": [ -73.20945, 44.48292 ] } },
{ "type": "Feature", "properties": { "year": 2026.0, "month": "May", "route": 0.0, "stop_id": "805951", "stop_name": "N Union Street at North Street", "total_boardings": 118, "pct_total_boardings": 0.00092849049477527383, "pct_route_boardings": 0.00092849049477527383, "latitude": 44.48458, "longitude": -73.20957 }, "geometry": { "type": "Point", "coordinates": [ -73.20957, 44.48458 ] } },
{ "type": "Feature", "properties": { "year": 2026.0, "month": "May", "route": 0.0, "stop_id": "805952", "stop_name": "North Street at N Winooski Avenue", "total_boardings": 120, "pct_total_boardings": 0.00094422762180536323, "pct_route_boardings": 0.00094422762180536323, "latitude": 44.48485, "longitude": -73.21115 }, "geometry": { "type": "Point", "coordinates": [ -73.21115, 44.48485 ] } },
{ "type": "Feature", "properties": { "year": 2026.0, "month": "May", "route": 0.0, "stop_id": "805953", "stop_name": "North Avenue at Barley Road", "total_boardings": 201, "pct_total_boardings": 0.0015815812665239833, "pct_route_boardings": 0.0015815812665239833, "latitude": 44.51807, "longitude": -73.25985 }, "geometry": { "type": "Point", "coordinates": [ -73.25985, 44.51807 ] } },
{ "type": "Feature", "properties": { "year": 2026.0, "month": "May", "route": 0.0, "stop_id": "805954", "stop_name": "Pearl Street at N Winooski Avenue", "total_boardings": 1398, "pct_total_boardings": 0.011000251794032481, "pct_route_boardings": 0.011000251794032481, "latitude": 44.48046, "longitude": -73.21053 }, "geometry": { "type": "Point", "coordinates": [ -73.21053, 44.48046 ] } },
{ "type": "Feature", "properties": { "year": 2026.0, "month": "May", "route": 0.0, "stop_id": "805955", "stop_name": "Burlington High School Circle", "total_boardings": 73, "pct_total_boardings": 0.0005744051365982626, "pct_route_boardings": 0.0005744051365982626, "latitude": 44.4973299, "longitude": -73.233234 }, "geometry": { "type": "Point", "coordinates": [ -73.233234, 44.4973299 ] } },
{ "type": "Feature", "properties": { "year": 2026.0, "month": "May", "route": 0.0, "stop_id": "805956", "stop_name": "North Avenue at Tracy Drive", "total_boardings": 545, "pct_total_boardings": 0.0042883671156993576, "pct_route_boardings": 0.0042883671156993576, "latitude": 44.515908420590399, "longitude": -73.257145737964436 }, "geometry": { "type": "Point", "coordinates": [ -73.257145737964436, 44.515908420590399 ] } },
{ "type": "Feature", "properties": { "year": 2026.0, "month": "May", "route": 0.0, "stop_id": "805957", "stop_name": "Global Foundries", "total_boardings": 75, "pct_total_boardings": 0.00059014226362835199, "pct_route_boardings": 0.00059014226362835199, "latitude": 44.478670216891103, "longitude": -73.100922195877502 }, "geometry": { "type": "Point", "coordinates": [ -73.100922195877502, 44.478670216891103 ] } },
{ "type": "Feature", "properties": { "year": 2026.0, "month": "May", "route": 0.0, "stop_id": "805958", "stop_name": "Elmwood Avenue at Cedar Street", "total_boardings": 69, "pct_total_boardings": 0.0005429308825380838, "pct_route_boardings": 0.0005429308825380838, "latitude": 44.48587, "longitude": -73.21387 }, "geometry": { "type": "Point", "coordinates": [ -73.21387, 44.48587 ] } },
{ "type": "Feature", "properties": { "year": 2026.0, "month": "May", "route": 0.0, "stop_id": "805960", "stop_name": "Williston Road at Kennedy Drive", "total_boardings": 42, "pct_total_boardings": 0.00033047966763187714, "pct_route_boardings": 0.00033047966763187714, "latitude": 44.46303, "longitude": -73.15443 }, "geometry": { "type": "Point", "coordinates": [ -73.15443, 44.46303 ] } },
{ "type": "Feature", "properties": { "year": 2026.0, "month": "May", "route": 0.0, "stop_id": "805964", "stop_name": "Marshall Avenue at Trader Lane", "total_boardings": 286, "pct_total_boardings": 0.0022504091653027824, "pct_route_boardings": 0.0022504091653027824, "latitude": 44.44518, "longitude": -73.1158 }, "geometry": { "type": "Point", "coordinates": [ -73.1158, 44.44518 ] } },
{ "type": "Feature", "properties": { "year": 2026.0, "month": "May", "route": 0.0, "stop_id": "805973", "stop_name": "Marshall Avenue at Hannafords", "total_boardings": 19, "pct_total_boardings": 0.00014950270678584917, "pct_route_boardings": 0.00014950270678584917, "latitude": 44.445047, "longitude": -73.114986 }, "geometry": { "type": "Point", "coordinates": [ -73.114986, 44.445047 ] } },
{ "type": "Feature", "properties": { "year": 2026.0, "month": "May", "route": 0.0, "stop_id": "805974", "stop_name": "Walmart", "total_boardings": 1702, "pct_total_boardings": 0.013392295102606068, "pct_route_boardings": 0.013392295102606068, "latitude": 44.442322707648174, "longitude": -73.121237928214981 }, "geometry": { "type": "Point", "coordinates": [ -73.121237928214981, 44.442322707648174 ] } },
{ "type": "Feature", "properties": { "year": 2026.0, "month": "May", "route": 0.0, "stop_id": "805975", "stop_name": "Williston Road at HoHum Motel", "total_boardings": 172, "pct_total_boardings": 0.0013533929245876874, "pct_route_boardings": 0.0013533929245876874, "latitude": 44.464255, "longitude": -73.158906 }, "geometry": { "type": "Point", "coordinates": [ -73.158906, 44.464255 ] } },
{ "type": "Feature", "properties": { "year": 2026.0, "month": "May", "route": 0.0, "stop_id": "805976", "stop_name": "Williston Road at Thrifty", "total_boardings": 320, "pct_total_boardings": 0.002517940324814302, "pct_route_boardings": 0.002517940324814302, "latitude": 44.46355, "longitude": -73.1558 }, "geometry": { "type": "Point", "coordinates": [ -73.1558, 44.46355 ] } },
{ "type": "Feature", "properties": { "year": 2026.0, "month": "May", "route": 0.0, "stop_id": "805977", "stop_name": "Williston Road at Victory Drive", "total_boardings": 55, "pct_total_boardings": 0.00043277099332745812, "pct_route_boardings": 0.00043277099332745812, "latitude": 44.465096, "longitude": -73.162601 }, "geometry": { "type": "Point", "coordinates": [ -73.162601, 44.465096 ] } },
{ "type": "Feature", "properties": { "year": 2026.0, "month": "May", "route": 0.0, "stop_id": "805978", "stop_name": "Williston Road at Pillsbury Manor", "total_boardings": 66, "pct_total_boardings": 0.00051932519199294981, "pct_route_boardings": 0.00051932519199294981, "latitude": 44.465579, "longitude": -73.164727 }, "geometry": { "type": "Point", "coordinates": [ -73.164727, 44.465579 ] } },
{ "type": "Feature", "properties": { "year": 2026.0, "month": "May", "route": 0.0, "stop_id": "805987", "stop_name": "Riverside Avenue at Opposite Barrett Street", "total_boardings": 128, "pct_total_boardings": 0.0010071761299257208, "pct_route_boardings": 0.0010071761299257208, "latitude": 44.487832, "longitude": -73.187295 }, "geometry": { "type": "Point", "coordinates": [ -73.187295, 44.487832 ] } },
{ "type": "Feature", "properties": { "year": 2026.0, "month": "May", "route": 0.0, "stop_id": "805988", "stop_name": "Intervale Avenue at Archibald", "total_boardings": 48, "pct_total_boardings": 0.00037769104872214528, "pct_route_boardings": 0.00037769104872214528, "latitude": 44.487946, "longitude": -73.211161 }, "geometry": { "type": "Point", "coordinates": [ -73.211161, 44.487946 ] } },
{ "type": "Feature", "properties": { "year": 2026.0, "month": "May", "route": 0.0, "stop_id": "805989", "stop_name": "Courtyard", "total_boardings": 104, "pct_total_boardings": 0.00081833060556464816, "pct_route_boardings": 0.00081833060556464816, "latitude": 44.4927114, "longitude": -73.181172 }, "geometry": { "type": "Point", "coordinates": [ -73.181172, 44.4927114 ] } },
{ "type": "Feature", "properties": { "year": 2026.0, "month": "May", "route": 0.0, "stop_id": "805990", "stop_name": "Weaver Street at St. Peter Street", "total_boardings": 16, "pct_total_boardings": 0.0001258970162407151, "pct_route_boardings": 0.0001258970162407151, "latitude": 44.4963640829017, "longitude": -73.187071517359897 }, "geometry": { "type": "Point", "coordinates": [ -73.187071517359897, 44.4963640829017 ] } },
{ "type": "Feature", "properties": { "year": 2026.0, "month": "May", "route": 0.0, "stop_id": "805991", "stop_name": "Mallets Bay Avenue at St. Peter Street", "total_boardings": 76, "pct_total_boardings": 0.00059801082714339669, "pct_route_boardings": 0.00059801082714339669, "latitude": 44.49613, "longitude": -73.19353 }, "geometry": { "type": "Point", "coordinates": [ -73.19353, 44.49613 ] } },
{ "type": "Feature", "properties": { "year": 2026.0, "month": "May", "route": 0.0, "stop_id": "805992", "stop_name": "Elmwood Avenue at North Street", "total_boardings": 177, "pct_total_boardings": 0.0013927357421629108, "pct_route_boardings": 0.0013927357421629108, "latitude": 44.48458, "longitude": -73.2138 }, "geometry": { "type": "Point", "coordinates": [ -73.2138, 44.48458 ] } },
{ "type": "Feature", "properties": { "year": 2026.0, "month": "May", "route": 0.0, "stop_id": "805993", "stop_name": "North Avenue at Lakeview Cemetery", "total_boardings": 105, "pct_total_boardings": 0.00082619916907969286, "pct_route_boardings": 0.00082619916907969286, "latitude": 44.492721535987414, "longitude": -73.228979980701013 }, "geometry": { "type": "Point", "coordinates": [ -73.228979980701013, 44.492721535987414 ] } },
{ "type": "Feature", "properties": { "year": 2026.0, "month": "May", "route": 0.0, "stop_id": "805994", "stop_name": "North Street at Park Street", "total_boardings": 88, "pct_total_boardings": 0.00069243358932393297, "pct_route_boardings": 0.00069243358932393297, "latitude": 44.484472, "longitude": -73.21905 }, "geometry": { "type": "Point", "coordinates": [ -73.21905, 44.484472 ] } },
{ "type": "Feature", "properties": { "year": 2026.0, "month": "May", "route": 0.0, "stop_id": "805996", "stop_name": "Williston Road at Helena Drive", "total_boardings": 579, "pct_total_boardings": 0.0045558982752108776, "pct_route_boardings": 0.0045558982752108776, "latitude": 44.45038, "longitude": -73.11262 }, "geometry": { "type": "Point", "coordinates": [ -73.11262, 44.45038 ] } },
{ "type": "Feature", "properties": { "year": 2026.0, "month": "May", "route": 0.0, "stop_id": "805997", "stop_name": "Williston Road at Blair Park Road", "total_boardings": 461, "pct_total_boardings": 0.0036274077804356038, "pct_route_boardings": 0.0036274077804356038, "latitude": 44.45255, "longitude": -73.11755 }, "geometry": { "type": "Point", "coordinates": [ -73.11755, 44.45255 ] } },
{ "type": "Feature", "properties": { "year": 2026.0, "month": "May", "route": 0.0, "stop_id": "805999", "stop_name": "N Prospect Street at North Street", "total_boardings": 24, "pct_total_boardings": 0.00018884552436107264, "pct_route_boardings": 0.00018884552436107264, "latitude": 44.485126, "longitude": -73.201598 }, "geometry": { "type": "Point", "coordinates": [ -73.201598, 44.485126 ] } },
{ "type": "Feature", "properties": { "year": 2026.0, "month": "May", "route": 0.0, "stop_id": "806000", "stop_name": "Riverside Avenue at Opposite #236", "total_boardings": 327, "pct_total_boardings": 0.0025730202694196147, "pct_route_boardings": 0.0025730202694196147, "latitude": 44.48669, "longitude": -73.192724 }, "geometry": { "type": "Point", "coordinates": [ -73.192724, 44.48669 ] } },
{ "type": "Feature", "properties": { "year": 2026.0, "month": "May", "route": 0.0, "stop_id": "806001", "stop_name": "Colchester Avenue at VAS Clinic", "total_boardings": 132, "pct_total_boardings": 0.0010386503839858996, "pct_route_boardings": 0.0010386503839858996, "latitude": 44.480738, "longitude": -73.197324 }, "geometry": { "type": "Point", "coordinates": [ -73.197324, 44.480738 ] } },
{ "type": "Feature", "properties": { "year": 2026.0, "month": "May", "route": 0.0, "stop_id": "806003", "stop_name": "College Street at Pine Street", "total_boardings": 52, "pct_total_boardings": 0.00040916530278232408, "pct_route_boardings": 0.00040916530278232408, "latitude": 44.476926993503298, "longitude": -73.2158524026283 }, "geometry": { "type": "Point", "coordinates": [ -73.2158524026283, 44.476926993503298 ] } },
{ "type": "Feature", "properties": { "year": 2026.0, "month": "May", "route": 0.0, "stop_id": "806004", "stop_name": "Riverside Avenue at Hillside Terrace", "total_boardings": 302, "pct_total_boardings": 0.0023763061815434976, "pct_route_boardings": 0.0023763061815434976, "latitude": 44.48790773, "longitude": -73.19620594 }, "geometry": { "type": "Point", "coordinates": [ -73.19620594, 44.48790773 ] } },
{ "type": "Feature", "properties": { "year": 2026.0, "month": "May", "route": 0.0, "stop_id": "806005", "stop_name": "N Prospect Street at Henry Street", "total_boardings": 18, "pct_total_boardings": 0.00014163414327080447, "pct_route_boardings": 0.00014163414327080447, "latitude": 44.484314, "longitude": -73.201458 }, "geometry": { "type": "Point", "coordinates": [ -73.201458, 44.484314 ] } },
{ "type": "Feature", "properties": { "year": 2026.0, "month": "May", "route": 0.0, "stop_id": "806006", "stop_name": "Essex Experience", "total_boardings": 32, "pct_total_boardings": 0.00025179403248143021, "pct_route_boardings": 0.00025179403248143021, "latitude": 44.507, "longitude": -73.08072 }, "geometry": { "type": "Point", "coordinates": [ -73.08072, 44.507 ] } },
{ "type": "Feature", "properties": { "year": 2026.0, "month": "May", "route": 0.0, "stop_id": "806007", "stop_name": "Route 15 at Lyon Lane", "total_boardings": 7, "pct_total_boardings": 5.5079944605312853e-05, "pct_route_boardings": 5.5079944605312853e-05, "latitude": 44.51048, "longitude": -73.0726 }, "geometry": { "type": "Point", "coordinates": [ -73.0726, 44.51048 ] } },
{ "type": "Feature", "properties": { "year": 2026.0, "month": "May", "route": 0.0, "stop_id": "806009", "stop_name": "Heineberg Housing", "total_boardings": 72, "pct_total_boardings": 0.0005665365730832179, "pct_route_boardings": 0.0005665365730832179, "latitude": 44.5107483, "longitude": -73.246847 }, "geometry": { "type": "Point", "coordinates": [ -73.246847, 44.5107483 ] } },
{ "type": "Feature", "properties": { "year": 2026.0, "month": "May", "route": 0.0, "stop_id": "806010", "stop_name": "Rhino Foods", "total_boardings": 3, "pct_total_boardings": 2.360569054513408e-05, "pct_route_boardings": 2.360569054513408e-05, "latitude": 44.44913, "longitude": -73.220151 }, "geometry": { "type": "Point", "coordinates": [ -73.220151, 44.44913 ] } },
{ "type": "Feature", "properties": { "year": 2026.0, "month": "May", "route": 0.0, "stop_id": "806011", "stop_name": "Cherry Street at Opposite 3 Cathedral Square", "total_boardings": 1, "pct_total_boardings": 7.8685635150446939e-06, "pct_route_boardings": 7.8685635150446939e-06, "latitude": 44.479106, "longitude": -73.217703 }, "geometry": { "type": "Point", "coordinates": [ -73.217703, 44.479106 ] } },
{ "type": "Feature", "properties": { "year": 2026.0, "month": "May", "route": 0.0, "stop_id": "806012", "stop_name": "River Road at Citgo", "total_boardings": 7, "pct_total_boardings": 5.5079944605312853e-05, "pct_route_boardings": 5.5079944605312853e-05, "latitude": 44.483426, "longitude": -73.084564 }, "geometry": { "type": "Point", "coordinates": [ -73.084564, 44.483426 ] } },
{ "type": "Feature", "properties": { "year": 2026.0, "month": "May", "route": 0.0, "stop_id": "806013", "stop_name": "College Parkway at Camp Johnson", "total_boardings": 120, "pct_total_boardings": 0.00094422762180536323, "pct_route_boardings": 0.00094422762180536323, "latitude": 44.498803485158739, "longitude": -73.155983532624703 }, "geometry": { "type": "Point", "coordinates": [ -73.155983532624703, 44.498803485158739 ] } },
{ "type": "Feature", "properties": { "year": 2026.0, "month": "May", "route": 0.0, "stop_id": "806015", "stop_name": "83 Barlow Street", "total_boardings": 176, "pct_total_boardings": 0.0013848671786478659, "pct_route_boardings": 0.0013848671786478659, "latitude": 44.492849650063199, "longitude": -73.18398111017882 }, "geometry": { "type": "Point", "coordinates": [ -73.18398111017882, 44.492849650063199 ] } },
{ "type": "Feature", "properties": { "year": 2026.0, "month": "May", "route": 0.0, "stop_id": "806016", "stop_name": "Riverside Avenue at Opposite Bright Street", "total_boardings": 215, "pct_total_boardings": 0.0016917411557346091, "pct_route_boardings": 0.0016917411557346091, "latitude": 44.489529, "longitude": -73.208705 }, "geometry": { "type": "Point", "coordinates": [ -73.208705, 44.489529 ] } },
{ "type": "Feature", "properties": { "year": 2026.0, "month": "May", "route": 0.0, "stop_id": "806020", "stop_name": "National Life", "total_boardings": 122, "pct_total_boardings": 0.00095996474883545263, "pct_route_boardings": 0.00095996474883545263, "latitude": 44.255657, "longitude": -72.584187 }, "geometry": { "type": "Point", "coordinates": [ -72.584187, 44.255657 ] } },
{ "type": "Feature", "properties": { "year": 2026.0, "month": "May", "route": 0.0, "stop_id": "806021", "stop_name": "Richmond Park and Ride", "total_boardings": 191, "pct_total_boardings": 0.0015028956313735365, "pct_route_boardings": 0.0015028956313735365, "latitude": 44.42328, "longitude": -73.008347 }, "geometry": { "type": "Point", "coordinates": [ -73.008347, 44.42328 ] } },
{ "type": "Feature", "properties": { "year": 2026.0, "month": "May", "route": 0.0, "stop_id": "806022", "stop_name": "Waterbury Park and Ride", "total_boardings": 93, "pct_total_boardings": 0.00073177640689915647, "pct_route_boardings": 0.00073177640689915647, "latitude": 44.345122, "longitude": -72.74333 }, "geometry": { "type": "Point", "coordinates": [ -72.74333, 44.345122 ] } },
{ "type": "Feature", "properties": { "year": 2026.0, "month": "May", "route": 0.0, "stop_id": "806025", "stop_name": "Shelburne Road at Bostwick Road", "total_boardings": 60, "pct_total_boardings": 0.00047211381090268162, "pct_route_boardings": 0.00047211381090268162, "latitude": 44.36995, "longitude": -73.23162 }, "geometry": { "type": "Point", "coordinates": [ -73.23162, 44.36995 ] } },
{ "type": "Feature", "properties": { "year": 2026.0, "month": "May", "route": 0.0, "stop_id": "806027", "stop_name": "Fort Ethan Allen/Elly-Long Music Building", "total_boardings": 162, "pct_total_boardings": 0.0012747072894372404, "pct_route_boardings": 0.0012747072894372404, "latitude": 44.505446, "longitude": -73.149362 }, "geometry": { "type": "Point", "coordinates": [ -73.149362, 44.505446 ] } },
{ "type": "Feature", "properties": { "year": 2026.0, "month": "May", "route": 0.0, "stop_id": "806028", "stop_name": "Shelburne Road at Opposite Webster Road (Office Park)", "total_boardings": 6, "pct_total_boardings": 4.721138109026816e-05, "pct_route_boardings": 4.721138109026816e-05, "latitude": 44.38795, "longitude": -73.22467 }, "geometry": { "type": "Point", "coordinates": [ -73.22467, 44.38795 ] } },
{ "type": "Feature", "properties": { "year": 2026.0, "month": "May", "route": 0.0, "stop_id": "806029", "stop_name": "Fern Hill", "total_boardings": 114, "pct_total_boardings": 0.00089701624071509504, "pct_route_boardings": 0.00089701624071509504, "latitude": 44.48710922696219, "longitude": -73.200809387731567 }, "geometry": { "type": "Point", "coordinates": [ -73.200809387731567, 44.48710922696219 ] } },
{ "type": "Feature", "properties": { "year": 2026.0, "month": "May", "route": 0.0, "stop_id": "806030", "stop_name": "McAuley Square", "total_boardings": 202, "pct_total_boardings": 0.0015894498300390281, "pct_route_boardings": 0.0015894498300390281, "latitude": 44.48485932111906, "longitude": -73.197974635582 }, "geometry": { "type": "Point", "coordinates": [ -73.197974635582, 44.48485932111906 ] } },
{ "type": "Feature", "properties": { "year": 2026.0, "month": "May", "route": 0.0, "stop_id": "806031", "stop_name": "Abenaki Way at CCV", "total_boardings": 334, "pct_total_boardings": 0.0026281002140249275, "pct_route_boardings": 0.0026281002140249275, "latitude": 44.4914, "longitude": -73.18188 }, "geometry": { "type": "Point", "coordinates": [ -73.18188, 44.4914 ] } },
{ "type": "Feature", "properties": { "year": 2026.0, "month": "May", "route": 0.0, "stop_id": "806037", "stop_name": "Main Street at Brickyard Road", "total_boardings": 18, "pct_total_boardings": 0.00014163414327080447, "pct_route_boardings": 0.00014163414327080447, "latitude": 44.495989, "longitude": -73.102014 }, "geometry": { "type": "Point", "coordinates": [ -73.102014, 44.495989 ] } },
{ "type": "Feature", "properties": { "year": 2026.0, "month": "May", "route": 0.0, "stop_id": "806038", "stop_name": "River Road at Maple Street", "total_boardings": 10, "pct_total_boardings": 7.8685635150446936e-05, "pct_route_boardings": 7.8685635150446936e-05, "latitude": 44.48417, "longitude": -73.09515 }, "geometry": { "type": "Point", "coordinates": [ -73.09515, 44.48417 ] } },
{ "type": "Feature", "properties": { "year": 2026.0, "month": "May", "route": 0.0, "stop_id": "806041", "stop_name": "5224 Shelburne Road", "total_boardings": 14, "pct_total_boardings": 0.00011015988921062571, "pct_route_boardings": 0.00011015988921062571, "latitude": 44.381457, "longitude": -73.227305 }, "geometry": { "type": "Point", "coordinates": [ -73.227305, 44.381457 ] } },
{ "type": "Feature", "properties": { "year": 2026.0, "month": "May", "route": 0.0, "stop_id": "806043", "stop_name": "Marshall Avenue at Gardeners Supply", "total_boardings": 9, "pct_total_boardings": 7.0817071635402237e-05, "pct_route_boardings": 7.0817071635402237e-05, "latitude": 44.44588, "longitude": -73.11962 }, "geometry": { "type": "Point", "coordinates": [ -73.11962, 44.44588 ] } },
{ "type": "Feature", "properties": { "year": 2026.0, "month": "May", "route": 0.0, "stop_id": "806045", "stop_name": "Williston Road at Williston Liquidation Center", "total_boardings": 78, "pct_total_boardings": 0.00061374795417348609, "pct_route_boardings": 0.00061374795417348609, "latitude": 44.45728, "longitude": -73.12797 }, "geometry": { "type": "Point", "coordinates": [ -73.12797, 44.45728 ] } },
{ "type": "Feature", "properties": { "year": 2026.0, "month": "May", "route": 0.0, "stop_id": "806048", "stop_name": "Ethan Allen Avenue at Winooski Road (#310)", "total_boardings": 150, "pct_total_boardings": 0.001180284527256704, "pct_route_boardings": 0.001180284527256704, "latitude": 44.505670615403503, "longitude": -73.143589963389005 }, "geometry": { "type": "Point", "coordinates": [ -73.143589963389005, 44.505670615403503 ] } },
{ "type": "Feature", "properties": { "year": 2026.0, "month": "May", "route": 0.0, "stop_id": "806049", "stop_name": "Department of Labor Park and Ride", "total_boardings": 114, "pct_total_boardings": 0.00089701624071509504, "pct_route_boardings": 0.00089701624071509504, "latitude": 44.259345, "longitude": -72.590836 }, "geometry": { "type": "Point", "coordinates": [ -72.590836, 44.259345 ] } },
{ "type": "Feature", "properties": { "year": 2026.0, "month": "May", "route": 0.0, "stop_id": "806052", "stop_name": "Chimney Corners Park & Ride", "total_boardings": 22, "pct_total_boardings": 0.00017310839733098324, "pct_route_boardings": 0.00017310839733098324, "latitude": 44.595, "longitude": -73.16538 }, "geometry": { "type": "Point", "coordinates": [ -73.16538, 44.595 ] } },
{ "type": "Feature", "properties": { "year": 2026.0, "month": "May", "route": 0.0, "stop_id": "806053", "stop_name": "Georgia Park & Ride", "total_boardings": 7, "pct_total_boardings": 5.5079944605312853e-05, "pct_route_boardings": 5.5079944605312853e-05, "latitude": 44.6988434, "longitude": -73.1056939 }, "geometry": { "type": "Point", "coordinates": [ -73.1056939, 44.6988434 ] } },
{ "type": "Feature", "properties": { "year": 2026.0, "month": "May", "route": 0.0, "stop_id": "806064", "stop_name": "Williston Road at Aviation Avenue", "total_boardings": 18, "pct_total_boardings": 0.00014163414327080447, "pct_route_boardings": 0.00014163414327080447, "latitude": 44.46058, "longitude": -73.14902 }, "geometry": { "type": "Point", "coordinates": [ -73.14902, 44.46058 ] } },
{ "type": "Feature", "properties": { "year": 2026.0, "month": "May", "route": 0.0, "stop_id": "806065", "stop_name": "3 Cathedral Square", "total_boardings": 24, "pct_total_boardings": 0.00018884552436107264, "pct_route_boardings": 0.00018884552436107264, "latitude": 44.4794974, "longitude": -73.217846 }, "geometry": { "type": "Point", "coordinates": [ -73.217846, 44.4794974 ] } },
{ "type": "Feature", "properties": { "year": 2026.0, "month": "May", "route": 0.0, "stop_id": "806067", "stop_name": "E Allen Street at Gadues Dry Cleaning", "total_boardings": 337, "pct_total_boardings": 0.0026517059045700615, "pct_route_boardings": 0.0026517059045700615, "latitude": 44.492057, "longitude": -73.180731 }, "geometry": { "type": "Point", "coordinates": [ -73.180731, 44.492057 ] } },
{ "type": "Feature", "properties": { "year": 2026.0, "month": "May", "route": 0.0, "stop_id": "806068", "stop_name": "Abenaki Way at Opposite CCV", "total_boardings": 229, "pct_total_boardings": 0.0018019010449452349, "pct_route_boardings": 0.0018019010449452349, "latitude": 44.490575542884017, "longitude": -73.182068265415651 }, "geometry": { "type": "Point", "coordinates": [ -73.182068265415651, 44.490575542884017 ] } },
{ "type": "Feature", "properties": { "year": 2026.0, "month": "May", "route": 0.0, "stop_id": "806069", "stop_name": "University Mall at Sears", "total_boardings": 502, "pct_total_boardings": 0.0039500188845524361, "pct_route_boardings": 0.0039500188845524361, "latitude": 44.463197, "longitude": -73.18201 }, "geometry": { "type": "Point", "coordinates": [ -73.18201, 44.463197 ] } },
{ "type": "Feature", "properties": { "year": 2026.0, "month": "May", "route": 0.0, "stop_id": "806070", "stop_name": "River Road at Opposite #30", "total_boardings": 6, "pct_total_boardings": 4.721138109026816e-05, "pct_route_boardings": 4.721138109026816e-05, "latitude": 44.48357, "longitude": -73.08663 }, "geometry": { "type": "Point", "coordinates": [ -73.08663, 44.48357 ] } },
{ "type": "Feature", "properties": { "year": 2026.0, "month": "May", "route": 0.0, "stop_id": "806071", "stop_name": "North Avenue at N of Institute Road", "total_boardings": 36, "pct_total_boardings": 0.00028326828654160895, "pct_route_boardings": 0.00028326828654160895, "latitude": 44.498863877725697, "longitude": -73.23408881833916 }, "geometry": { "type": "Point", "coordinates": [ -73.23408881833916, 44.498863877725697 ] } },
{ "type": "Feature", "properties": { "year": 2026.0, "month": "May", "route": 0.0, "stop_id": "806078", "stop_name": "Williston Road at VT Tire", "total_boardings": 12, "pct_total_boardings": 9.4422762180536321e-05, "pct_route_boardings": 9.4422762180536321e-05, "latitude": 44.462, "longitude": -73.15225 }, "geometry": { "type": "Point", "coordinates": [ -73.15225, 44.462 ] } },
{ "type": "Feature", "properties": { "year": 2026.0, "month": "May", "route": 0.0, "stop_id": "806079", "stop_name": "Williston Road at Ace Hardware", "total_boardings": 9, "pct_total_boardings": 7.0817071635402237e-05, "pct_route_boardings": 7.0817071635402237e-05, "latitude": 44.46055, "longitude": -73.1492 }, "geometry": { "type": "Point", "coordinates": [ -73.1492, 44.46055 ] } },
{ "type": "Feature", "properties": { "year": 2026.0, "month": "May", "route": 0.0, "stop_id": "806080", "stop_name": "Williston Road at Talent Skate Park", "total_boardings": 9, "pct_total_boardings": 7.0817071635402237e-05, "pct_route_boardings": 7.0817071635402237e-05, "latitude": 44.45882, "longitude": -73.14568 }, "geometry": { "type": "Point", "coordinates": [ -73.14568, 44.45882 ] } },
{ "type": "Feature", "properties": { "year": 2026.0, "month": "May", "route": 0.0, "stop_id": "806081", "stop_name": "Williston Road at Shunpike Road", "total_boardings": 4, "pct_total_boardings": 3.1474254060178776e-05, "pct_route_boardings": 3.1474254060178776e-05, "latitude": 44.45842, "longitude": -73.1429 }, "geometry": { "type": "Point", "coordinates": [ -73.1429, 44.45842 ] } },
{ "type": "Feature", "properties": { "year": 2026.0, "month": "May", "route": 0.0, "stop_id": "806082", "stop_name": "Williston Road at Engineers Drive", "total_boardings": 7, "pct_total_boardings": 5.5079944605312853e-05, "pct_route_boardings": 5.5079944605312853e-05, "latitude": 44.4582, "longitude": -73.1327 }, "geometry": { "type": "Point", "coordinates": [ -73.1327, 44.4582 ] } },
{ "type": "Feature", "properties": { "year": 2026.0, "month": "May", "route": 0.0, "stop_id": "806083", "stop_name": "Williston Road at Commerce Street", "total_boardings": 12, "pct_total_boardings": 9.4422762180536321e-05, "pct_route_boardings": 9.4422762180536321e-05, "latitude": 44.45337, "longitude": -73.11968 }, "geometry": { "type": "Point", "coordinates": [ -73.11968, 44.45337 ] } },
{ "type": "Feature", "properties": { "year": 2026.0, "month": "May", "route": 0.0, "stop_id": "806084", "stop_name": "Williston Road at Harvest Lane", "total_boardings": 16, "pct_total_boardings": 0.0001258970162407151, "pct_route_boardings": 0.0001258970162407151, "latitude": 44.4521, "longitude": -73.11688 }, "geometry": { "type": "Point", "coordinates": [ -73.11688, 44.4521 ] } },
{ "type": "Feature", "properties": { "year": 2026.0, "month": "May", "route": 0.0, "stop_id": "806085", "stop_name": "Williston Road at VT 2A", "total_boardings": 45, "pct_total_boardings": 0.00035408535817701119, "pct_route_boardings": 0.00035408535817701119, "latitude": 44.45023, "longitude": -73.11262 }, "geometry": { "type": "Point", "coordinates": [ -73.11262, 44.45023 ] } },
{ "type": "Feature", "properties": { "year": 2026.0, "month": "May", "route": 0.0, "stop_id": "806086", "stop_name": "VT 2A at Key Bank", "total_boardings": 12, "pct_total_boardings": 9.4422762180536321e-05, "pct_route_boardings": 9.4422762180536321e-05, "latitude": 44.44872, "longitude": -73.11095 }, "geometry": { "type": "Point", "coordinates": [ -73.11095, 44.44872 ] } },
{ "type": "Feature", "properties": { "year": 2026.0, "month": "May", "route": 0.0, "stop_id": "806087", "stop_name": "VT 2A at Wright Avenue", "total_boardings": 20, "pct_total_boardings": 0.00015737127030089387, "pct_route_boardings": 0.00015737127030089387, "latitude": 44.44722, "longitude": -73.11105 }, "geometry": { "type": "Point", "coordinates": [ -73.11105, 44.44722 ] } },
{ "type": "Feature", "properties": { "year": 2026.0, "month": "May", "route": 0.0, "stop_id": "806088", "stop_name": "VT 2A at Marshall Avenue (Ponderosa)", "total_boardings": 28, "pct_total_boardings": 0.00022031977842125141, "pct_route_boardings": 0.00022031977842125141, "latitude": 44.444733, "longitude": -73.112287 }, "geometry": { "type": "Point", "coordinates": [ -73.112287, 44.444733 ] } },
{ "type": "Feature", "properties": { "year": 2026.0, "month": "May", "route": 0.0, "stop_id": "806096", "stop_name": "VT 2A at Connor Way", "total_boardings": 887, "pct_total_boardings": 0.0069794158378446427, "pct_route_boardings": 0.0069794158378446427, "latitude": 44.446816, "longitude": -73.110949 }, "geometry": { "type": "Point", "coordinates": [ -73.110949, 44.446816 ] } },
{ "type": "Feature", "properties": { "year": 2026.0, "month": "May", "route": 0.0, "stop_id": "806112", "stop_name": "Williston Road at Miller Lane", "total_boardings": 129, "pct_total_boardings": 0.0010150446934407654, "pct_route_boardings": 0.0010150446934407654, "latitude": 44.45833, "longitude": -73.13283 }, "geometry": { "type": "Point", "coordinates": [ -73.13283, 44.45833 ] } },
{ "type": "Feature", "properties": { "year": 2026.0, "month": "May", "route": 0.0, "stop_id": "806113", "stop_name": "Williston Rd. at Valley Rd", "total_boardings": 116, "pct_total_boardings": 0.00091275336774518444, "pct_route_boardings": 0.00091275336774518444, "latitude": 44.45853, "longitude": -73.142534 }, "geometry": { "type": "Point", "coordinates": [ -73.142534, 44.45853 ] } },
{ "type": "Feature", "properties": { "year": 2026.0, "month": "May", "route": 0.0, "stop_id": "806114", "stop_name": "Williston Road at Contact Communication", "total_boardings": 32, "pct_total_boardings": 0.00025179403248143021, "pct_route_boardings": 0.00025179403248143021, "latitude": 44.45962, "longitude": -73.14707 }, "geometry": { "type": "Point", "coordinates": [ -73.14707, 44.45962 ] } },
{ "type": "Feature", "properties": { "year": 2026.0, "month": "May", "route": 0.0, "stop_id": "806115", "stop_name": "Williston Road at Kennedy Drive", "total_boardings": 42, "pct_total_boardings": 0.00033047966763187714, "pct_route_boardings": 0.00033047966763187714, "latitude": 44.46202, "longitude": -73.15193 }, "geometry": { "type": "Point", "coordinates": [ -73.15193, 44.46202 ] } },
{ "type": "Feature", "properties": { "year": 2026.0, "month": "May", "route": 0.0, "stop_id": "806116", "stop_name": "Williston Road at Stone House Commons", "total_boardings": 67, "pct_total_boardings": 0.00052719375550799451, "pct_route_boardings": 0.00052719375550799451, "latitude": 44.466486, "longitude": -73.168721 }, "geometry": { "type": "Point", "coordinates": [ -73.168721, 44.466486 ] } },
{ "type": "Feature", "properties": { "year": 2026.0, "month": "May", "route": 0.0, "stop_id": "806120", "stop_name": "US 7 at Centre Drive", "total_boardings": 15, "pct_total_boardings": 0.0001180284527256704, "pct_route_boardings": 0.0001180284527256704, "latitude": 44.622440610065837, "longitude": -73.122037430645491 }, "geometry": { "type": "Point", "coordinates": [ -73.122037430645491, 44.622440610065837 ] } },
{ "type": "Feature", "properties": { "year": 2026.0, "month": "May", "route": 0.0, "stop_id": "806127", "stop_name": "Milton Town Office Park & Ride", "total_boardings": 108, "pct_total_boardings": 0.00084980485962482684, "pct_route_boardings": 0.00084980485962482684, "latitude": 44.618487707147665, "longitude": -73.124878081192008 }, "geometry": { "type": "Point", "coordinates": [ -73.124878081192008, 44.618487707147665 ] } },
{ "type": "Feature", "properties": { "year": 2026.0, "month": "May", "route": 0.0, "stop_id": "806130", "stop_name": "Ethan Allen Avenue at Rt. 15", "total_boardings": 87, "pct_total_boardings": 0.00068456502580888838, "pct_route_boardings": 0.00068456502580888838, "latitude": 44.504827, "longitude": -73.142277 }, "geometry": { "type": "Point", "coordinates": [ -73.142277, 44.504827 ] } },
{ "type": "Feature", "properties": { "year": 2026.0, "month": "May", "route": 0.0, "stop_id": "806148", "stop_name": "Main Street at Opposite Platt Street", "total_boardings": 4, "pct_total_boardings": 3.1474254060178776e-05, "pct_route_boardings": 3.1474254060178776e-05, "latitude": 44.4937759566455, "longitude": -73.186658241733497 }, "geometry": { "type": "Point", "coordinates": [ -73.186658241733497, 44.4937759566455 ] } },
{ "type": "Feature", "properties": { "year": 2026.0, "month": "May", "route": 0.0, "stop_id": "806150", "stop_name": "Hickock St at River Street (Chick's Market)", "total_boardings": 105, "pct_total_boardings": 0.00082619916907969286, "pct_route_boardings": 0.00082619916907969286, "latitude": 44.493262, "longitude": -73.192766 }, "geometry": { "type": "Point", "coordinates": [ -73.192766, 44.493262 ] } },
{ "type": "Feature", "properties": { "year": 2026.0, "month": "May", "route": 0.0, "stop_id": "806165", "stop_name": "Severance Corners", "total_boardings": 10, "pct_total_boardings": 7.8685635150446936e-05, "pct_route_boardings": 7.8685635150446936e-05, "latitude": 44.5282694, "longitude": -73.1747521 }, "geometry": { "type": "Point", "coordinates": [ -73.1747521, 44.5282694 ] } },
{ "type": "Feature", "properties": { "year": 2026.0, "month": "May", "route": 0.0, "stop_id": "806169", "stop_name": "Water Tower Hill/Albany College of Pharmacy and Health Sciences", "total_boardings": 14, "pct_total_boardings": 0.00011015988921062571, "pct_route_boardings": 0.00011015988921062571, "latitude": 44.509066, "longitude": -73.185039 }, "geometry": { "type": "Point", "coordinates": [ -73.185039, 44.509066 ] } },
{ "type": "Feature", "properties": { "year": 2026.0, "month": "May", "route": 0.0, "stop_id": "806178", "stop_name": "Dorset Street at Opposite Garden Street", "total_boardings": 121, "pct_total_boardings": 0.00095209618532040793, "pct_route_boardings": 0.00095209618532040793, "latitude": 44.463505, "longitude": -73.180857 }, "geometry": { "type": "Point", "coordinates": [ -73.180857, 44.463505 ] } },
{ "type": "Feature", "properties": { "year": 2026.0, "month": "May", "route": 0.0, "stop_id": "806179", "stop_name": "Pine Street at Maple Street", "total_boardings": 8, "pct_total_boardings": 6.2948508120357552e-05, "pct_route_boardings": 6.2948508120357552e-05, "latitude": 44.473686, "longitude": -73.215509 }, "geometry": { "type": "Point", "coordinates": [ -73.215509, 44.473686 ] } },
{ "type": "Feature", "properties": { "year": 2026.0, "month": "May", "route": 0.0, "stop_id": "806180", "stop_name": "Flynn Avenue at Richardson Street", "total_boardings": 1, "pct_total_boardings": 7.8685635150446939e-06, "pct_route_boardings": 7.8685635150446939e-06, "latitude": 44.455277, "longitude": -73.212695 }, "geometry": { "type": "Point", "coordinates": [ -73.212695, 44.455277 ] } },
{ "type": "Feature", "properties": { "year": 2026.0, "month": "May", "route": 0.0, "stop_id": "806188", "stop_name": "S Main Street at New Street", "total_boardings": 24, "pct_total_boardings": 0.00018884552436107264, "pct_route_boardings": 0.00018884552436107264, "latitude": 44.806083, "longitude": -73.085288 }, "geometry": { "type": "Point", "coordinates": [ -73.085288, 44.806083 ] } },
{ "type": "Feature", "properties": { "year": 2026.0, "month": "May", "route": 0.0, "stop_id": "806189", "stop_name": "South Main Street at St. Albans Police Department", "total_boardings": 19, "pct_total_boardings": 0.00014950270678584917, "pct_route_boardings": 0.00014950270678584917, "latitude": 44.803963, "longitude": -73.086992 }, "geometry": { "type": "Point", "coordinates": [ -73.086992, 44.803963 ] } },
{ "type": "Feature", "properties": { "year": 2026.0, "month": "May", "route": 0.0, "stop_id": "806193", "stop_name": "S Main Street at Upper Gilman Street", "total_boardings": 17, "pct_total_boardings": 0.00013376557975575977, "pct_route_boardings": 0.00013376557975575977, "latitude": 44.80425, "longitude": -73.086534 }, "geometry": { "type": "Point", "coordinates": [ -73.086534, 44.80425 ] } },
{ "type": "Feature", "properties": { "year": 2026.0, "month": "May", "route": 0.0, "stop_id": "806194", "stop_name": "S Main Street at Upper Weldon Street", "total_boardings": 75, "pct_total_boardings": 0.00059014226362835199, "pct_route_boardings": 0.00059014226362835199, "latitude": 44.806508, "longitude": -73.084709 }, "geometry": { "type": "Point", "coordinates": [ -73.084709, 44.806508 ] } },
{ "type": "Feature", "properties": { "year": 2026.0, "month": "May", "route": 0.0, "stop_id": "812017", "stop_name": "Essex Experience-Hannaford", "total_boardings": 43, "pct_total_boardings": 0.00033834823114692184, "pct_route_boardings": 0.00033834823114692184, "latitude": 44.506631, "longitude": -73.084664 }, "geometry": { "type": "Point", "coordinates": [ -73.084664, 44.506631 ] } },
{ "type": "Feature", "properties": { "year": 2026.0, "month": "May", "route": 0.0, "stop_id": "815361", "stop_name": "Thayer Housing", "total_boardings": 19, "pct_total_boardings": 0.00014950270678584917, "pct_route_boardings": 0.00014950270678584917, "latitude": 44.507586183650318, "longitude": -73.247246125760228 }, "geometry": { "type": "Point", "coordinates": [ -73.247246125760228, 44.507586183650318 ] } },
{ "type": "Feature", "properties": { "year": 2026.0, "month": "May", "route": 0.0, "stop_id": "815404", "stop_name": "Edmunds", "total_boardings": 1988, "pct_total_boardings": 0.015642704267908852, "pct_route_boardings": 0.015642704267908852, "latitude": 44.475857265390026, "longitude": -73.207563045196366 }, "geometry": { "type": "Point", "coordinates": [ -73.207563045196366, 44.475857265390026 ] } },
{ "type": "Feature", "properties": { "year": 2026.0, "month": "May", "route": 0.0, "stop_id": "815405", "stop_name": "North Ave. at Woodbury (Hunt School)", "total_boardings": 715, "pct_total_boardings": 0.0056260229132569558, "pct_route_boardings": 0.0056260229132569558, "latitude": 44.5118223, "longitude": -73.2513535 }, "geometry": { "type": "Point", "coordinates": [ -73.2513535, 44.5118223 ] } },
{ "type": "Feature", "properties": { "year": 2026.0, "month": "May", "route": 0.0, "stop_id": "815406", "stop_name": "HO Wheeler", "total_boardings": 388, "pct_total_boardings": 0.0030530026438373411, "pct_route_boardings": 0.0030530026438373411, "latitude": 44.487746190080578, "longitude": -73.213888839155175 }, "geometry": { "type": "Point", "coordinates": [ -73.213888839155175, 44.487746190080578 ] } },
{ "type": "Feature", "properties": { "year": 2026.0, "month": "May", "route": 0.0, "stop_id": "815407", "stop_name": "CP Smith Elementary School", "total_boardings": 110, "pct_total_boardings": 0.00086554198665491624, "pct_route_boardings": 0.00086554198665491624, "latitude": 44.512599963419312, "longitude": -73.242036893569093 }, "geometry": { "type": "Point", "coordinates": [ -73.242036893569093, 44.512599963419312 ] } },
{ "type": "Feature", "properties": { "year": 2026.0, "month": "May", "route": 0.0, "stop_id": "815412", "stop_name": "Raymond Pl", "total_boardings": 716, "pct_total_boardings": 0.0056338914767720006, "pct_route_boardings": 0.0056338914767720006, "latitude": 44.450168213506878, "longitude": -73.213042968665036 }, "geometry": { "type": "Point", "coordinates": [ -73.213042968665036, 44.450168213506878 ] } },
{ "type": "Feature", "properties": { "year": 2026.0, "month": "May", "route": 0.0, "stop_id": "820638", "stop_name": "Shelburne Road at Locust Street", "total_boardings": 88, "pct_total_boardings": 0.00069243358932393297, "pct_route_boardings": 0.00069243358932393297, "latitude": 44.463741453424014, "longitude": -73.207865710359897 }, "geometry": { "type": "Point", "coordinates": [ -73.207865710359897, 44.463741453424014 ] } },
{ "type": "Feature", "properties": { "year": 2026.0, "month": "May", "route": 0.0, "stop_id": "847926", "stop_name": "Birchwood Park", "total_boardings": 39, "pct_total_boardings": 0.00030687397708674305, "pct_route_boardings": 0.00030687397708674305, "latitude": 44.633361, "longitude": -73.150694 }, "geometry": { "type": "Point", "coordinates": [ -73.150694, 44.633361 ] } },
{ "type": "Feature", "properties": { "year": 2026.0, "month": "May", "route": 0.0, "stop_id": "849122", "stop_name": "King Street at Pine Street", "total_boardings": 206, "pct_total_boardings": 0.0016209240840992069, "pct_route_boardings": 0.0016209240840992069, "latitude": 44.474627262778469, "longitude": -73.215150119171767 }, "geometry": { "type": "Point", "coordinates": [ -73.215150119171767, 44.474627262778469 ] } },
{ "type": "Feature", "properties": { "year": 2026.0, "month": "May", "route": 0.0, "stop_id": "849473", "stop_name": "Flynn School Circle", "total_boardings": 113, "pct_total_boardings": 0.00088914767720005034, "pct_route_boardings": 0.00088914767720005034, "latitude": 44.517348114470991, "longitude": -73.259615134172691 }, "geometry": { "type": "Point", "coordinates": [ -73.259615134172691, 44.517348114470991 ] } }
]
}
